vehicle_id,manufacturer,model,vehicle_year,vehicle_type,fuel_type,transmission,engine_cc,mileage_kmpl,vehicle_price,units_sold,service_cost,manufacturing_region
VH02300,Mercedes-Benz,S-Class,2009,Van,Hybrid,CVT,2333.0,30.71,57375.04,4205,3193.1,Europe
VH03772,Nissan,Altima,2005,SUV,Petrol,DCT,3522.0,8.16,26908.48,3563,1378.76,Africa
VH00034,Volkswagen,ID.4,2011,Coupe,Hybrid,CVT,3124.0,15.43,32568.62,2195,,South Asia
VH01245,Audi,A4,2005,SUV,Electric,Manual,,10.5,67645.83,2174,3639.69,Africa
VH03051,Hyundai,Elantra,2015,Sedan,CNG,AMT,2606.0,13.25,23003.37,4110,1176.95,North America
VH02241,Kia,Sportage,2024,Convertible,Electric,AMT,,14.59,42137.35,3038,1111.84,Latin America
VH04138,Ram,Dakota,2016,Van,Hybrid,DCT,3254.0,23.35,24458.35,1994,,Middle East
VH04079,Land Rover,Range Rover,2005,SUV,Petrol,CVT,4423.0,19.04,-53085.21,1139,2923.11,Latin America
VH02441,Jeep,Compass,2024,SUV,CNG,DCT,4647.0,20.18,25728.9,736,897.63,Middle East
VH01913,Toyota,Camry,2006,Convertible,,CVT,3084.0,22.31,27406.02,4758,1506.77,South Asia
VH04293,Mazda,CX-30,2024,Coupe,LPG,AMT,3468.0,17.06,26605.04,2724,575.24,Africa
VH03979,Porsche,911,2014,SUV,Electric,Automatic,0.0,7.43,58731.69,4434,2665.96,Middle East
VH00498,Kia,Telluride,2010,Convertible,Electric,Automatic,0.0,14.22,40238.29,2412,2917.95,Europe
VH02700,Porsche,Macan,2017,SUV,Diesel,AMT,2264.0,15.17,53177.98,2385,1793.8,Middle East
VH04990,Honda,Civic,2007,Convertible,Diesel,AMT,2650.0,22.17,27854.68,4729,1191.17,Europe
VH04518,Ram,ProMaster,2008,Van,LPG,Manual,3209.0,10.12,24043.82,1951,1646.7,Asia Pacific
VH01452,Jeep,Grand Cherokee,2024,SUV,Electric,Manual,0.0,9.02,39592.22,3825,1288.73,South Asia
VH02991,Mercedes-Benz,GLC,2024,Van,LPG,Manual,1912.0,13.59,44293.46,4407,1442.01,Europe
VH02944,Volkswagen,ID.4,2015,Sedan,CNG,Automatic,1261.0,20.36,22852.77,595,908.96,South Asia
VH00928,Volkswagen,Passat,2020,Convertible,Diesel,Automatic,2594.0,19.4,26954.44,3656,945.07,North America
VH01324,Jeep,Grand Cherokee,2015,SUV,Diesel,Manual,3352.0,21.66,17063.81,138,1010.75,Asia Pacific
VH04895,Volvo,XC90,2017,Truck,CNG,AMT,4962.0,14.64,42548.22,511,2048.17,Middle East
VH02100,Mazda,Mazda3,2008,Sedan,Electric,Automatic,0.0,14.83,32633.47,1553,2048.53,North America
VH00732,Tesla,Model X,2023,SUV,Diesel,AMT,3211.0,10.56,45818.74,440,1289.14,Europe
VH00839,Audi,A4,2016,Van,LPG,Automatic,3040.0,11.3,51480.57,4875,2245.44,Middle East
VH02847,Honda,Ridgeline,2024,Convertible,Hybrid,DCT,3439.0,17.86,24258.83,175,629.6,South Asia
VH01993,BMW,3 Series,2019,Convertible,CNG,CVT,3004.0,12.25,31503.18,3172,1123.51,North America
VH02901,Hyundai,Sonata,2015,Hatchback,Diesel,AMT,1448.0,13.07,18832.11,2207,830.25,North America
VH00627,Porsche,Cayenne,2016,Coupe,Petrol,Manual,3337.0,12.62,,3548,,South Asia
VH01542,Hyundai,Sonata,2018,Sedan,Hybrid,Automatic,1798.0,22.0,24145.51,2190,941.53,Latin America
VH02510,Nissan,Rogue,2008,Wagon,LPG,,1568.0,,20908.2,1163,1236.05,Asia Pacific
VH00539,Porsche,Cayenne,2020,Convertible,Diesel,CVT,2402.0,18.93,46761.38,55,,North America
VH03691,Lexus,NX,2022,Hatchback,CNG,Automatic,1876.0,20.97,37251.97,1273,1311.29,Europe
VH02945,Mercedes-Benz,C-Class,2023,Coupe,Diesel,DCT,3244.0,,51939.91,3144,1698.48,Asia Pacific
VH03818,Hyundai,Santa Fe,2010,Van,LPG,Manual,2687.0,15.71,27137.41,4195,1223.06,North America
VH00606,Tesla,Cybertruck,2012,Sedan,Electric,Manual,0.0,14.87,64400.12,2716,2992.0,Asia Pacific
VH03400,Hyundai,Tucson,2015,Truck,Electric,AMT,0.0,6.94,37758.2,2354,1841.08,South Asia
VH02881,Volkswagen,ID.4,2010,Wagon,Electric,Manual,,7.71,31751.84,784,1719.63,Middle East
VH02437,Hyundai,Sonata,2013,Truck,Petrol,DCT,3415.0,18.75,27496.01,3623,,Africa
VH01770,Nissan,Rogue,2012,Wagon,Petrol,CVT,1907.0,16.47,27499.71,1097,1218.83,Latin America
VH00024,Toyota,Prius,2020,SUV,LPG,AMT,4892.0,16.01,27838.44,3946,971.3,Africa
VH02395,Ram,ProMaster,2010,Van,Electric,CVT,0.0,6.8,36860.72,3986,1592.77,Middle East
VH01201,  Tesla  ,Model X,2010,SUV, LPG ,AMT,3944.0,15.74,48200.83,3618,2830.95,Europe
VH00813,Volvo,XC60,2018,Van,,AMT,2399.0,,41660.29,799,1853.24,Africa
VH01174,Mercedes-Benz,E-Class,2014,Van,Electric,DCT,0.0,6.38,59321.62,1784,3025.86,Europe
VH00502,Jeep,Compass,2018,SUV,LPG,AMT,3559.0,9.85,22498.71,3278,648.37,Europe
VH02635,Porsche,Taycan,2022,Convertible,CNG,CVT,1903.0,19.13,42599.33,1658,1762.76,Africa
VH04795,Jeep,Gladiator,2019,SUV,Diesel,DCT,2899.0,14.65,30229.07,856,1271.66,South Asia
VH03143,Chevrolet,Equinox,2022,Sedan,Electric,CVT,0.0,14.6,31625.78,837,1231.47,South Asia
VH00466,Chevrolet,Colorado,2007,Sedan,CNG,DCT,1698.0,20.55,24335.42,1646,1615.66,Asia Pacific
VH01841,Volvo,XC40,2021,Wagon,Petrol,,1647.0,15.12,44873.41,4972,1642.15,Africa
VH03296,Land Rover,Evoque,2023,SUV,LPG,Automatic,3116.0,13.89,50097.76,561,,Middle East
VH03932,Mercedes-Benz,C-Class,2020,SUV,Diesel,DCT,1807.0,14.56,48415.41,893,1558.78,Europe
VH03648,Toyota,Camry,2021,SUV,Diesel,CVT,2232.0,11.14,30885.48,4963,995.82,Latin America
VH03572,Audi,Q7,2009,Truck,Diesel,AMT,4852.0,17.45,43808.85,4339,2083.39,Latin America
VH00880,Hyundai,Palisade,2013,Van,Petrol,Manual,2681.0,14.54,26977.68,3866,,North America
VH01384,Mazda,CX-9,2018,Wagon,Petrol,Automatic,3302.0,14.85,24994.49,1706,960.77,Europe
VH03665,Mercedes-Benz,AMG GT,2012,Wagon,Electric,AMT,0.0,9.33,54151.71,201,2161.64,Middle East
VH00107,Toyota,RAV4,2013,Coupe,Hybrid,DCT,2001.0,23.24,25987.38,3174,920.29,Middle East
VH01398,Lexus,GX,2009,Coupe,Petrol,DCT,2130.0,13.2,42643.69,4796,2360.4,Middle East
VH02747,Jeep,Gladiator,2011,SUV,CNG,,4710.0,21.03,25531.22,3501,981.76,Latin America
VH02146,Audi,Q7,2017,Wagon,LPG,CVT,2209.0,15.08,41895.32,3373,1501.34,Middle East
VH01345,Hyundai,Tucson,2012,Hatchback,Diesel,AMT,2008.0,24.25,26666.98,1891,1404.54,Europe
VH02187,Mazda,Mazda3,2010,SUV,Electric,DCT,0.0,8.84,32713.35,2553,,South Asia
VH04329,Honda,HR-V,2006,Truck,Electric,Automatic,0.0,6.54,35603.38,2179,1856.85,Africa
VH03337,Volvo,S60,2011,Van,LPG,AMT,3099.0,9.76,50033.35,3791,,Europe
VH01653,Nissan,Pathfinder,2021,Convertible,LPG,DCT,2958.0,17.22,22690.05,2485,669.02,Europe
VH01962,Mercedes-Benz,E-Class,2019,Van,CNG,CVT,3031.0,17.67,46524.55,3484,1517.21,Middle East
VH00734,Volvo,XC60,2010,Convertible,LPG,Automatic,1179.0,13.29,39210.95,320,1753.24,Europe
VH02139,Audi,e-tron,2015,SUV,Diesel,Manual,3360.0,13.93,56553.12,4080,2528.55,Asia Pacific
VH01058,Ram,Dakota,2021,Truck,Petrol,Manual,3598.0,9.04,29578.25,2195,1136.34,Middle East
VH04636,Toyota,Corolla,2017,SUV,,Automatic,4650.0,26.82,28772.2,1502,,Latin America
VH00712,Honda,Pilot,2017,Sedan,Electric,Manual,0.0,5.96,28309.47,2704,951.55,Asia Pacific
VH03703,Volvo,C40,2008,Truck,Diesel,CVT,5322.0,11.81,42570.54,3828,2728.63,Asia Pacific
VH00240,  Volkswagen  ,Atlas,2008,Wagon, Diesel ,DCT,3339.0,22.81,23707.25,4284,1414.34,Asia Pacific
VH00066,Audi,A6,2021,Coupe,Diesel,DCT,1599.0,22.03,,4898,1779.69,Middle East
VH00777,Chevrolet,Blazer,2016,SUV,Petrol,AMT,1605.0,19.89,26578.57,176,954.71,Africa
VH00411,Toyota,RAV4,2013,SUV,Electric,CVT,0.0,9.82,30318.41,2579,1555.25,South Asia
VH00531,Mazda,CX-30,2005,Truck,Diesel,DCT,4352.0,24.84,31134.5,2861,1897.66,South Asia
VH02147,Chevrolet,Blazer,2014,SUV,Electric,CVT,0.0,11.53,31853.46,3127,1775.24,South Asia
VH00590,Audi,A6,2022,Van,CNG,DCT,2396.0,21.32,39815.91,1142,1353.61,Asia Pacific
VH02693,  Mazda  ,CX-5,2016,Truck, LPG ,CVT,2720.0,12.64,32874.35,1885,1438.43,Middle East
VH03136,Mazda,Mazda3,2022,Van,Petrol,Automatic,3191.0,,29756.63,3925,1033.0,Africa
VH03639,Porsche,Panamera,2023,SUV,Electric,Manual,0.0,13.53,72557.59,2933,2902.09,Europe
VH03906,Volkswagen,Golf,2016,Hatchback,Hybrid,AMT,3368.0,15.47,25128.81,1579,1114.71,Asia Pacific
VH02760,Chevrolet,Blazer,2016,Sedan,LPG,DCT,1552.0,14.66,24072.38,2057,608.37,Asia Pacific
VH01616,Lexus,GX,2022,Truck,CNG,Manual,4744.0,16.02,47615.16,237,1528.77,Latin America
VH02415,Honda,Civic,2016,Hatchback,CNG,Manual,3099.0,16.85,19974.02,1632,901.73,Latin America
VH04880,Ram,Dakota,2006,Truck,Diesel,Manual,3695.0,15.34,28336.02,2024,2111.08,Europe
VH04128,Toyota,Tacoma,2018,Truck,Electric,AMT,0.0,11.67,40724.56,3575,1864.72,Africa
VH00562,Chevrolet,Blazer,2023,SUV,Hybrid,DCT,4592.0,25.44,26723.02,3213,945.23,North America
VH00085,Mazda,CX-30,2012,Coupe,CNG,Manual,1439.0,21.36,25542.9,2765,1381.35,Europe
VH04630,Toyota,Prius,2009,Sedan,Hybrid,Manual,2582.0,,27068.98,4707,1955.17,Middle East
VH03106,Porsche,911,2007,Convertible,CNG,Automatic,2271.0,13.13,34991.21,235,1326.33,Africa
VH02535,Subaru,WRX,2018,Truck,CNG,AMT,4540.0,16.89,24879.61,4959,972.83,Asia Pacific
VH02145,Hyundai,Santa Fe,2017,SUV,Petrol,CVT,2011.0,8.25,23812.88,1423,933.7,Africa
VH01527,Ford,Explorer,2010,SUV,Petrol,AMT,4204.0,14.32,29968.41,3405,1655.11,Europe
VH03248,Mercedes-Benz,E-Class,2019,Sedan,CNG,AMT,1684.0,17.01,37965.12,2033,1293.08,Middle East
VH00735,Subaru,Forester,2009,Coupe,,CVT,3446.0,34.03,28473.74,3818,1732.23,Asia Pacific
VH01363,Volkswagen,Jetta,2014,Hatchback,Hybrid,Automatic,1059.0,17.73,27410.47,1445,1342.87,Africa
VH03535,Ram,3500,2012,Van,Electric,AMT,0.0,5.06,,4987,1946.31,North America
VH00487,Volkswagen,Jetta,2008,Truck,LPG,DCT,3500.0,17.04,29216.19,3785,,North America
VH01505,Kia,Sportage,2014,Truck,Diesel,,4106.0,19.09,32541.68,2658,1613.61,Europe
VH03299,Audi,A6,2008,Sedan,Hybrid,Automatic,1773.0,,52293.39,4585,2587.7,Latin America
VH03451,Audi,e-tron,2010,Van,Electric,CVT,0.0,13.54,62652.09,1280,3885.62,Africa
VH04452,Chevrolet,Equinox,2010,SUV,Petrol,AMT,2435.0,18.5,33074.48,2538,1836.91,Latin America
VH03165,Audi,Q7,2015,SUV,CNG,CVT,2277.0,15.85,57842.22,4242,,North America
VH02973,Jeep,Compass,2010,SUV,Electric,DCT,0.0,14.63,27966.58,2538,1368.86,Middle East
VH01439,Honda,Ridgeline,2005,Truck,LPG,DCT,4448.0,17.52,24904.0,2171,1504.84,Africa
VH00180,Lexus,ES,2009,Sedan,Electric,CVT,0.0,6.44,48869.07,631,2718.41,Africa
VH01129,Kia,Carnival,2017,Convertible,LPG,Automatic,1815.0,12.91,28493.16,3046,,Asia Pacific
VH00080,Subaru,WRX,2015,Convertible,Hybrid,AMT,2230.0,26.99,28615.28,4226,949.46,Middle East
VH02585,Nissan,Pathfinder,2014,Convertible,Electric,Manual,0.0,9.31,37232.8,4931,1959.48,Latin America
VH01910,Tesla,Model 3,2020,SUV,LPG,Automatic,,17.64,46711.06,49,1478.05,Asia Pacific
VH02772,Ram,1500,2018,Truck,CNG,AMT,5910.0,14.34,31208.43,4169,,Asia Pacific
VH04873,Lexus,NX,2022,SUV,Hybrid,Manual,3549.0,27.35,-55970.18,4340,2352.8,Latin America
VH03104,Porsche,Cayenne,2006,Coupe,CNG,Automatic,1022.0,,41045.49,4950,1905.36,Africa
VH02946,Volkswagen,Jetta,2021,SUV,Diesel,Automatic,4760.0,24.01,24946.9,4278,845.85,North America
VH00200,Ford,Escape,2019,SUV,CNG,CVT,2352.0,12.99,25941.88,2922,871.62,Latin America
VH02136,Volkswagen,Passat,2021,Hatchback,Electric,CVT,,,27740.69,2031,1012.37,Latin America
VH00280,Ford,Edge,2010,Sedan,CNG,DCT,2046.0,20.88,21716.37,1027,667.01,South Asia
VH00908,Land Rover,Defender,2018,SUV,Hybrid,AMT,1973.0,33.49,70026.15,2616,2563.99,Latin America
VH03409,Mazda,CX-9,2009,Hatchback,CNG,Manual,1730.0,20.6,19041.31,3230,999.58,North America
VH01145,Volvo,V60,2024,Sedan,Diesel,Automatic,1037.0,19.65,50434.62,3447,1768.76,South Asia
VH00427,Porsche,Cayenne,2022,Coupe,CNG,AMT,1687.0,12.65,47446.78,4616,1526.13,Europe
VH01205,Subaru,Crosstrek,2020,Coupe,Electric,CVT,0.0,13.84,36154.91,4501,1165.15,Asia Pacific
VH01455,Ram,1500,2014,Truck,Hybrid,Manual,5436.0,34.48,30666.48,3675,1401.25,Africa
VH02679,Toyota,Corolla,2014,Truck,Petrol,CVT,4851.0,18.64,29371.45,874,1116.89,North America
VH02928,TOYOTA,Prius,2019,Sedan,cng,DCT,,18.24,27408.77,3894,1243.96,Middle East
VH02214,BMW,5 Series,2016,Sedan,Diesel,Automatic,2251.0,10.9,44328.59,3541,2009.36,Asia Pacific
VH00158,Mercedes-Benz,GLE,2016,Truck,Petrol,,,13.26,55631.78,3920,2775.24,Europe
VH02493,Tesla,Model S,2023,Sedan,LPG,DCT,3168.0,10.55,42868.98,1202,1561.32,Asia Pacific
VH04177,Hyundai,Tucson,2020,Wagon,LPG,CVT,3483.0,10.61,22276.87,3884,867.46,South Asia
VH04577,Porsche,Taycan,2009,Coupe,Petrol,AMT,1324.0,18.88,51567.71,4133,2482.03,Africa
VH04151,Kia,Soul,2015,Coupe,LPG,CVT,1816.0,11.64,24279.79,672,1113.52,Asia Pacific
VH00229,Chevrolet,Equinox,2020,Truck,LPG,Auto,4941.0,11.72,31483.75,3573,1356.95,Europe
VH03201,Kia,Carnival,2015,Hatchback,Hybrid,Manual,3358.0,32.65,21232.62,4007,992.07,Latin America
VH00927,Volkswagen,Passat,2024,Hatchback,Electric,Manual,0.0,10.19,30132.96,2802,925.91,Europe
VH04296,Mazda,Mazda3,2021,Sedan,CNG,,1435.0,17.08,22109.66,4232,816.85,Asia Pacific
VH01621,Toyota,Highlander,2007,Sedan,Electric,DCT,0.0,8.19,33196.52,3913,1986.76,Africa
VH00030,Toyota,Camry,2020,Convertible,Electric,Manual,0.0,14.25,33362.8,853,,North America
VH04014,Chevrolet,Tahoe,2024,SUV,Hybrid,Automatic,1503.0,25.04,29307.76,2088,600.35,Latin America
VH01056,Mazda,MX-5 Miata,2012,SUV,Electric,DCT,0.0,9.0,39688.27,1187,2038.66,Africa
VH04003,Volvo,C40,2023,Convertible,LPG,Manual,,,52049.94,1452,1602.66,Middle East
VH00469,Tesla,Model Y,2012,Sedan,LPG,CVT,1658.0,12.2,45164.71,1518,1919.65,Europe
VH02158,Mercedes-Benz,GLC,2023,Truck,CNG,CVT,5753.0,14.34,43485.0,3166,1221.05,Middle East
VH00671,  Ram  ,ProMaster,2006,Truck, Hybrid ,DCT,3212.0,19.83,35086.62,332,1783.35,South Asia
VH04344,Mercedes-Benz,S-Class,2016,Van,Petrol,CVT,1863.0,18.23,49765.0,3713,2056.43,North America
VH04155,BMW,5 Series,2019,Sedan,Petrol,Manual,2857.0,14.49,48197.53,75,1809.12,South Asia
VH01483,Chevrolet,Equinox,2011,Truck,Hybrid,Automatic,2537.0,29.3,31280.05,2122,1948.21,North America
VH01428,BMW,X3,2007,Van,Hybrid,Manual,2886.0,25.4,51582.04,4724,3468.61,Asia Pacific
VH03025,BMW,3 Series,2017,Hatchback,LPG,,1411.0,,40252.77,4748,1576.64,South Asia
VH02611,Audi,Q7,2015,Hatchback,Diesel,Automatic,2936.0,17.31,42127.07,708,1694.79,Africa
VH00152,Land Rover,Defender,2012,SUV,LPG,,2728.0,9.16,41234.21,1010,2031.91,Asia Pacific
VH00656,Lexus,GX,2022,Sedan,Electric,AMT,0.0,12.09,66883.79,173,2186.96,Europe
VH02804,BMW,7 Series,2024,Van,Diesel,AMT,2237.0,17.31,38925.95,3885,1393.41,Middle East
VH02518,Lexus,GX,2006,Van,Petrol,DCT,3424.0,14.28,47643.02,1884,,Asia Pacific
VH00241,Ram,ProMaster,2015,Van,LPG,Automatic,2552.0,12.01,21895.46,3162,,Asia Pacific
VH00625,Kia,Forte,2015,Convertible,Hybrid,CVT,1338.0,17.34,26786.02,463,1390.64,Asia Pacific
VH04054,SUBARU,Legacy,2007,Truck,petrol,DCT,4011.0,9.52,23878.26,463,1232.21,North America
VH04101,Land Rover,Defender,2009,SUV,Electric,Automatic,0.0,12.46,58901.16,529,2925.32,South Asia
VH00334,Ram,1500,2017,Van,N/A,,2816.0,,24020.1,4907,886.25,Asia Pacific
VH04048,Toyota,Corolla,2022,Sedan,Electric,AMT,0.0,7.63,35415.03,4631,1240.55,Latin America
VH04464,Mazda,CX-5,2009,Wagon,Petrol,Automatic,2640.0,17.84,24857.64,1100,1196.47,South Asia
VH03258,BMW,X5,2022,Convertible,Petrol,AMT,2608.0,10.54,43940.15,768,1508.92,North America
VH00169,Chevrolet,Malibu,2011,Truck,Hybrid,AMT,3344.0,21.61,34536.97,2414,1422.49,Africa
VH03117,Jeep,Wrangler,2018,SUV,LPG,Manual,3484.0,17.03,25195.53,4596,1139.62,South Asia
VH04529,Volkswagen,ID.4,2007,Truck,Electric,DCT,0.0,13.64,30903.61,4794,1938.06,Latin America
VH04553,  Audi  ,A6,2019,Wagon, Diesel ,Manual,1665.0,17.21,48457.4,2645,1994.08,Asia Pacific
VH00600,Kia,Carnival,2012,Truck,Petrol,Automatic,5812.0,8.84,24158.47,1947,1302.89,Latin America
VH00297,Mazda,Mazda6,2009,Truck,Diesel,AMT,4223.0,10.08,31094.74,4682,1626.78,Africa
VH02292,Ford,Explorer,2024,Sedan,Hybrid,AMT,1645.0,22.17,27071.91,2465,809.63,Europe
VH01715,Hyundai,Elantra,2006,Hatchback,CNG,Automatic,1817.0,19.05,19724.45,420,1183.47,South Asia
VH04649,Ram,3500,2018,Van,LPG,Automatic,2404.0,11.76,28309.68,3869,1399.52,Europe
VH04975,Nissan,Pathfinder,2023,Wagon,CNG,,1956.0,16.54,21261.53,1415,601.9,Europe
VH04482,Porsche,911,2016,Coupe,Hybrid,Automatic,3150.0,31.25,50256.59,4137,2018.73,Middle East
VH03361,Land Rover,Range Rover,2022,SUV,Electric,AMT,0.0,,74891.65,3279,2597.98,North America
VH01175,Kia,Carnival,2008,Truck,Diesel,,6107.0,23.73,32392.84,4002,1699.89,North America
VH04918,Jeep,Renegade,2009,SUV,Electric,DCT,0.0,13.06,37008.93,4632,1996.61,South Asia
VH03865,Kia,Carnival,2006,SUV,LPG,AMT,1534.0,11.08,18249.9,2106,1078.95,Middle East
VH00811,Chevrolet,Equinox,2007,Truck,LPG,CVT,4766.0,11.03,27971.88,995,1244.22,Europe
VH01352,BMW,3 Series,2015,Sedan,Hybrid,DCT,2859.0,33.98,56224.39,2584,2427.06,North America
VH01973,Jeep,Renegade,2022,SUV,LPG,Automatic,2115.0,15.7,27738.75,1654,607.3,Europe
VH03373,Hyundai,Santa Fe,2006,Convertible,Hybrid,Automatic,2278.0,26.65,,2162,1680.19,South Asia
VH01554,Toyota,Highlander,2010,Convertible,Diesel,AMT,1270.0,24.62,35521.34,1545,2231.86,Middle East
VH00554,BMW,5 Series,2007,Hatchback,LPG,AMT,1682.0,13.75,,2775,1293.24,Latin America
VH01520,  Nissan  ,Murano,2006,Convertible, CNG ,DCT,2290.0,15.85,28590.67,276,1018.56,Europe
VH01877,BMW,X5,2012,Sedan,CNG,Manual,3238.0,13.2,42588.21,4907,1696.49,Africa
VH01421,Kia,Sportage,2006,Van,Electric,Automatic,0.0,9.37,29789.3,1250,1706.69,South Asia
VH04241,Audi,A3,2018,Wagon,Diesel,DCT,1486.0,12.84,52366.35,3467,1510.04,North America
VH00764,Porsche,Boxster,2009,SUV,Diesel,Automatic,4091.0,23.9,,3649,,Africa
VH02521,Mazda,CX-30,2009,Wagon,Hybrid,Automatic,1154.0,34.88,31517.54,4877,,North America
VH00722,Mazda,CX-5,2007,Wagon,Electric,Manual,0.0,8.52,35951.25,4853,2585.56,South Asia
VH01376,Mercedes-Benz,GLC,2015,SUV,Petrol,CVT,2357.0,8.07,53684.21,192,2534.34,South Asia
VH00682,Ford,Explorer,2012,Sedan,LPG,AMT,1634.0,11.07,,645,1702.4,South Asia
VH02233,Nissan,Altima,2005,Sedan,Petrol,Manual,2579.0,14.59,25156.05,2887,1290.22,Middle East
VH04327,Chevrolet,Malibu,2019,Sedan,LPG,CVT,1779.0,10.89,25570.78,1189,1123.07,Africa
VH02916,Porsche,Macan,2019,Coupe,Petrol,CVT,2185.0,13.09,46122.24,785,1517.03,Europe
VH03902,Hyundai,Palisade,2014,Truck,Petrol,CVT,2612.0,15.35,35120.66,1441,1189.89,Europe
VH01539,Jeep,Compass,2011,SUV,Hybrid,AMT,2271.0,19.35,,562,1284.97,Africa
VH02046,Kia,Carnival,2021,Van,LPG,,2040.0,14.57,22949.08,2839,569.19,Latin America
VH02068,Toyota,Prius,2007,SUV,Petrol,DCT,1522.0,16.93,31416.67,4824,1870.2,Middle East
VH01594,Porsche,Boxster,2005,Coupe,Diesel,AMT,3452.0,15.06,50300.42,2841,3026.37,Latin America
VH02701,Mazda,CX-30,2013,Van,LPG,CVT,2863.0,15.93,24948.74,1695,1316.5,Latin America
VH00228,,Defender,2018,SUV,Diesel,Manual,3542.0,16.74,54039.7,202,2011.88,Middle East
VH03955,Toyota,Tacoma,2015,Convertible,Diesel,Manual,1032.0,21.97,30912.28,2163,1281.52,North America
VH00545,Honda,CR-V,2022,Sedan,Hybrid,Manual,3328.0,17.48,26713.16,3756,1092.17,Europe
VH04009,Chevrolet,Tahoe,2013,SUV,Electric,Manual,0.0,7.14,27953.82,2485,1476.12,South Asia
VH03730,Mercedes-Benz,GLC,2007,Coupe,Diesel,Manual,1208.0,24.71,55828.12,2002,3195.39,Europe
VH03227,Tesla,Model S,2024,SUV,Electric,Automatic,0.0,5.52,55886.41,1670,1541.86,North America
VH03249,Ford,Mustang,2008,Sedan,CNG,Automatic,3076.0,12.93,24853.87,1558,838.12,Asia Pacific
VH02165,Volkswagen,Atlas,2022,SUV,Electric,Manual,0.0,6.01,29555.67,4474,1270.59,North America
VH02749,Audi,A4,2021,Hatchback,Hybrid,Manual,3056.0,32.21,51528.7,1622,1566.72,Middle East
VH00765,Lexus,RX,2007,SUV,Electric,Manual,0.0,11.48,67657.81,2638,3914.92,South Asia
VH02277,Nissan,Rogue,2022,Convertible,CNG,CVT,1344.0,17.19,24372.93,3828,857.79,Africa
VH03653,Ford,Mustang,2024,Sedan,,CVT,2622.0,16.29,25583.7,4017,710.45,South Asia
VH00249,Volvo,S60,2013,SUV,Electric,AMT,0.0,14.33,72532.1,3164,3296.22,Europe
VH04828,Ram,Dakota,2013,Van,Hybrid,Automatic,2376.0,21.69,28814.76,1449,1253.52,Africa
VH01243,Mazda,CX-5,2011,SUV,LPG,AMT,4350.0,12.12,21513.41,2595,1065.71,Middle East
VH00812,Volvo,XC90,2015,Convertible,Hybrid,Automatic,2537.0,32.81,65826.26,2874,3424.82,Middle East
VH04142,Subaru,WRX,2005,SUV,Petrol,Manual,4556.0,,30015.76,258,1836.87,Asia Pacific
VH02312,Lexus,ES,2022,Convertible,Petrol,CVT,3468.0,10.94,42044.93,2011,1530.89,Asia Pacific
VH03893,Ram,3500,2007,Van,,DCT,,17.12,23724.66,228,1160.84,North America
VH00997,  Mazda  ,CX-5,2005,Truck, Electric ,Automatic,0.0,13.29,40342.91,2837,2564.44,South Asia
VH02776,Honda,Accord,2012,SUV,LPG,Manual,,10.92,24443.88,2514,1099.9,North America
VH04387,BMW,7 Series,2020,Coupe,LPG,DCT,3464.0,15.9,56276.56,1275,1829.85,Africa
VH03216,Audi,Q5,2021,Wagon,Diesel,,3308.0,19.0,50963.16,2138,1892.2,Asia Pacific
VH01159,  Volkswagen  ,ID.4,2006,Van, Hybrid ,AMT,2313.0,34.82,24979.85,2507,1247.8,Africa
VH04326,Ram,3500,2022,Van,CNG,AMT,2801.0,20.63,23315.37,4554,984.98,Middle East
VH02664,BMW,M3,2019,Wagon,Diesel,DCT,2449.0,15.27,43293.58,4170,1355.34,Asia Pacific
VH01118,VOLVO,C40,2006,Hatchback,petrol,Manual,2162.0,10.5,37371.39,1511,2058.82,Latin America
VH01050,Volkswagen,ID.4,2016,Hatchback,Diesel,AMT,2603.0,15.11,25451.16,4055,951.25,Middle East
VH04199,Hyundai,Kona,2005,Van,,Automatic,,15.22,27513.31,3457,1628.25,North America
VH01232,Ram,2500,2024,Truck,Petrol,Manual,2827.0,12.2,22070.8,2,656.41,North America
VH00678,Jeep,Grand Cherokee,2018,SUV,,CVT,,19.38,23640.07,3545,1026.36,Europe
VH02993,Land Rover,Defender,2009,SUV,Petrol,AMT,1644.0,9.39,47069.64,710,2787.6,North America
VH00081,BMW,X5,2007,Hatchback,Electric,Automatic,0.0,5.88,52862.77,3645,2682.62,Latin America
VH03222,Honda,CR-V,2010,Sedan,CNG,DCT,1028.0,21.18,25128.7,4377,1339.51,North America
VH02448,Volvo,S60,2013,Sedan,Hybrid,Manual,3427.0,16.32,47274.02,1227,2112.04,Asia Pacific
VH00801,Land Rover,Discovery,2015,SUV,Hybrid,CVT,3614.0,33.09,60260.99,2520,3004.63,Asia Pacific
VH01610,Hyundai,Palisade,2007,Sedan,Petrol,DCT,3451.0,11.9,24376.53,4612,1198.46,Asia Pacific
VH04445,Nissan,Rogue,2012,Sedan,LPG,CVT,2840.0,17.44,23482.3,3250,1022.24,Africa
VH00556,Volkswagen,Passat,2012,Sedan,CNG,CVT,2483.0,17.91,21948.56,3636,685.78,Middle East
VH04400,Toyota,Corolla,2019,Coupe,LPG,CVT,1724.0,16.03,26656.14,1656,1352.82,Europe
VH04967,Chevrolet,Blazer,2015,Sedan,Hybrid,AMT,2894.0,31.82,24661.44,4195,855.19,Middle East
VH03976,Chevrolet,Silverado,2008,SUV,CNG,Automatic,4363.0,18.35,27384.84,2270,1639.9,South Asia
VH03341,Porsche,Taycan,2007,Coupe,Hybrid,AMT,1831.0,31.64,50635.63,3011,3012.39,Latin America
VH03616,Tesla,Model 3,2014,Sedan,LPG,,1067.0,16.78,40406.99,3384,1929.35,Middle East
VH04415,Subaru,Outback,2015,Van,Hybrid,CVT,2477.0,28.38,29251.14,1400,1475.18,Africa
VH01392,MERCEDES-BENZ,GLE,2020,Convertible,lpg,AMT,3447.0,17.91,46329.89,2300,1829.12,North America
VH00089,Audi,Q7,2021,Wagon,Hybrid,Manual,3420.0,23.85,53153.67,2293,1977.99,Middle East
VH04969,Toyota,RAV4,2009,Sedan,CNG,CVT,1090.0,13.45,20421.28,3375,1074.73,Asia Pacific
VH02210,Toyota,Corolla,2024,Convertible,Petrol,DCT,2598.0,10.52,29035.2,4919,898.69,South Asia
VH00009,BMW,X5,2014,SUV,CNG,CVT,1954.0,16.76,42372.45,2823,2119.34,Africa
VH03708,  Jeep  ,Gladiator,2022,SUV, Hybrid ,CVT,1669.0,23.19,29711.4,823,915.55,North America
VH01757,Volkswagen,Tiguan,2021,Wagon,Petrol,CVT,1396.0,16.23,26894.41,4836,1098.46,South Asia
VH02459,Chevrolet,Tahoe,2018,Truck,Diesel,DCT,3845.0,21.35,32905.52,4353,1160.64,Latin America
VH02999,Kia,Soul,2015,Hatchback,Electric,CVT,0.0,7.41,27131.35,1895,1076.4,Europe
VH01222,Ford,Edge,2021,Sedan,Electric,DCT,0.0,14.44,30585.22,370,1224.95,North America
VH01745,Tesla,Model X,2013,Sedan,,DCT,1501.0,23.1,41823.91,2633,1979.36,Europe
VH04917,Mercedes-Benz,E-Class,2016,Coupe,LPG,CVT,1981.0,13.84,45569.2,2003,2054.7,Asia Pacific
VH00145,Toyota,Tacoma,2005,Coupe,Hybrid,DCT,1657.0,15.59,27026.59,3387,1483.43,South Asia
VH03756,Volkswagen,Tiguan,2015,SUV,Diesel,Automatic,4187.0,19.07,24749.84,3377,1017.28,North America
VH03072,Volvo,S60,2024,Sedan,Petrol,AMT,1421.0,14.15,39434.99,1623,1319.62,Europe
VH01478,Audi,A6,2014,Sedan,Petrol,DCT,2411.0,19.6,30568.03,18,1417.85,Africa
VH01469,Hyundai,Tucson,2010,Wagon,Electric,Manual,0.0,5.36,34658.5,216,1903.31,Latin America
VH02608,Mazda,MX-5 Miata,2016,SUV,Petrol,Manual,2337.0,17.44,31065.38,3276,1432.89,Middle East
VH02202,Tesla,Cybertruck,2009,Sedan,CNG,AMT,2255.0,12.57,45688.29,3452,2435.09,Africa
VH00799,,Palisade,2022,Truck,LPG,Manual,3541.0,13.67,30252.48,1721,1080.76,North America
VH04789,Toyota,Prius,2021,Wagon,Electric,CVT,0.0,11.39,31466.97,1789,688.31,Africa
VH01893,Ram,ProMaster,2010,Truck,Diesel,CVT,4055.0,21.98,31027.69,934,1629.5,Latin America
VH02788,Audi,e-tron,2017,Van,Diesel,AMT,3361.0,14.46,46601.72,1476,1846.17,Europe
VH00747,Toyota,Prius,2006,Hatchback,,CVT,1816.0,16.51,24580.27,63,1223.74,Asia Pacific
VH04394,Lexus,RX,2013,Wagon,Diesel,Manual,1837.0,18.43,50439.02,4980,1922.15,Europe
VH04320,Jeep,Wrangler,2019,SUV,LPG,Manual,3295.0,9.08,26407.81,923,951.26,South Asia
VH02390,Hyundai,Elantra,2008,SUV,Diesel,AMT,2624.0,17.47,25185.07,1631,1065.57,Middle East
VH00101,Nissan,Sentra,2017,Wagon,Petrol,CVT,1547.0,16.51,28340.59,4421,1043.63,Europe
VH03920,Hyundai,Palisade,2017,SUV,Hybrid,DCT,2530.0,25.88,30212.16,129,1126.27,Latin America
VH01814,Subaru,WRX,2018,Truck,CNG,,4776.0,12.77,29349.63,3869,1062.28,Middle East
VH03387,Hyundai,Tucson,2010,Hatchback,Electric,AMT,0.0,7.38,29986.56,2304,2052.31,South Asia
VH00706,BMW,5 Series,2005,Truck,Electric,DCT,0.0,8.03,68066.16,1883,5222.25,Africa
VH04920,Jeep,Cherokee,2019,SUV,Petrol,DCT,3351.0,10.33,25118.71,3591,843.45,Europe
VH04835,Lexus,GX,2006,Coupe,Electric,DCT,0.0,11.86,57463.59,3001,3992.45,Latin America
VH01935,Honda,Ridgeline,2017,Hatchback,Diesel,AMT,2698.0,15.15,24825.07,4272,949.01,North America
VH02837,Hyundai,Elantra,2019,Hatchback,Diesel,DCT,2314.0,17.35,20263.29,2873,614.84,Latin America
VH00506,,Model 3,2010,SUV,Electric,Manual,0.0,8.88,55835.58,3464,2772.07,Latin America
VH02754,Porsche,Boxster,2019,Convertible,Electric,Manual,0.0,10.07,59979.44,1625,2352.31,Latin America
VH02111,BMW,5 Series,2015,Convertible,Diesel,AMT,,19.16,44657.59,3549,1945.51,Africa
VH00417,BMW,5 Series,2023,Truck,Hybrid,CVT,4350.0,30.12,63487.78,1800,1407.75,Europe
VH02155,Kia,Sorento,2018,Sedan,CNG,AMT,2817.0,17.41,24059.79,3758,1039.48,Latin America
VH04278,Chevrolet,Blazer,2015,SUV,Petrol,DCT,4519.0,18.15,30501.79,2196,1209.95,North America
VH03414,Mercedes-Benz,E-Class,2012,Convertible,CNG,AMT,2928.0,18.55,47252.35,1131,2248.94,Europe
VH02474,Honda,HR-V,2021,SUV,Electric,Automatic,0.0,9.31,36660.4,3432,1172.55,Middle East
VH04540,Toyota,Tacoma,2013,Van,Hybrid,Manual,2936.0,21.31,30099.16,4610,1380.59,Africa
VH01184,Lexus,ES,2023,Wagon,CNG,Automatic,2184.0,20.75,36781.6,4782,1441.42,Middle East
VH00890,Hyundai,Sonata,2015,Sedan,,AMT,1324.0,18.95,22353.11,4660,785.86,Africa
VH04167,Mercedes-Benz,GLE,2006,Wagon,CNG,CVT,1051.0,15.17,46471.8,911,2299.95,North America
VH03380,Kia,Forte,2017,Sedan,LPG,Manual,2191.0,14.07,27014.89,3128,1096.71,Africa
VH02926,Kia,Carnival,2005,Wagon,Diesel,CVT,3093.0,19.32,21986.39,4657,953.85,North America
VH04937,  Nissan  ,Sentra,2013,Coupe, LPG ,DCT,2159.0,9.24,27629.17,693,1458.75,South Asia
VH02743,Honda,HR-V,2006,Sedan,Diesel,Automatic,2242.0,24.78,24791.74,1717,1598.25,Asia Pacific
VH02355,Chevrolet,Silverado,2010,Truck,Petrol,AMT,2756.0,19.92,28855.36,4888,1168.87,Latin America
VH04900,Mercedes-Benz,GLC,2013,Hatchback,Diesel,CVT,1402.0,23.77,43462.71,4150,2086.21,Latin America
VH04446,Subaru,Forester,2013,Coupe,Petrol,CVT,3012.0,17.11,28680.92,1459,1338.37,Africa
VH03839,Mercedes-Benz,AMG GT,2009,SUV,Diesel,CVT,3561.0,24.81,55024.94,831,3521.97,Latin America
VH00692,KIA,Sportage,2018,Van,lpg,Automatic,2373.0,14.5,27518.73,3866,1192.3,Middle East
VH00298,Hyundai,Palisade,2011,Wagon,Petrol,DCT,3470.0,14.78,26019.3,1866,1203.13,Asia Pacific
VH00684,Kia,Sportage,2009,Wagon,Petrol,CVT,3310.0,17.18,26473.08,1946,1109.53,Africa
VH01742,Nissan,Murano,2023,Sedan,Diesel,Automatic,,,26179.36,1407,990.95,Middle East
VH02338,BMW,X3,2020,Van,LPG,Manual,1839.0,10.17,43628.08,1585,1388.45,Africa
VH04658,Land Rover,Discovery,2016,SUV,Hybrid,DCT,4228.0,21.88,60125.88,708,2635.82,South Asia
VH03054,Nissan,Pathfinder,2008,Truck,LPG,Automatic,4719.0,17.72,27014.85,58,1670.35,Latin America
VH00231,Hyundai,Elantra,2019,Sedan,Diesel,DCT,3267.0,16.29,26063.26,2014,916.61,Middle East
VH00423,  Kia  ,Forte,2006,Hatchback, Diesel ,Manual,2401.0,17.58,24247.52,2063,1688.58,South Asia
VH04705,Tesla,Model Y,2007,Sedan,Petrol,CVT,3130.0,9.74,45758.43,4410,1620.8,North America
VH04908,Honda,CR-V,2022,Truck,LPG,Automatic,5511.0,13.42,25200.89,4053,690.59,Middle East
VH03389,Land Rover,Evoque,2023,SUV,Hybrid,Manual,4558.0,16.31,48473.24,2652,1238.39,Africa
VH01216,AUDI,Q5,2007,Truck,petrol,CVT,5366.0,11.97,46995.7,3504,3301.07,Africa
VH02035,Mercedes-Benz,GLE,2012,Convertible,Petrol,Manual,2785.0,12.16,59641.17,3378,3060.76,South Asia
VH04831,Toyota,Tacoma,2016,Wagon,Diesel,Manual,2441.0,11.69,24959.96,2664,1111.37,South Asia
VH01906,Mercedes-Benz,E-Class,2022,SUV,Diesel,DCT,3617.0,17.9,53089.0,717,1522.27,North America
VH03483,Subaru,WRX,2007,Hatchback,CNG,AMT,1239.0,21.46,22030.01,2464,1265.62,Europe
VH01433,Mazda,CX-5,2008,Coupe,Petrol,Manual,3193.0,11.31,26155.43,4600,1271.96,Asia Pacific
VH01040,MERCEDES-BENZ,GLC,2020,Hatchback,hybrid,DCT,2596.0,32.99,35254.29,3172,1418.66,Latin America
VH00878,BMW,M3,2014,Hatchback,Hybrid,CVT,3203.0,25.94,52891.64,789,,Latin America
VH02079,Mercedes-Benz,GLE,2009,Coupe,Hybrid,Manual,3125.0,18.02,46110.66,1081,2584.95,North America
VH01506,BMW,3 Series,2017,Hatchback,Petrol,Manual,3140.0,11.74,40307.63,192,2045.8,South Asia
VH00766,Kia,Forte,2021,Wagon,Petrol,Automatic,2244.0,18.54,23438.01,4536,776.92,Africa
VH02645,Lexus,ES,2005,SUV,Electric,DCT,0.0,10.78,57980.93,2139,3341.47,Latin America
VH02663,Audi,A4,2015,SUV,CNG,CVT,4936.0,20.37,52896.19,4977,2713.33,Middle East
VH03759,Ram,3500,2020,Truck,LPG,CVT,5036.0,12.83,27847.23,3460,913.79,South Asia
VH00643,Jeep,Renegade,2013,SUV,Petrol,Automatic,4929.0,14.3,29392.1,2073,1234.8,Asia Pacific
VH04095,Audi,e-tron,2010,SUV,LPG,AMT,4014.0,10.59,46835.45,4338,,Africa
VH04797,Lexus,LS,2006,Sedan,Hybrid,DCT,2223.0,16.13,52966.57,4378,3573.0,Asia Pacific
VH03771,Tesla,Model X,2014,Sedan,LPG,AMT,2653.0,11.73,39602.69,4638,1562.46,North America
VH00843,Mazda,CX-30,2020,Sedan,Hybrid,Manual,2126.0,30.03,23868.13,1864,876.89,Middle East
VH01737,Kia,Soul,2013,Wagon,Petrol,AMT,2957.0,,25997.92,2290,1168.94,Africa
VH03354,BMW,X3,2012,Hatchback,Electric,DCT,0.0,8.21,50567.2,3363,2799.31,Middle East
VH03408,Subaru,Forester,2024,Hatchback,CNG,DCT,1926.0,18.25,19863.81,1326,559.12,South Asia
VH01894,Jeep,Wrangler,2008,SUV,LPG,Manual,3876.0,11.89,26799.17,1539,,North America
VH01026,Lexus,IS,2024,Truck,Petrol,Automatic,2535.0,17.76,53067.23,1372,1683.17,South Asia
VH00374,Land Rover,Evoque,2020,SUV,CNG,Automatic,3737.0,19.83,53658.38,1964,2259.72,Africa
VH02649,Lexus,NX,2014,Truck,LPG,Manual,3572.0,15.87,50322.51,4136,2717.34,Africa
VH00430,Porsche,Panamera,2022,Coupe,CNG,DCT,2370.0,21.04,42890.3,894,1465.39,Africa
VH01262,Porsche,911,2008,SUV,Diesel,CVT,3041.0,22.53,63880.13,4900,2939.41,Europe
VH00970,Volvo,XC90,2010,Wagon,Hybrid,CVT,2111.0,33.7,53382.54,3099,3424.55,North America
VH00150,Land Rover,Discovery,2010,SUV,Hybrid,DCT,3369.0,26.5,43141.79,685,2254.49,Asia Pacific
VH01261,Lexus,RX,2005,SUV,Diesel,DCT,,19.78,52077.94,1435,3694.08,Middle East
VH04973,Volvo,V60,2006,Hatchback,Petrol,CVT,1322.0,10.12,52633.06,690,3267.51,Europe
VH02805,Tesla,Model X,2017,Sedan,Petrol,Manual,1156.0,12.69,40500.4,2278,1410.81,South Asia
VH04468,Volkswagen,Passat,2024,Truck,Hybrid,DCT,2776.0,17.68,36388.86,460,1291.74,Europe
VH02058,Mazda,Mazda3,2010,Van,Diesel,DCT,2091.0,20.16,26873.97,1321,1353.54,Latin America
VH00492,  Land Rover  ,Freelander,2008,SUV, Electric ,Automatic,0.0,10.84,61169.88,831,4642.93,Latin America
VH04933,Volvo,S60,2006,SUV,LPG,DCT,2689.0,11.9,44082.23,1482,2918.41,Asia Pacific
VH02385,BMW,3 Series,2015,Wagon,CNG,Manual,2445.0,16.97,36500.73,3465,1454.67,North America
VH00013,Subaru,Forester,2020,Coupe,LPG,Automatic,2178.0,16.03,23034.54,3526,749.78,Middle East
VH00094,Mazda,CX-9,2008,Van,Diesel,Manual,2291.0,10.54,27173.73,3282,1649.96,Latin America
VH03367,Mazda,CX-9,2020,Truck,,Manual,3906.0,20.64,26462.35,3586,1152.0,Asia Pacific
VH04212,BMW,5 Series,2011,Van,Petrol,AMT,2273.0,19.96,49764.18,4077,1993.8,North America
VH02017,Nissan,Frontier,2023,Sedan,Diesel,Automatic,3441.0,10.48,26680.21,800,895.69,Asia Pacific
VH03817,Ford,Explorer,2018,Truck,Diesel,AMT,2960.0,10.21,31861.46,164,1500.99,North America
VH04440,Volkswagen,Passat,2016,Wagon,Petrol,Manual,2692.0,9.49,28560.02,3587,1719.36,Asia Pacific
VH04002,Lexus,LS,2019,Van,CNG,Automatic,3188.0,12.09,45943.23,3934,2191.86,North America
VH03748,Porsche,Macan,2015,Coupe,Petrol,Automatic,1407.0,12.47,54244.56,3146,2451.65,South Asia
VH01221,BMW,X5,2011,Coupe,Petrol,Automatic,2067.0,16.78,51293.1,2534,2145.35,North America
VH03662,Chevrolet,Silverado,2010,Truck,LPG,DCT,,16.01,30016.52,4784,,Asia Pacific
VH02380,Kia,Soul,2014,Hatchback,CNG,CVT,1628.0,19.31,21139.84,4490,1097.94,Middle East
VH01095,Porsche,Boxster,2015,Coupe,Diesel,Manual,2739.0,18.77,50613.91,1460,1875.75,Europe
VH00882,Porsche,Macan,2011,Coupe,Diesel,CVT,2400.0,18.05,53054.55,496,2500.67,Europe
VH04097,Jeep,Renegade,2013,SUV,Petrol,Automatic,3073.0,17.89,28307.27,4284,805.48,North America
VH03185,Toyota,Camry,2010,Van,CNG,Manual,3121.0,13.9,20945.2,775,1232.7,Latin America
VH02054,Chevrolet,Blazer,2018,SUV,Electric,DCT,0.0,14.72,40938.96,2611,1388.06,Latin America
VH01633,Ford,Mustang,2017,Truck,Hybrid,Automatic,3092.0,16.72,30917.7,3594,1226.35,Asia Pacific
VH03283,Chevrolet,Silverado,2011,SUV,Petrol,DCT,4516.0,16.64,28827.15,3213,1685.7,Asia Pacific
VH02766,Jeep,Renegade,2015,SUV,Hybrid,Manual,3120.0,23.29,34772.6,3782,,South Asia
VH02722,Mazda,Mazda6,2013,Hatchback,Electric,Automatic,0.0,13.19,31320.63,4989,1362.6,Asia Pacific
VH00832,Volkswagen,Tiguan,2024,SUV,Petrol,Manual,3895.0,8.73,28649.07,3304,901.79,Africa
VH02905,Kia,Telluride,2010,Sedan,Hybrid,AMT,2691.0,-23.92,23954.43,392,1181.59,Latin America
VH01631,Land Rover,Freelander,2012,SUV,Petrol,DCT,3571.0,8.25,56863.86,4592,2193.57,Middle East
VH01535,Volkswagen,Atlas,2022,Van,Petrol,Manual,2666.0,16.67,32527.14,4953,969.96,Africa
VH04928,Kia,Sportage,2011,Van,LPG,CVT,,13.32,25633.28,2580,1199.31,North America
VH02813,Porsche,Panamera,2008,Coupe,Electric,CVT,0.0,8.75,52996.22,3386,3390.62,Europe
VH02828,Audi,e-tron,2024,SUV,CNG,Automatic,3467.0,15.93,53922.87,3242,1709.61,North America
VH01967,Tesla,Model 3,2019,Sedan,CNG,DCT,2053.0,19.98,48410.71,501,1873.23,Latin America
VH00394,Tesla,Cybertruck,2005,SUV,Electric,,0.0,,44977.66,4441,2884.18,South Asia
VH04627,Volvo,XC90,2008,SUV,Hybrid,Manual,4339.0,31.89,45958.43,2648,3211.8,South Asia
VH03434,Land Rover,Defender,2019,SUV,Petrol,DCT,4259.0,9.14,43979.08,2275,1373.22,Middle East
VH03327,Volkswagen,Tiguan,2005,Coupe,Diesel,,2482.0,,25601.61,694,1294.58,Africa
VH00133,Toyota,Tacoma,2005,Hatchback,Petrol,Manual,1425.0,15.61,18571.98,3516,,Latin America
VH03009,Ford,Explorer,2008,Truck,Hybrid,AMT,4243.0,18.95,33006.57,582,2145.72,South Asia
VH01946,Hyundai,Palisade,2017,Coupe,Petrol,CVT,3463.0,10.19,26299.66,2360,1129.87,Europe
VH03755,Ford,Edge,2018,Sedan,CNG,Manual,2616.0,17.56,20447.44,2833,931.01,South Asia
VH01306,Honda,CR-V,2014,Truck,Hybrid,CVT,4437.0,30.88,34849.5,2095,2014.09,Asia Pacific
VH00486,Porsche,Boxster,2005,Coupe,Diesel,CVT,2156.0,15.89,48069.3,1327,2838.5,North America
VH03078,Land Rover,Evoque,2012,SUV,Hybrid,Manual,,22.72,57827.53,1350,2636.49,North America
VH04769,Porsche,Taycan,2022,SUV,Hybrid,CVT,2883.0,31.85,61328.66,4481,1956.92,Africa
VH04594,Jeep,Compass,2008,SUV,Petrol,AMT,2791.0,19.31,27308.49,1814,1341.96,North America
VH00806,Volvo,C40,2016,Convertible,LPG,Automatic,2806.0,17.24,40175.96,4962,2104.54,Africa
VH00288,Audi,A4,2012,Van,Electric,CVT,0.0,9.32,59544.36,1896,2083.13,Latin America
VH04380,Hyundai,Tucson,2010,Hatchback,Petrol,AMT,1917.0,8.41,25444.78,2874,1527.65,South Asia
VH03231,Chevrolet,Equinox,2009,Truck,,Manual,5762.0,14.69,30363.78,3348,1904.08,Latin America
VH04064,BMW,5 Series,2024,Sedan,Petrol,CVT,2091.0,15.61,38114.9,1593,1213.24,Middle East
VH01589,JEEP,Cherokee,2009,SUV,hybrid,Automatic,4058.0,29.91,32538.44,3784,1556.34,North America
VH01057,Land Rover,Freelander,2015,SUV,Diesel,Manual,3173.0,16.67,41330.7,4888,1674.26,Middle East
VH01719,Ram,1500,2016,Truck,CNG,Manual,3118.0,18.54,23959.73,4958,1033.61,Latin America
VH04281,Honda,Accord,2006,Hatchback,Electric,CVT,0.0,11.21,26331.43,3699,,Africa
VH01045,  Toyota  ,RAV4,2011,Truck, Electric ,AMT,0.0,14.95,38915.53,1365,2231.98,Africa
VH04304,Lexus,NX,2015,SUV,,AMT,2548.0,15.83,48165.0,3148,2079.77,Middle East
VH04978,Lexus,ES,2011,Van,Electric,Manual,0.0,13.11,64545.15,4088,2901.26,Asia Pacific
VH03465,Hyundai,Palisade,2007,SUV,LPG,Manual,4603.0,10.03,30258.66,3751,1531.9,Europe
VH01724,Hyundai,Santa Fe,2018,Sedan,,AMT,2312.0,9.21,21817.35,4254,622.35,Europe
VH03831,  Volkswagen  ,Jetta,2012,Coupe, CNG ,Manual,1319.0,17.15,26420.62,1433,1434.03,Latin America
VH03808,Toyota,Corolla,2006,SUV,Petrol,DCT,3386.0,9.31,29614.98,2437,1448.86,South Asia
VH00473,Mercedes-Benz,C-Class,2023,Hatchback,CNG,,3342.0,18.07,35692.24,2080,880.27,Asia Pacific
VH03221,Mercedes-Benz,E-Class,2023,Hatchback,Diesel,CVT,1375.0,24.52,46768.38,2175,1368.88,North America
VH03198,Ram,Dakota,2005,Van,Diesel,DCT,2976.0,22.63,24444.1,2070,1765.17,North America
VH00110,MAZDA,CX-30,2015,Truck,hybrid,,4897.0,28.05,33974.75,1232,1713.74,Middle East
VH02893,VOLKSWAGEN,Atlas,2021,Truck,petrol,CVT,4078.0,18.71,,1183,1326.21,Europe
VH00472,Toyota,Highlander,2014,Truck,LPG,Manual,6024.0,15.72,26910.07,1193,1316.87,North America
VH01774,Porsche,Cayenne,2015,Convertible,Diesel,DCT,3386.0,12.81,61215.43,4767,2620.54,Europe
VH02347,Mazda,Mazda3,2011,Convertible,Electric,AMT,,6.98,28133.7,3951,1357.86,North America
VH00578,BMW,X5,2011,Truck,Hybrid,Automatic,3965.0,15.83,68583.93,2293,3804.78,Europe
VH01947,Hyundai,Sonata,2019,Hatchback,Petrol,Manual,1571.0,17.31,26556.36,3362,1026.51,North America
VH02192,BMW,7 Series,2005,Wagon,Electric,CVT,0.0,7.92,52106.52,3684,2761.29,South Asia
VH03750,Tesla,Model X,2017,Sedan,CNG,AMT,3287.0,13.93,42862.77,3165,,Africa
VH04246,Volkswagen,Jetta,2012,Wagon,Hybrid,CVT,3390.0,19.27,28973.44,3412,1264.42,Middle East
VH04800,Land Rover,Range Rover,2009,SUV,CNG,AMT,4226.0,,47234.24,758,2905.29,Africa
VH04127,Mazda,CX-9,2008,Coupe,CNG,AMT,1256.0,21.17,22864.28,1577,1208.23,North America
VH04349,  Kia  ,Telluride,2010,Sedan, Petrol ,AMT,2918.0,14.47,23136.66,1223,895.06,North America
VH01965,Subaru,Impreza,2009,SUV,Petrol,Manual,2444.0,9.99,26491.88,1090,1674.09,Africa
VH03130,Porsche,Taycan,2022,SUV,CNG,DCT,,16.46,43592.71,926,1480.79,North America
VH04324,Chevrolet,Blazer,2005,Truck,Petrol,CVT,4059.0,8.55,27835.05,2967,1576.3,Europe
VH02843,Ford,Explorer,2019,Sedan,Electric,AMT,0.0,9.45,34803.92,2969,1471.3,Latin America
VH03260,Lexus,LS,2012,Coupe,Electric,CVT,0.0,14.53,57447.87,3952,3277.08,Europe
VH02406,Chevrolet,Blazer,2017,SUV,Hybrid,Automatic,1910.0,30.33,31318.11,2539,1367.54,Latin America
VH01271,  Porsche  ,Taycan,2023,Coupe, Petrol ,DCT,1397.0,16.96,49831.0,667,1620.76,Africa
VH02064,Volvo,XC90,1890,Van,Petrol,Manual,2276.0,11.52,34537.47,1227,1630.23,South Asia
VH01033,BMW,5 Series,2009,Sedan,LPG,DCT,3427.0,10.82,40241.75,3650,2670.3,North America
VH01984,Audi,Q7,2012,Sedan,Electric,Automatic,,6.47,60715.07,687,3023.93,Europe
VH02756,Jeep,Compass,2012,SUV,Diesel,DCT,4074.0,16.68,27428.15,3419,1372.37,Asia Pacific
VH00752,Nissan,Rogue,2011,Truck,Diesel,Automatic,3884.0,11.55,30046.48,789,1417.46,Middle East
VH02243,BMW,M3,2011,SUV,Petrol,CVT,3218.0,12.27,54991.59,701,2224.06,Middle East
VH00587,Kia,Sorento,2020,Hatchback,LPG,DCT,2665.0,12.16,20653.23,4606,510.98,Asia Pacific
VH02835,Hyundai,Santa Fe,2007,Coupe,Diesel,AMT,2842.0,15.02,22949.3,3940,1002.32,Middle East
VH02573,Ram,3500,2014,Truck,Petrol,,5729.0,11.48,27269.2,3264,1041.18,Europe
VH01879,Subaru,Forester,2009,Sedan,CNG,DCT,1636.0,17.76,20222.28,3179,953.02,Europe
VH02400,BMW,7 Series,2014,Van,LPG,CVT,3047.0,13.59,39769.12,4375,1995.17,Europe
VH02969,Tesla,Model S,2005,SUV,LPG,Automatic,2128.0,15.61,40445.6,3623,2159.3,North America
VH03746,Ford,Explorer,2014,Truck,Hybrid,Automatic,4556.0,18.28,27755.17,2706,1051.98,Latin America
VH01213,Land Rover,Discovery,2011,SUV,LPG,AMT,1836.0,15.14,35838.0,205,1806.79,Africa
VH01540,Subaru,Outback,2006,Wagon,Diesel,Automatic,1811.0,,23281.71,1419,1234.35,Latin America
VH00415,Kia,Soul,2007,Hatchback,Diesel,AMT,3352.0,12.51,23512.43,977,1245.35,Africa
VH01933,BMW,5 Series,2006,Hatchback,Petrol,AMT,,14.85,,3170,2209.76,Europe
VH03314,Chevrolet,Silverado,2009,Sedan,LPG,CVT,3144.0,14.01,17307.1,28,716.05,Europe
VH01188,Porsche,Boxster,2020,SUV,Hybrid,CVT,4498.0,27.17,47266.12,1536,1960.98,Africa
VH02306,Porsche,911,2009,Convertible,LPG,DCT,3129.0,14.43,42914.21,2198,2284.65,South Asia
VH01198,Mercedes-Benz,GLC,2010,Van,Hybrid,Manual,2219.0,18.22,43642.88,1401,2472.92,Latin America
VH00438,Subaru,Outback,2021,Truck,CNG,DCT,4113.0,21.3,26886.34,1007,1013.72,Middle East
VH04712,Ram,Dakota,2011,Truck,Diesel,DCT,5093.0,17.9,,3073,1834.55,Asia Pacific
VH00808,Jeep,Gladiator,2009,SUV,Hybrid,Automatic,4320.0,16.74,27978.98,2378,1547.5,Middle East
VH01472,Mercedes-Benz,C-Class,2007,Convertible,Petrol,Manual,2655.0,13.43,57464.08,1149,2583.1,Africa
VH00291,Land Rover,Defender,2011,SUV,CNG,,1746.0,12.95,44303.76,1893,2521.77,Latin America
VH03836,Mercedes-Benz,AMG GT,2005,Sedan,Diesel,Automatic,2146.0,17.9,53706.0,2921,2659.16,Latin America
VH01449,  Hyundai  ,Kona,2019,SUV, Petrol ,AMT,3152.0,16.69,27869.47,458,957.26,South Asia
VH00253,Toyota,Camry,2018,Hatchback,Hybrid,DCT,1059.0,25.33,29440.18,4998,1233.34,South Asia
VH03551,Lexus,LS,2007,Convertible,Hybrid,DCT,3193.0,33.97,,4619,3104.09,Latin America
VH03952,Volvo,V60,2013,Convertible,Diesel,Manual,3250.0,24.99,49635.36,3205,2196.42,Latin America
VH00351,TESLA,Cybertruck,2017,SUV,,AMT,3682.0,27.27,52920.22,4995,2082.71,North America
VH04103,Subaru,Legacy,2008,Truck,Petrol,AMT,4715.0,10.49,31270.3,2203,1820.21,Middle East
VH00347,  HYUNDAI  ,Palisade,2009,Truck, electric ,AMT,0.0,6.76,35024.4,1717,1257.58,Europe
VH02124,  BMW  ,5 Series,2011,Sedan, Hybrid ,Manual,1063.0,20.47,48554.37,1917,3569.17,Asia Pacific
VH04303,Volvo,S60,2017,Van,Electric,DCT,0.0,8.74,74313.09,728,3385.41,North America
VH00458,Porsche,Boxster,2013,Convertible,CNG,Manual,1242.0,21.42,49211.03,3915,2619.6,South Asia
VH04480,Hyundai,Sonata,2017,Truck,CNG,CVT,4112.0,18.5,23777.72,3892,1019.08,Asia Pacific
VH00091,  Land Rover  ,Range Rover,2018,SUV, Diesel ,,2493.0,22.55,56353.08,3329,1979.41,Europe
VH01659,Hyundai,Elantra,2009,SUV,Petrol,Manual,4606.0,18.78,27219.19,4278,1241.39,South Asia
VH04750,Volvo,XC40,2021,Coupe,LPG,CVT,2723.0,11.9,39999.89,147,1651.06,Asia Pacific
VH03041,Honda,Accord,2010,SUV,LPG,Manual,2476.0,10.39,26757.99,288,1483.56,North America
VH02648,Ram,ProMaster,2008,Truck,CNG,Manual,6108.0,16.89,31433.23,3685,1793.29,South Asia
VH03871,Chevrolet,Malibu,2007,SUV,LPG,DCT,1512.0,11.54,27002.98,1836,1469.41,Latin America
VH00027,Hyundai,Kona,2022,SUV,LPG,CVT,3224.0,12.89,25642.06,3598,1049.5,Africa
VH01630,Audi,A4,2024,Convertible,CNG,Manual,1800.0,18.29,41869.06,3405,1412.8,North America
VH04616,Land Rover,Freelander,2019,SUV,Electric,Manual,0.0,9.31,83920.36,165,2877.94,Middle East
VH00585,Mercedes-Benz,E-Class,2016,Coupe,LPG,Automatic,3376.0,12.7,42252.26,2612,1762.47,Europe
VH03800,Volkswagen,Passat,2007,Convertible,Petrol,Automatic,1457.0,18.49,25017.56,4074,1464.37,South Asia
VH04082,Land Rover,Freelander,2012,SUV,CNG,AMT,4924.0,19.8,47775.63,3360,2377.08,North America
VH04670,Land Rover,Defender,2020,SUV,LPG,Manual,3230.0,9.72,50109.53,3447,1667.6,Africa
VH03998,Hyundai,Santa Fe,2013,Van,Diesel,Manual,2704.0,21.25,24956.69,761,1351.02,North America
VH03886,BMW,X3,2009,Convertible,Electric,Manual,0.0,5.27,61626.72,901,3225.29,Latin America
VH03077,Ram,3500,2006,Truck,Diesel,Manual,6018.0,12.38,35630.13,4720,2317.11,North America
VH03829,Kia,Sportage,2006,SUV,CNG,Manual,3995.0,14.13,24109.53,4128,702.78,Europe
VH03246,BMW,7 Series,2007,Wagon,Hybrid,AMT,2007.0,30.94,53784.33,2362,2757.9,Latin America
VH02673,Porsche,Panamera,2009,Coupe,CNG,DCT,2544.0,20.13,42967.74,2,2315.69,Latin America
VH01104,  Land Rover  ,Range Rover,2023,SUV, Petrol ,Automatic,4794.0,11.89,51580.26,1867,1734.74,North America
VH04073,Nissan,Sentra,2005,Convertible,LPG,DCT,3119.0,12.64,27103.79,4700,1701.38,Latin America
VH04355,Lexus,GX,2017,Van,LPG,DCT,2446.0,17.78,54920.46,547,2502.44,Asia Pacific
VH00255,Porsche,Taycan,2009,Coupe,Petrol,,1128.0,16.07,41028.1,1619,1715.92,Europe
VH04640,Tesla,Model 3,2020,Sedan,Diesel,Automatic,3337.0,20.07,44277.95,4350,,Latin America
VH01780,Ford,Bronco,2006,SUV,CNG,DCT,3450.0,,27503.48,1290,1514.35,Latin America
VH02037,Lexus,LS,2007,Sedan,Hybrid,Manual,2081.0,15.61,46453.13,3441,3137.47,Latin America
VH04382,Chevrolet,Silverado,2016,Truck,Diesel,CVT,5135.0,11.24,35811.33,2838,1411.45,South Asia
VH02592,BMW,7 Series,2012,Truck,CNG,Automatic,3522.0,18.53,48401.33,176,2262.27,Middle East
VH03838,Mercedes-Benz,E-Class,2013,Wagon,Hybrid,CVT,2725.0,30.61,45050.02,4820,2217.0,Africa
VH03556,Porsche,Cayenne,2012,Convertible,Diesel,Manual,3468.0,15.6,53396.5,606,2191.92,Latin America
VH04761,Toyota,Camry,2014,Wagon,Diesel,Automatic,2916.0,11.01,22932.7,4823,1151.65,South Asia
VH01752,TESLA,Model 3,2020,Sedan,petrol,Manual,1734.0,8.37,44104.09,4726,,Europe
VH04851,Porsche,Cayenne,2008,Convertible,Hybrid,Automatic,3228.0,32.72,57072.55,3707,2966.49,Africa
VH00316,Jeep,Wrangler,2008,SUV,Diesel,AMT,2192.0,11.41,33191.13,4822,2050.31,South Asia
VH04253,Nissan,Altima,2018,Sedan,LPG,CVT,1373.0,16.8,24930.01,1733,781.86,South Asia
VH01591,Lexus,GX,2021,SUV,,Automatic,0.0,11.76,59404.28,3089,2481.05,Asia Pacific
VH02768,Porsche,Cayenne,2019,Coupe,Electric,CVT,0.0,7.69,57785.57,2806,,Europe
VH02358,Kia,Forte,2020,Van,CNG,Automatic,3001.0,13.71,20747.69,262,810.42,Asia Pacific
VH04501,Land Rover,Discovery,2017,SUV,Petrol,,1647.0,8.8,58899.45,4436,2252.09,Europe
VH00070,Honda,CR-V,2011,Hatchback,LPG,Manual,1918.0,12.3,20100.07,2170,837.82,Latin America
VH04053,Ram,ProMaster,2022,Van,Electric,Manual,0.0,11.3,28779.66,3772,918.17,Europe
VH04437,Mercedes-Benz,GLC,2023,Truck,CNG,AMT,2856.0,13.8,57297.54,4244,1962.8,Africa
VH00995,Mercedes-Benz,AMG GT,2015,SUV,Diesel,DCT,2153.0,12.07,46154.47,1433,2322.45,Europe
VH01053,Kia,Sorento,2022,Coupe,Petrol,DCT,3348.0,17.12,31422.81,233,1085.38,Latin America
VH03761,Lexus,RX,2014,Van,Electric,AMT,0.0,11.75,64251.07,3047,2535.54,South Asia
VH04847,Kia,Forte,2014,Truck,Diesel,AMT,5148.0,21.65,29267.22,1692,1132.35,Latin America
VH00388,Nissan,Frontier,2017,Sedan,CNG,DCT,2239.0,12.55,25574.61,4092,1074.29,Europe
VH02477,Chevrolet,Malibu,2017,SUV,LPG,AMT,4982.0,13.78,21477.06,1284,842.94,Europe
VH01565,Tesla,Model 3,2022,Sedan,CNG,CVT,1491.0,19.86,48351.48,3132,1781.79,North America
VH04328,Mazda,CX-9,2017,Wagon,Diesel,Automatic,,22.32,24942.68,440,1004.17,North America
VH02183,Mercedes-Benz,GLE,2005,Coupe,LPG,Automatic,2205.0,12.34,39960.78,4545,,Africa
VH02371,Volkswagen,Jetta,2023,Wagon,CNG,DCT,3011.0,20.43,27865.3,4731,965.94,Asia Pacific
VH01074,,RAV4,2013,SUV,LPG,DCT,4137.0,14.9,23443.09,1379,1502.28,Europe
VH00222,Subaru,Forester,2006,Wagon,Hybrid,Manual,2877.0,30.87,33492.4,1054,1622.04,Africa
VH04270,Porsche,Cayenne,2005,Coupe,Electric,DCT,0.0,5.0,60170.27,3446,4252.44,South Asia
VH04141,Honda,Civic,2017,SUV,LPG,Manual,3362.0,15.14,24424.72,2251,1270.02,South Asia
VH02576,  Chevrolet  ,Colorado,2024,Sedan, Hybrid ,,3142.0,30.96,24049.22,2777,911.48,North America
VH04926,Porsche,Cayenne,2021,SUV,CNG,CVT,3000.0,,42050.12,1865,1360.67,Latin America
VH01176,Toyota,Corolla,2020,Wagon,LPG,DCT,2781.0,14.64,25978.42,1979,1017.36,Europe
VH01544,  Jeep  ,Compass,2007,SUV, LPG ,,4570.0,12.58,23174.8,3261,1094.9,Asia Pacific
VH02367,  Tesla  ,Cybertruck,2015,Sedan, Petrol ,Manual,3313.0,13.68,40646.14,4639,1943.74,South Asia
VH02331,Hyundai,Tucson,2005,Van,LPG,CVT,2641.0,9.2,23117.62,3072,1374.24,Middle East
VH04049,Mazda,MX-5 Miata,2009,Convertible,Petrol,AMT,1901.0,12.65,21571.22,755,1014.77,Africa
VH00178,Volvo,XC60,2019,Van,Diesel,AMT,2389.0,10.29,46301.21,3296,2174.31,Middle East
VH03110,Mazda,CX-5,2024,Truck,LPG,DCT,3671.0,13.57,35164.27,510,1213.56,Africa
VH04330,Mercedes-Benz,AMG GT,2019,SUV,LPG,AMT,3617.0,11.79,40834.9,3812,1314.58,Europe
VH00658,Mercedes-Benz,S-Class,2010,Truck,Petrol,AMT,5030.0,15.06,70749.69,1713,2927.69,Africa
VH04413,Kia,Sportage,2013,Van,CNG,Automatic,1981.0,16.24,25097.27,2377,1096.55,Africa
VH02227,Audi,A4,2017,Truck,Diesel,AMT,4476.0,18.92,58382.5,498,2155.86,Africa
VH02698,Volkswagen,Passat,2015,Sedan,Electric,Manual,0.0,7.18,32183.27,2924,1729.72,North America
VH01601,Honda,Accord,2007,SUV,Electric,Automatic,0.0,12.11,33465.54,3012,2263.48,South Asia
VH03983,BMW,3 Series,2009,Wagon,Diesel,,1220.0,18.7,44286.81,1349,1589.61,Latin America
VH04941,Toyota,Corolla,2014,Van,,CVT,2276.0,13.12,22688.61,4471,979.3,Latin America
VH02703,Audi,A3,2019,Convertible,Petrol,Manual,1850.0,17.65,45577.97,348,1569.31,Asia Pacific
VH04746,Hyundai,Sonata,2015,Sedan,Petrol,AMT,1122.0,19.08,24398.53,1263,1018.91,Latin America
VH03768,Land Rover,Range Rover,2010,SUV,,CVT,3686.0,8.59,48074.02,1026,2114.48,South Asia
VH01336,Lexus,LS,2015,Sedan,Petrol/Gas,Manual,0.0,11.52,60113.67,1842,2961.45,Middle East
VH00654,Tesla,Cybertruck,2012,SUV,Diesel,DCT,3487.0,20.57,48434.12,2584,2599.01,North America
VH04808,FORD,Explorer,2022,Sedan,hybrid,CVT,1289.0,30.62,28141.17,3013,921.24,Asia Pacific
VH03012,Volkswagen,Tiguan,2015,Sedan,Hybrid,DCT,2999.0,34.81,28112.66,3951,1056.05,Middle East
VH01617,Porsche,Boxster,2005,Convertible,CNG,AMT,1887.0,17.14,45549.34,3117,2480.93,Europe
VH04663,Ram,ProMaster,2015,Van,CNG,Manual,2209.0,21.97,22868.16,324,851.61,Asia Pacific
VH03003,Kia,Sorento,2022,Convertible,LPG,AMT,1869.0,10.99,24565.32,2255,845.16,Middle East
VH03650,Lexus,LS,2018,Van,Petrol,Automatic,2440.0,17.69,45149.17,4922,1507.07,Africa
VH02173,Audi,A3,2016,Convertible,Hybrid,CVT,2151.0,23.12,59416.98,2020,2364.94,South Asia
VH00220,Volvo,V60,2021,Truck,Hybrid,,3872.0,18.06,60187.0,2344,1714.39,Africa
VH02125,Toyota,Highlander,2024,Wagon,Electric,CVT,0.0,7.01,29712.63,4639,981.41,North America
VH03481,BMW,M3,2013,Van,,AMT,0.0,11.34,54559.95,1562,2675.12,North America
VH01039,Ford,Escape,2007,Sedan,Hybrid,Manual,2391.0,25.24,30650.27,2233,1907.55,Africa
VH00044,Ram,2500,2006,Van,Diesel,CVT,3212.0,12.3,26295.11,1837,1249.93,South Asia
VH00211,Tesla,Model X,2008,SUV,Petrol,DCT,4462.0,10.15,51858.38,308,2539.01,North America
VH04680,Honda,Ridgeline,2015,Convertible,Hybrid,AMT,3319.0,29.26,34297.9,4803,1511.55,Europe
VH00355,Kia,Sorento,2020,Truck,Electric,Manual,0.0,14.95,42476.84,593,1721.82,Asia Pacific
VH01048,Honda,Accord,2007,Truck,Electric,Automatic,0.0,10.74,33015.61,537,1643.14,Asia Pacific
VH02318,Toyota,RAV4,2015,Hatchback,Electric,AMT,0.0,7.36,25005.6,16,879.3,South Asia
VH04350,Audi,A6,2021,Sedan,Electric,DCT,0.0,6.79,56369.54,3070,1717.05,Latin America
VH02269,Ford,Explorer,2014,Sedan,CNG,CVT,3151.0,15.59,17866.56,2188,985.87,North America
VH00368,Ram,2500,2018,Truck,Petrol,Automatic,3109.0,12.84,29573.17,2060,1426.31,Asia Pacific
VH01700,Ram,1500,2005,Van,CNG,Automatic,2711.0,12.28,26080.52,4514,1218.5,Europe
VH03847,HYUNDAI,Kona,2015,Hatchback,petrol,,1009.0,19.64,15898.6,4590,649.01,Asia Pacific
VH01618,Ford,Edge,2024,Truck,LPG,Automatic,4725.0,16.34,24106.49,4553,582.94,Europe
VH00136,Mazda,CX-30,2021,Hatchback,Electric,AMT,0.0,10.53,28919.64,2201,1238.85,Asia Pacific
VH03892,Chevrolet,Blazer,2015,Truck,Hybrid,AMT,,15.82,36941.0,4789,1716.82,Africa
VH00048,Mazda,Mazda3,2013,Van,Electric,,0.0,13.04,36418.87,999,1356.55,Asia Pacific
VH01537,  Chevrolet  ,Malibu,2009,Sedan, Hybrid ,CVT,1866.0,22.42,22932.39,4978,1131.9,Latin America
VH02930,Land Rover,Range Rover,2005,SUV,Hybrid,AMT,2841.0,20.63,42565.36,4001,2752.85,Europe
VH02093,Mazda,CX-5,2019,Hatchback,CNG,Manual,2325.0,17.21,23768.99,2567,714.78,North America
VH02471,Subaru,Impreza,2007,Van,Electric,CVT,0.0,11.47,25444.96,187,1147.66,Africa
VH02848,Audi,Q7,2017,Wagon,Hybrid,DCT,2861.0,20.93,48099.49,3733,2310.28,Europe
VH01861,Chevrolet,Equinox,2014,Truck,Electric,Automatic,0.0,11.88,33188.36,4316,1373.71,North America
VH03050,Volvo,XC60,2014,Hatchback,Petrol,CVT,3327.0,14.22,41815.76,3291,1707.02,Africa
VH00062,BMW,5 Series,2012,Coupe,Petrol,Automatic,3461.0,18.5,43158.77,2523,2169.97,Latin America
VH01075,Lexus,IS,2023,Wagon,LPG,CVT,3290.0,14.27,46760.58,4751,1299.08,Europe
VH04408,Toyota,Highlander,2014,Sedan,Diesel,Manual,2183.0,14.65,28675.57,1047,1213.56,Asia Pacific
VH00096,Lexus,GX,2021,Sedan,CNG,Manual,2672.0,21.28,43764.66,4005,1756.57,Africa
VH00479,Mazda,Mazda3,2006,Convertible,Hybrid,DCT,,30.13,34578.82,1011,2200.73,Middle East
VH00688,Chevrolet,Equinox,2021,SUV,,Automatic,2254.0,14.7,30462.96,4012,1307.53,Europe
VH02650,Toyota,Corolla,2019,Convertible,CNG,AMT,2377.0,18.74,32610.13,3371,1240.74,Africa
VH03066,Volkswagen,Atlas,2012,Truck,Hybrid,Automatic,2948.0,27.2,34023.18,4843,1513.28,Europe
VH02814,Lexus,ES,2011,Sedan,Hybrid,CVT,1586.0,25.84,45785.45,1454,2006.09,Europe
VH02053,MAZDA,Mazda3,2009,Convertible,diesel,AMT,1142.0,11.69,25258.1,1839,824.51,Asia Pacific
VH01169,Land Rover,Freelander,2008,SUV,,CVT,2797.0,10.3,50597.75,851,3023.38,North America
VH01663,Volvo,V60,2010,Convertible,Electric,AMT,0.0,5.95,57876.06,3687,3120.34,South Asia
VH01819,Volkswagen,Atlas,2008,Coupe,LPG,DCT,1090.0,15.29,23645.48,3629,1245.8,North America
VH00323,Tesla,Model S,2012,Sedan,Petrol,DCT,2289.0,19.23,37386.98,204,1707.36,North America
VH04517,BMW,X3,2023,Hatchback,LPG,Automatic,1596.0,16.75,46845.0,1999,1602.49,Middle East
VH02943,Jeep,Gladiator,2021,SUV,Diesel,DCT,4126.0,11.46,26834.9,2077,1109.97,Europe
VH03033,Mazda,Mazda6,2015,Hatchback,Electric,CVT,0.0,13.5,22499.98,2949,1065.03,South Asia
VH02260,Volvo,V60,2009,Van,CNG,AMT,2893.0,21.07,47898.27,2624,2426.17,Africa
VH01293,BMW,X5,2011,Coupe,Hybrid,AMT,2523.0,17.86,56107.62,2158,2575.32,Asia Pacific
VH01002,Toyota,Prius,2011,Van,LPG,Manual,2942.0,9.4,22213.33,2921,1238.75,North America
VH01426,BMW,5 Series,2023,Hatchback,Electric,DCT,0.0,9.33,53991.53,4419,1449.24,South Asia
VH01863,Lexus,LS,2023,Coupe,CNG,DCT,1547.0,16.64,44623.27,4167,1555.85,North America
VH00804,Volkswagen,Passat,2010,Hatchback,CNG,CVT,1805.0,,25070.68,2112,1471.06,Latin America
VH00292,Audi,A6,2024,SUV,LPG,Man,2861.0,10.93,43564.81,3791,1284.3,Middle East
VH04078,Toyota,RAV4,2021,SUV,Petrol,,4410.0,,26978.93,1547,777.06,Europe
VH04753,Volkswagen,Tiguan,2013,Coupe,Electric,DCT,0.0,10.37,28417.75,4658,1239.79,South Asia
VH00534,Ford,Edge,2015,Truck,,Manual,4083.0,15.05,27350.9,1635,764.41,Asia Pacific
VH02595,Audi,A4,2021,Truck,LPG,AMT,2925.0,10.71,46719.31,2208,,Asia Pacific
VH04425,Chevrolet,Equinox,2020,SUV,LPG,Automatic,2818.0,16.21,32042.36,3560,886.26,Africa
VH03103,HONDA,Accord,2020,Coupe,electric,Automatic,0.0,8.42,33619.06,3389,1239.99,North America
VH01744,Nissan,Murano,2006,SUV,Petrol,Manual,4263.0,19.43,29861.9,441,1453.82,Asia Pacific
VH02624,Toyota,Highlander,2016,Sedan,LPG,Manual,2685.0,15.72,19469.21,1014,850.25,South Asia
VH02362,Volvo,XC40,2010,Hatchback,Hybrid,Automatic,2486.0,34.04,40600.81,3130,1996.59,South Asia
VH03782,Honda,Pilot,2018,SUV,Hybrid,Manual,4807.0,,35154.68,2173,1581.75,Africa
VH04488,,Cayenne,2022,Convertible,Diesel,Manual,1594.0,10.26,66777.28,1207,1841.31,Europe
VH00429,Lexus,GX,2018,SUV,LPG,Manual,3049.0,9.65,51692.33,3134,2063.55,Latin America
VH03995,Subaru,Legacy,2015,Coupe,Diesel,CVT,2512.0,12.23,28652.83,3423,1230.28,Latin America
VH02143,Tesla,Model S,2005,SUV,Petrol,Automatic,2462.0,16.09,44648.98,2178,2427.39,Africa
VH01193,Lexus,RX,2012,Coupe,Electric,Manual,0.0,7.51,64397.66,2128,3142.17,Middle East
VH02842,Honda,HR-V,2009,Van,Petrol,DCT,3420.0,11.9,27933.09,574,1262.27,North America
VH02504,Audi,A3,2019,Van,Diesel,DCT,3076.0,13.01,46051.23,4218,1730.17,South Asia
VH01747,Chevrolet,Malibu,2022,Sedan,Petrol,AMT,3412.0,16.32,27775.9,3407,712.82,Africa
VH02460,Lexus,RX,2024,Wagon,Petrol,CVT,2533.0,13.9,51377.31,2776,1802.43,Latin America
VH03699,Toyota,Tacoma,2007,SUV,Electric,Manual,0.0,12.21,35164.94,693,1968.18,Asia Pacific
VH01859,Chevrolet,Silverado,2016,Sedan,Petrol,AMT,1274.0,9.27,26842.8,2521,1204.69,South Asia
VH01703,Volkswagen,Passat,2011,Hatchback,Electric,DCT,0.0,8.71,27203.3,2197,964.61,Africa
VH02532,Mazda,CX-5,2020,Hatchback,Petrol,Manual,1229.0,15.25,22571.73,3392,1047.24,Middle East
VH00829,Nissan,Altima,2017,Convertible,,Automatic,2537.0,22.63,33779.35,1187,1669.33,South Asia
VH01676,Audi,Q7,2023,Wagon,Hybrid,DCT,2953.0,26.96,46817.23,4942,1867.55,South Asia
VH04600,Mercedes-Benz,E-Class,2016,SUV,LPG,DCT,4876.0,15.17,41277.62,4291,,North America
VH05000,  Chevrolet  ,Colorado,2011,Sedan, Hybrid ,,3224.0,17.34,25675.5,449,1215.22,Europe
VH01619,Chevrolet,Colorado,2018,Truck,CNG,CVT,5929.0,13.96,20258.51,1376,1029.27,Europe
VH01225,Lexus,LS,2013,Wagon,Hybrid,DCT,1097.0,29.95,45556.39,2873,2285.69,South Asia
VH01607,Hyundai,Sonata,2005,Wagon,Hybrid,AMT,3329.0,23.35,23966.93,3292,1472.88,North America
VH00788,Kia,Soul,2012,Hatchback,LPG,DCT,1001.0,14.8,23597.49,149,1610.86,Asia Pacific
VH03436,Audi,A3,2011,Hatchback,Electric,Automatic,0.0,6.01,55538.98,4839,3182.46,North America
VH03339,Lexus,ES,2022,Hatchback,Diesel,Manual,3367.0,15.36,39108.81,4982,1454.62,North America
VH01955,Chevrolet,Blazer,2007,Sedan,Petrol,Automatic,1225.0,8.05,24044.71,3579,1099.71,Africa
VH02304,Jeep,Cherokee,2007,SUV,LPG,Manual,1732.0,11.19,23384.88,3955,1360.28,Latin America
VH02314,Nissan,Rogue,2015,Coupe,Electric,AMT,0.0,12.03,33348.86,288,1069.63,Africa
VH02887,Porsche,Cayenne,2009,Convertible,Petrol,Manual,2413.0,18.56,43171.69,954,1776.49,South Asia
VH04657,Lexus,GX,2010,Truck,Diesel,DCT,4495.0,21.51,56401.08,4538,2401.47,Middle East
VH04684,KIA,Sportage,2024,Coupe,diesel,CVT,2547.0,19.4,28554.88,446,851.75,South Asia
VH01097,HYUNDAI,Tucson,2012,Truck,diesel,Automatic,5926.0,,31520.62,2985,1288.49,Middle East
VH04982,Mazda,Mazda3,2018,Sedan,Diesel,Manual,,13.66,24238.45,1932,1028.24,North America
VH03352,Tesla,Model Y,2005,Sedan,LPG,Manual,1867.0,12.87,42446.43,4063,,Africa
VH02623,Chevrolet,Colorado,2011,SUV,Petrol,Automatic,4445.0,10.39,27896.42,1524,1495.59,Asia Pacific
VH01102,Volvo,XC60,2007,Sedan,Diesel,Manual,2775.0,,47317.54,2563,2854.31,North America
VH02232,Lexus,NX,2020,Convertible,Hybrid,DCT,2000.0,15.71,61024.34,1544,1612.07,Asia Pacific
VH00071,BMW,X3,2012,Van,Unknown,Manual,2200.0,21.49,48025.97,1485,2904.26,Europe
VH01011,Ford,Escape,2024,Sedan,Petrol,CVT,2197.0,,21514.3,453,651.82,Middle East
VH01236,Honda,Pilot,2009,SUV,Diesel,AMT,,13.82,26712.7,3177,1591.19,South Asia
VH02175,Toyota,Highlander,2005,SUV,Diesel,AMT,4039.0,11.43,28229.98,4317,1303.13,Asia Pacific
VH02237,Subaru,Forester,2006,Convertible,Hybrid,Automatic,1933.0,,28969.23,959,,Europe
VH03356,Honda,Civic,2006,Truck,Hybrid,Manual,5199.0,30.46,29616.14,3618,1945.3,North America
VH01091,Audi,e-tron,2022,Truck,LPG,Automatic,2820.0,17.55,52824.31,3437,1672.43,North America
VH01282,Subaru,WRX,2013,Wagon,LPG,Automatic,3098.0,9.52,26915.94,2715,1327.67,Africa
VH01865,BMW,3 Series,2010,Truck,Electric,DCT,0.0,5.31,58228.0,1581,3293.54,Europe
VH03653,Ford,Mustang,2024,Sedan,,CVT,2622.0,16.29,25583.7,4017,710.45,South Asia
VH00725,Kia,Forte,2021,SUV,Hybrid,Automatic,2510.0,17.78,31231.86,3478,930.58,Asia Pacific
VH01254,Jeep,Wrangler,2020,SUV,Diesel,Automatic,3404.0,14.87,25859.25,1923,1176.39,Middle East
VH01721,Toyota,Tacoma,2017,SUV,Diesel,CVT,3290.0,24.88,27515.84,3996,1192.17,North America
VH04609,KIA,Soul,2019,Coupe,diesel,DCT,2641.0,24.83,22717.54,1653,910.7,Middle East
VH01556,Porsche,Boxster,2005,Coupe,LPG,DCT,3263.0,14.07,53814.98,4373,3983.27,Middle East
VH02496,Kia,Forte,2012,Convertible,Hybrid,DCT,3416.0,33.02,28274.65,3345,1599.3,North America
VH02188,Hyundai,Santa Fe,2019,Coupe,CNG,DCT,3008.0,19.93,26850.06,4920,1150.2,Africa
VH03881,Mazda,CX-9,2019,Coupe,,Manual,1488.0,33.17,28552.23,1913,1195.84,North America
VH03128,Lexus,ES,2023,Van,CNG,AMT,3318.0,19.69,31637.5,2815,937.65,Middle East
VH01035,Mercedes-Benz,GLE,2014,Hatchback,Diesel,Automatic,2557.0,23.85,31541.48,1836,1312.87,Latin America
VH00953,Land Rover,Freelander,2012,SUV,Petrol,Automatic,3691.0,17.4,57934.97,3277,2012.92,Europe
VH02826,Ford,F-150,2014,Sedan,Petrol,CVT,2993.0,15.68,31576.01,3854,1329.16,Africa
VH01903,  Lexus  ,NX,2021,Hatchback, Electric ,Automatic,0.0,13.27,53074.75,872,1772.21,Africa
VH00743,Hyundai,Kona,2023,Truck,Hybrid,Automatic,4150.0,,26699.06,1280,918.68,Europe
VH04406,  Subaru  ,WRX,2023,Truck, Petrol ,CVT,4951.0,16.47,28015.25,3378,1029.87,North America
VH03107,Land Rover,Range Rover,2019,SUV,Petrol,DCT,3276.0,9.43,48524.51,3730,2174.37,Middle East
VH04162,Mazda,Mazda3,2013,Convertible,Hybrid,CVT,1030.0,25.21,31619.24,2875,1856.82,Middle East
VH04256,Chevrolet,Silverado,2022,Sedan,Diesel,Manual,2365.0,17.93,19095.16,3851,585.11,Asia Pacific
VH03439,BMW,5 Series,2009,Truck,Electric,AMT,0.0,10.73,53360.24,365,2612.32,Europe
VH02026,Subaru,Crosstrek,2020,Wagon,Diesel,Automatic,3322.0,11.19,29177.84,117,1116.58,Europe
VH03694,Lexus,RX,2008,Hatchback,Diesel,Manual,3369.0,17.69,41972.4,1939,2713.51,North America
VH01667,Tesla,Cybertruck,2008,Sedan,Diesel,,3498.0,22.49,44561.36,4645,2057.71,South Asia
VH04913,Mercedes-Benz,E-Class,2017,Convertible,Petrol,Manual,2516.0,9.62,45696.43,4478,1365.81,South Asia
VH02317,Volvo,XC40,2013,Hatchback,Petrol,,2911.0,10.69,31955.78,2630,,Africa
VH03651,Volvo,XC90,2019,SUV,Hybrid,AMT,4043.0,28.52,47065.91,1516,1561.5,Middle East
VH03049,BMW,X5,2009,Convertible,LPG,Manual,2598.0,13.7,,2161,2297.32,Europe
VH01748,Jeep,Gladiator,2015,SUV,Petrol,Manual,2769.0,,25710.79,3565,1243.68,Africa
VH03725,Ram,3500,2011,Van,CNG,CVT,,15.59,28886.19,3303,1414.14,North America
VH01346,Volkswagen,Jetta,2014,SUV,Hybrid,DCT,3907.0,34.27,29252.28,4894,1312.14,North America
VH00234,Land Rover,Defender,2011,SUV,Hybrid,Automatic,,32.21,47621.68,3891,1996.24,North America
VH01076,Mazda,CX-9,2022,Wagon,Diesel,Manual,2778.0,12.05,25341.6,3748,906.3,Europe
VH04641,Kia,Carnival,2024,Truck,Electric,Manual,0.0,11.1,37835.46,930,1190.95,Latin America
VH00849,Hyundai,Santa Fe,2006,Hatchback,CNG,CVT,1261.0,12.85,24665.36,4810,1239.37,Europe
VH00634,Ram,Dakota,2007,Truck,Petrol,DCT,5916.0,11.45,31338.01,3049,1558.08,North America
VH01718,BMW,M3,2020,Truck,Electric,DCT,0.0,12.76,67609.34,2186,2203.65,South Asia
VH00416,Mazda,CX-9,2011,Convertible,Petrol,DCT,1770.0,17.12,21545.72,2062,1142.83,Latin America
VH02500,Land Rover,Defender,2018,SUV,Hybrid,Manual,4516.0,33.13,46758.06,308,,Europe
VH01789,Porsche,Cayenne,2009,Coupe,Diesel,AMT,,17.87,48482.86,1240,2455.65,Africa
VH01371,Mercedes-Benz,GLC,2021,Van,LPG,AMT,3029.0,17.7,52352.76,2149,1787.93,North America
VH01030,  Audi  ,Q7,2006,Truck, Hybrid ,AMT,4684.0,28.56,58685.32,377,3085.84,Africa
VH03504,Kia,Sorento,2018,Wagon,Electric,AMT,0.0,11.25,29775.41,2251,1033.95,Europe
VH04667,Volkswagen,Jetta,2018,SUV,Diesel,Manual,2903.0,11.86,32159.07,2536,1125.24,South Asia
VH00018,Tesla,Model Y,2023,SUV,Diesel,CVT,2527.0,19.93,49310.23,2526,1699.03,Europe
VH03293,Volkswagen,Passat,2019,Convertible,Diesel,AMT,1938.0,13.38,27229.18,4603,1065.18,Asia Pacific
VH04741,Honda,HR-V,2009,SUV,Diesel,Automatic,4504.0,13.49,27659.23,3019,1416.95,Africa
VH02777,Mazda,Mazda3,2009,Sedan,Hybrid,AMT,2884.0,18.08,26730.74,956,1557.17,North America
VH03921,Chevrolet,Colorado,2018,SUV,Hybrid,DCT,4123.0,29.71,33661.17,1485,1373.4,Europe
VH00597,Porsche,Boxster,2013,Convertible,LPG,Automatic,1983.0,13.08,53834.65,3723,2611.04,Asia Pacific
VH02371,Volkswagen,Jetta,2023,Wagon,CNG,DCT,3011.0,20.43,27865.3,4731,965.94,Asia Pacific
VH02225,Volvo,C40,2023,SUV,CNG,DCT,4615.0,14.53,,-2292,1253.37,Asia Pacific
VH02060,Nissan,Altima,2011,Truck,CNG,Automatic,2633.0,16.27,23610.17,3066,935.42,Latin America
VH02697,Tesla,Model S,2022,Sedan,Diesel,Manual,2251.0,10.81,61272.0,1956,2248.13,South Asia
VH04354,Mercedes-Benz,GLC,2023,Truck,Hybrid,DCT,2720.0,16.93,61089.08,2460,1943.36,North America
VH03716,Ram,1500,2014,Truck,CNG,DCT,3055.0,21.07,30707.58,1467,1520.29,Middle East
VH00372,Ford,Escape,2007,Sedan,Hybrid,Manual,1636.0,17.7,25262.36,2568,2014.95,Europe
VH01420,Tesla,Model 3,2007,Sedan,Petrol,CVT,1936.0,18.16,54239.95,922,3120.62,Middle East
VH01874,PORSCHE,Cayenne,2019,Coupe,,CVT,3259.0,16.94,40062.92,3700,1581.17,Middle East
VH00853,Nissan,Altima,2015,Coupe,CNG,Automatic,2622.0,19.78,26937.08,77,1185.93,Europe
VH00599,Jeep,Wrangler,2021,SUV,CNG,AMT,4693.0,14.46,23311.36,1971,684.47,North America
VH00677,TESLA,Model 3,2010,SUV,lpg,Manual,2525.0,17.0,47289.89,2245,2564.62,Middle East
VH00239,Jeep,Wrangler,2018,SUV,LPG,AMT,3387.0,16.88,,2001,1022.13,Latin America
VH03794,Jeep,Renegade,2012,SUV,Petrol,AMT,4079.0,16.68,33910.65,2936,1562.87,South Asia
VH02524,  Tesla  ,Model S,2017,SUV, Petrol ,CVT,2035.0,10.84,60633.62,2316,2454.69,Latin America
VH02705,Tesla,Cybertruck,2012,SUV,Petrol,AMT,3530.0,14.05,48190.24,3517,2679.23,Europe
VH04770,Mazda,MX-5 Miata,2010,Hatchback,Hybrid,CVT,1675.0,26.29,22771.6,4145,1360.29,South Asia
VH02171,Kia,Soul,2024,Wagon,CNG,Manual,3015.0,14.79,21825.88,4354,567.77,South Asia
VH00076,Volkswagen,Atlas,2023,Convertible,Electric,Automatic,0.0,14.59,32823.22,2034,1132.81,Africa
VH04520,Mercedes-Benz,E-Class,2013,SUV,CNG,AMT,2985.0,19.64,48805.77,2505,2650.27,Europe
VH02630,Volvo,S60,2021,SUV,Hybrid,DCT,2583.0,29.38,50732.73,2652,1523.63,Latin America
VH03700,Mazda,Mazda3,2024,Coupe,Petrol,Manual,1907.0,10.07,,4208,1039.23,Middle East
VH03999,Nissan,Rogue,2023,Coupe,Hybrid,CVT,2205.0,25.57,21541.28,456,660.5,Europe
VH02846,Tesla,Model X,2005,Sedan,,AMT,2639.0,13.5,43249.73,3339,2801.32,Europe
VH02417,Land Rover,Discovery,2007,SUV,Diesel,Automatic,2529.0,13.74,58499.1,2908,3903.89,Asia Pacific
VH02005,Land Rover,Freelander,2017,SUV,Hybrid,Manual,4333.0,34.17,50122.22,4311,1668.86,Asia Pacific
VH02352,Lexus,GX,2020,Wagon,Petrol,Manual,1687.0,8.8,51478.55,1989,1927.39,Asia Pacific
VH01615,Toyota,Corolla,2019,Van,Petrol,CVT,1953.0,12.13,26381.84,1872,1210.66,Middle East
VH03726,Ram,ProMaster,2019,Van,Electric,Automatic,0.0,11.23,31010.61,4400,1237.68,Latin America
VH04323,Lexus,NX,2012,Coupe,Diesel,,2192.0,14.13,50463.17,1092,3227.36,Europe
VH00932,Lexus,ES,2006,Van,Diesel,AMT,2973.0,16.53,51849.41,4929,2783.68,Europe
VH01130,Jeep,Wrangler,2015,SUV,Diesel,CVT,1589.0,10.11,26188.21,340,1200.18,South Asia
VH00097,BMW,X5,2021,Truck,Hybrid,AMT,5600.0,15.8,51668.85,569,1756.35,Middle East
VH00857,,Frontier,2016,Van,,CVT,0.0,9.31,33923.22,4956,1267.53,Europe
VH04617,Lexus,LS,2011,Coupe,LPG,Manual,3483.0,12.91,39989.65,2477,2681.7,Africa
VH02343,Tesla,Model S,2008,SUV,LPG,Automatic,3230.0,,48519.59,1180,2827.47,Asia Pacific
VH00622,Lexus,GX,2006,Convertible,Hybrid,Automatic,2263.0,28.51,58103.18,2227,1890.33,Middle East
VH02375,BMW,5 Series,2013,Hatchback,Hybrid,Automatic,2934.0,23.42,45297.69,3693,1882.64,North America
VH03760,Chevrolet,Colorado,2024,Truck,Electric,Manual,0.0,14.83,36647.2,1813,1063.96,South Asia
VH00567,Volkswagen,Atlas,2012,Coupe,,CVT,0.0,7.27,30045.4,730,1274.72,Asia Pacific
VH01706,Ford,Escape,2005,Sedan,Gas,AMT,2281.0,18.61,25324.32,84,1529.1,Asia Pacific
VH03722,Jeep,Gladiator,2014,SUV,Hybrid,AMT,3967.0,21.63,34899.77,3749,1945.57,Middle East
VH00749,Hyundai,Tucson,2021,Sedan,Electric,CVT,0.0,7.23,34872.99,2415,1264.84,South Asia
VH01514,Tesla,Model Y,2006,SUV,CNG,AMT,3340.0,16.55,44503.72,933,2694.88,Latin America
VH00052,Honda,HR-V,2017,SUV,Diesel,Automatic,4031.0,16.29,37598.05,702,1951.41,Middle East
VH01042,Nissan,Altima,2008,Coupe,Hybrid,CVT,2117.0,21.52,28056.64,3520,1355.03,Latin America
VH01979,Honda,Ridgeline,2020,SUV,LPG,AMT,4063.0,12.46,24567.01,4482,866.78,North America
VH03526,Toyota,RAV4,2022,SUV,LPG,Manual,2666.0,11.1,22844.99,4735,784.5,North America
VH03180,Jeep,Wrangler,2024,SUV,CNG,Manual,2295.0,16.9,25226.79,3630,931.36,South Asia
VH00535,Audi,A6,2005,Wagon,Petrol,CVT,1374.0,18.47,53996.41,2872,3632.45,Latin America
VH04055,Mazda,CX-5,2015,SUV,Diesel,AMT,1739.0,15.75,27448.76,2096,1113.31,Europe
VH04582,Ram,3500,2006,Van,Electric,DCT,0.0,8.78,34041.79,3811,1917.82,Africa
VH00561,Nissan,Frontier,2007,Van,Hybrid,Manual,3332.0,23.04,32324.54,4796,1759.1,Middle East
VH00444,Honda,Pilot,2007,Sedan,Diesel,Automatic,2832.0,15.53,28557.15,1885,,South Asia
VH02690,Toyota,Camry,2009,Hatchback,CNG,CVT,1116.0,13.79,22719.65,980,910.27,Middle East
VH00196,Hyundai,Santa Fe,2021,Truck,Petrol,AMT,5161.0,18.65,29202.15,3134,1487.87,Africa
VH02883,Audi,A3,2016,Wagon,Electric,Manual,0.0,14.3,49635.5,2551,1908.72,Asia Pacific
VH03610,Honda,CR-V,2014,Convertible,CNG,AMT,2528.0,14.54,28061.61,628,1504.29,North America
VH01437,Chevrolet,Colorado,2006,Truck,Electric,DCT,,6.95,42626.95,2624,2887.27,Middle East
VH04141,Honda,Civic,2017,SUV,LPG,Manual,3362.0,15.14,24424.72,2251,1270.02,South Asia
VH03113,Mercedes-Benz,AMG GT,2014,Truck,Petrol,,5809.0,18.76,53991.14,532,2213.89,North America
VH04848,Jeep,Wrangler,2022,SUV,Petrol,CVT,4771.0,19.06,28973.11,3567,851.67,Latin America
VH01864,Lexus,ES,2007,Coupe,CNG,CVT,2047.0,15.71,40446.04,3337,,Middle East
VH02647,BMW,3 Series,2014,Coupe,Diesel,CVT,2790.0,19.38,47160.61,4240,1869.41,Asia Pacific
VH03027,BMW,3 Series,2011,Van,LPG,DCT,1974.0,17.93,49268.1,2614,2544.85,South Asia
VH01019,Hyundai,Kona,2020,Wagon,Electric,CVT,0.0,11.54,26160.02,2509,707.92,Middle East
VH00645,  Volvo  ,XC90,2016,Van, LPG ,CVT,2181.0,14.59,33841.53,182,1480.69,South Asia
VH00894,Mazda,CX-5,2024,SUV,Hybrid,Manual,,16.75,27615.13,263,652.8,Asia Pacific
VH04980,Toyota,Corolla,2013,Van,CNG,Manual,3163.0,19.78,22468.64,152,806.9,Europe
VH04760,Subaru,Outback,2013,SUV,Electric,Manual,0.0,10.2,37046.04,725,1771.29,Latin America
VH04989,Lexus,NX,2006,Truck,Diesel,Manual,5468.0,20.41,62695.44,4676,4431.25,Asia Pacific
VH00121,Toyota,RAV4,2021,Van,Hybrid,Manual,3428.0,31.78,33503.49,2780,1122.7,North America
VH03823,Audi,A3,2005,SUV,LPG,AMT,,15.24,42535.14,1395,1900.15,Asia Pacific
VH02275,Subaru,Legacy,2011,Sedan,CNG,Manual,2392.0,14.1,24778.98,2190,1735.72,Asia Pacific
VH03292,Kia,Carnival,2019,Sedan,Electric,Manual,0.0,11.36,36474.24,2339,1353.34,Europe
VH04968,Ram,Dakota,2017,Van,Diesel,Automatic,2350.0,13.51,27480.5,4832,1461.0,Europe
VH04385,Honda,Ridgeline,2019,SUV,LPG,,4240.0,9.06,21005.07,724,896.19,Europe
VH02319,Ram,Dakota,2008,Truck,Hybrid,CVT,,22.76,29715.29,3485,1623.59,North America
VH00135,Tesla,Model Y,2019,Sedan,Petrol,CVT,2558.0,18.4,48857.74,3911,2381.07,Europe
VH03883,Subaru,WRX,2024,SUV,Electric,Manual,0.0,12.15,27273.72,3602,767.42,South Asia
VH03397,Subaru,Impreza,2016,Truck,Petrol,DCT,2630.0,19.77,26115.16,4644,1358.64,Latin America
VH04682,Toyota,Highlander,2024,Van,Hybrid,Automatic,2420.0,28.49,32583.84,2824,1085.71,Middle East
VH03195,Mazda,CX-5,2016,Hatchback,LPG,Manual,3049.0,11.13,22742.12,1579,763.76,South Asia
VH00185,Audi,e-tron,2040,Wagon,LPG,DCT,1045.0,14.36,48112.81,4237,2613.26,South Asia
VH03259,Mercedes-Benz,GLE,2009,Convertible,Hybrid,Automatic,1706.0,33.26,66026.7,1616,3141.13,Africa
VH01746,Honda,Accord,2019,Wagon,LPG,CVT,1503.0,13.54,20012.35,1474,748.91,Europe
VH00512,Nissan,Sentra,2020,Van,Electric,DCT,0.0,13.69,33735.05,496,1319.99,Asia Pacific
VH04431,Chevrolet,Blazer,2019,SUV,CNG,Manual,2650.0,19.79,26603.59,1683,1142.06,South Asia
VH00063,Volvo,XC60,2014,Coupe,Electric,AMT,0.0,7.37,73897.83,908,4110.21,Europe
VH03254,Volvo,XC90,2017,Convertible,Hybrid,Manual,1844.0,34.37,57360.17,4781,2274.73,Latin America
VH03909,Nissan,Sentra,2023,Truck,LPG,CVT,5594.0,13.46,30829.19,2330,967.98,Middle East
VH03845,Toyota,Prius,2021,Truck,CNG,Automatic,3600.0,13.21,31832.37,1185,,South Asia
VH03705,Toyota,Corolla,2022,Sedan,Hybrid,DCT,1588.0,16.23,23022.85,4071,743.42,Europe
VH02224,  Lexus  ,IS,2015,Coupe, Hybrid ,AMT,2266.0,32.18,60517.36,1595,2566.39,North America
VH00252,Hyundai,Santa Fe,2015,Van,Petrol,,2738.0,14.01,28754.04,3983,1127.71,Latin America
VH00626,Ram,3500,2017,Truck,Petrol,Manual,3662.0,16.3,26730.44,1084,1022.38,Europe
VH00912,Honda,CR-V,2014,Hatchback,LPG,Automatic,3417.0,15.33,19373.07,2246,667.31,Europe
VH02373,Volvo,C40,2019,SUV,Petrol,DCT,4410.0,11.9,42458.3,2314,1506.7,Latin America
VH04950,Ford,Explorer,2014,Truck,LPG,CVT,4953.0,17.94,23728.14,3030,,Asia Pacific
VH03960,Mazda,CX-5,2015,Coupe,CNG,DCT,2097.0,16.82,25590.98,2943,1074.94,South Asia
VH00123,Kia,Carnival,2020,SUV,CNG,Automatic,3179.0,13.51,23174.58,2347,778.15,Asia Pacific
VH02268,Subaru,Crosstrek,2023,Hatchback,Hybrid,Automatic,3036.0,20.69,23300.75,3259,824.86,Middle East
VH01785,Jeep,Compass,2022,SUV,LPG,Manual,3606.0,15.1,29924.8,4189,981.88,North America
VH03306,Land Rover,Defender,2015,SUV,Petrol,AMT,2550.0,19.26,52583.96,2725,2491.64,Latin America
VH02537,Lexus,GX,2016,Truck,Hybrid,DCT,6048.0,31.98,58552.15,1258,2404.42,North America
VH01256,Ram,2500,2014,Van,Petrol,Manual,2499.0,17.49,,2134,1229.9,North America
VH00568,Volvo,XC40,2012,Truck,CNG,DCT,3103.0,17.63,53067.66,3858,2371.1,Africa
VH01850,Subaru,Legacy,2008,Hatchback,LPG,Automatic,3486.0,12.28,23689.25,1797,1351.04,Latin America
VH04942,Toyota,Tacoma,2009,Van,LPG,Manual,2351.0,11.66,24106.69,2666,1375.1,North America
VH00694,BMW,X5,2015,Truck,Diesel,Manual,3670.0,13.08,50223.31,3728,2308.8,Africa
VH03635,Chevrolet,Blazer,2015,Sedan,CNG,DCT,2767.0,18.63,24255.92,3900,1065.72,South Asia
VH03461,Tesla,Model S,2017,SUV,LPG,Manual,2266.0,12.43,41000.07,511,1434.46,South Asia
VH00978,Honda,HR-V,2013,Sedan,Diesel,Automatic,3080.0,12.74,30866.83,3476,1341.99,Asia Pacific
VH03257,Audi,A6,2006,SUV,Petrol,Manual,4875.0,15.53,46609.43,3324,3031.91,South Asia
VH03146,  Ford  ,F-150,2021,Truck, Petrol ,Automatic,2807.0,16.54,28547.79,1250,,Europe
VH03911,Mercedes-Benz,AMG GT,2021,Wagon,Diesel,AMT,3002.0,16.15,34393.47,1794,1383.9,Europe
VH03432,Toyota,Tacoma,2021,Convertible,Hybrid,CVT,1259.0,26.96,27516.23,1442,576.69,Africa
VH00721,Chevrolet,Colorado,2021,SUV,LPG,CVT,2958.0,9.03,23661.16,1058,678.57,South Asia
VH02803,Kia,Sportage,2018,Truck,Diesel,,4961.0,23.21,24727.54,2188,964.3,South Asia
VH04279,Porsche,Macan,2014,Convertible,Petrol,DCT,2782.0,10.19,45607.47,2708,1527.59,Africa
VH02105,Toyota,Corolla,2009,Sedan,Petrol,Manual,1055.0,12.03,26407.11,874,1203.94,North America
VH01922,Mercedes-Benz,C-Class,2013,Truck,Diesel,DCT,4993.0,16.83,50983.43,4491,2455.23,Middle East
VH03313,Chevrolet,Malibu,2020,SUV,Hybrid,Automatic,4409.0,16.72,30909.33,1807,952.42,North America
VH00603,Chevrolet,Blazer,2019,Truck,Petrol,CVT,4920.0,18.24,29479.54,4003,1013.94,Africa
VH03825,BMW,X5,2013,Sedan,LPG,Automatic,2891.0,10.28,47171.67,4914,1795.5,Africa
VH04721,Volkswagen,ID.4,2014,Truck,Hybrid,DCT,5797.0,29.51,31218.15,1818,1357.84,North America
VH01322,Volkswagen,ID.4,2024,Wagon,LPG,DCT,1950.0,11.35,24819.56,211,780.85,Africa
VH03796,Lexus,ES,2010,Truck,LPG,Manual,3758.0,13.77,52753.93,2874,2593.53,Latin America
VH04426,  Land Rover  ,Evoque,2009,SUV, Diesel ,DCT,1717.0,19.62,58820.62,3182,,North America
VH00319,Mazda,CX-5,2009,Coupe,LPG,Automatic,3429.0,15.34,16013.46,2284,819.94,Asia Pacific
VH02793,Honda,Accord,2021,Hatchback,Electric,AMT,0.0,9.32,21858.67,599,726.48,Europe
VH00916,Land Rover,Discovery,2013,SUV,Hybrid,AMT,3508.0,18.12,50385.8,837,2497.55,North America
VH00275,Porsche,Taycan,2008,SUV,LPG,AMT,1832.0,13.28,44617.19,2350,2680.42,Latin America
VH04951,Mazda,Mazda3,2011,Coupe,Electric,Automatic,0.0,13.33,32046.61,617,1712.39,Middle East
VH00550,  Lexus  ,RX,2014,SUV, Electric ,AMT,0.0,7.02,64167.83,802,2503.16,Africa
VH02388,Land Rover,Evoque,2018,SUV,CNG,AMT,4891.0,20.93,50162.67,4507,2113.94,Latin America
VH01593,JEEP,Gladiator,2021,SUV,petrol,CVT,3501.0,8.75,26741.0,1795,950.97,Middle East
VH04972,Subaru,Legacy,2005,Sedan,Petrol,Automatic,3266.0,8.33,23745.08,1859,,Latin America
VH03040,Hyundai,Santa Fe,2010,Hatchback,Petrol,DCT,2603.0,19.81,25219.9,4019,1039.54,Asia Pacific
VH00606,Tesla,Cybertruck,2012,Sedan,Electric,Manual,0.0,14.87,64400.12,2716,2992.0,Asia Pacific
VH01021,Audi,A3,2030,Hatchback,CNG,AMT,1121.0,12.3,42252.03,3419,1138.79,Europe
VH00528,BMW,3 Series,2019,Convertible,LPG,Automatic,1019.0,,61341.48,3619,2041.52,Latin America
VH04238,Land Rover,Defender,2008,SUV,Diesel,AMT,1796.0,15.16,38034.21,403,1791.1,Middle East
VH03766,Honda,CR-V,2010,Convertible,Petrol,DCT,2090.0,13.16,31926.12,4771,1824.56,Africa
VH04102,Tesla,Model Y,2017,SUV,Petrol,Automatic,4924.0,10.95,50878.3,2077,2216.97,South Asia
VH00830,Chevrolet,Colorado,2017,Sedan,Electric,Automatic,0.0,10.43,31104.09,4955,1115.07,Middle East
VH03904,  Land Rover  ,Range Rover,2024,SUV, CNG ,Automatic,3671.0,18.58,49408.77,1223,1849.51,Africa
VH04905,Ram,1500,2015,Van,Hybrid,,2059.0,29.8,32314.65,1815,,Latin America
VH04060,Ram,2500,2021,Van,Diesel,AMT,,17.63,35050.15,3766,1227.56,Latin America
VH04332,Kia,Sportage,2008,Truck,Hybrid,Manual,2502.0,19.33,40042.72,296,2277.26,North America
VH00299,Nissan,Pathfinder,2013,Coupe,LPG,DCT,2937.0,13.47,25167.26,1204,893.69,Europe
VH00069,  Mercedes-Benz  ,GLC,2017,Truck, Petrol ,CVT,2726.0,13.73,53786.85,699,2742.79,Asia Pacific
VH04261,Porsche,Panamera,2030,Coupe,Diesel,Manual,2086.0,12.84,40862.39,3204,2117.94,Asia Pacific
VH04236,Porsche,911,2016,Coupe,Petrol,AMT,2870.0,11.48,54836.51,1259,2250.17,South Asia
VH04421,Nissan,Murano,2021,Convertible,Electric,Automatic,0.0,8.85,26907.84,4575,947.77,Europe
VH03856,Jeep,Compass,2005,SUV,LPG,CVT,4673.0,16.98,20983.82,1103,1276.59,Middle East
VH03534,BMW,3 Series,2010,Convertible,Hybrid,DCT,3483.0,22.72,54351.91,2765,2912.4,Middle East
VH02276,BMW,3 Series,2018,Wagon,Petrol,AMT,3387.0,8.09,52692.22,232,1674.58,North America
VH01413,Kia,Telluride,2024,Van,Electric,Automatic,0.0,12.96,31035.78,4674,836.45,Latin America
VH00151,Porsche,Panamera,2014,SUV,CNG,AMT,4703.0,16.97,46042.14,516,1728.87,North America
VH00757,Mercedes-Benz,E-Class,2016,Sedan,Electric,DCT,0.0,8.15,53508.6,2932,2174.16,Latin America
VH03412,Land Rover,Freelander,2017,SUV,Hybrid,AMT,3253.0,18.69,55934.66,3385,2262.02,Europe
VH02555,Lexus,GX,2014,Coupe,LPG,CVT,2147.0,13.8,40127.83,3917,1912.01,Asia Pacific
VH01150,Ram,ProMaster,2023,Truck,Diesel,Manual,2698.0,,26953.58,2800,,Africa
VH03784,Subaru,WRX,2006,Sedan,Diesel,Automatic,1042.0,13.23,29073.94,3079,2311.88,North America
VH04346,Tesla,Model Y,2006,SUV,Electric,Manual,0.0,8.03,62510.86,1556,2413.37,Africa
VH02556,Volvo,XC60,2010,Convertible,Electric,AMT,0.0,12.06,61165.85,2258,2762.86,Middle East
VH04351,Volkswagen,ID.4,2022,Coupe,Hybrid,Manual,1871.0,23.71,29186.79,624,971.92,Asia Pacific
VH00377,Volvo,XC60,2007,Convertible,CNG,CVT,2952.0,21.39,37737.75,4877,2097.05,North America
VH03685,  Mercedes-Benz  ,AMG GT,2019,Sedan, Electric ,CVT,0.0,6.69,45113.09,4523,1830.96,South Asia
VH03037,Subaru,Impreza,2020,Van,Petrol,,2425.0,18.91,31224.49,1015,1299.9,South Asia
VH00860,Chevrolet,Equinox,2015,Sedan,Diesel,CVT,1323.0,24.03,20868.54,1640,993.81,Latin America
VH02283,Lexus,IS,2021,Convertible,Diesel,DCT,1373.0,17.56,57915.22,734,1938.46,Africa
VH01500,Chevrolet,Malibu,2015,Truck,Diesel,Manual,3323.0,15.29,31688.75,4015,1598.73,North America
VH00379,Land Rover,Freelander,2013,SUV,Diesel,Automatic,1912.0,13.58,52308.42,3362,2859.05,South Asia
VH04433,Nissan,Murano,2022,Sedan,Diesel,DCT,1756.0,14.41,23979.2,4670,896.39,Asia Pacific
VH01515,Land Rover,Evoque,2005,SUV,LPG,Automatic,1599.0,17.19,50700.58,3887,3092.87,Middle East
VH02896,Mercedes-Benz,S-Class,2005,Convertible,Electric,DCT,0.0,12.25,67201.38,1212,4402.4,Africa
VH01003,Land Rover,Range Rover,2018,SUV,Electric,Automatic,0.0,8.27,76388.59,2074,3136.66,Latin America
VH01406,Porsche,Taycan,2014,SUV,Hybrid,Manual,3965.0,24.07,63937.94,924,2390.32,Asia Pacific
VH02003,Ram,1500,2017,Truck,LPG,Manual,4238.0,,31240.97,4129,980.85,Europe
VH04449,Ram,ProMaster,2009,Van,Petrol,,,16.6,22147.86,3184,1511.53,Europe
VH04483,Volvo,V60,2021,Coupe,Petrol,DCT,1099.0,16.89,45012.12,707,1145.65,Latin America
VH04994,Kia,Sorento,2018,Hatchback,CNG,Automatic,1712.0,13.74,20236.41,4344,948.78,Europe
VH03008,Ram,Dakota,2007,Van,Diesel,CVT,2950.0,11.13,22237.92,2959,1331.71,Middle East
VH02349,HYUNDAI,Kona,2023,Van,lpg,Manual,3454.0,14.96,24885.34,2731,784.77,Asia Pacific
VH02933,Mazda,CX-5,2005,Wagon,Electric,CVT,0.0,13.27,30529.45,853,1646.49,Europe
VH00795,BMW,X5,2014,Hatchback,Hybrid,Manual,2569.0,30.91,52364.78,3526,2057.35,Latin America
VH02615,Kia,Sorento,2011,SUV,LPG,,3522.0,13.75,21356.68,2110,907.71,South Asia
VH00842,Kia,Soul,2020,SUV,Electric,DCT,0.0,7.0,35673.33,1548,1251.71,South Asia
VH01730,Hyundai,Palisade,2012,Truck,Petrol,DCT,2528.0,17.35,26938.98,2175,1582.02,Middle East
VH01372,Hyundai,Tucson,2005,Convertible,Diesel,CVT,1919.0,19.0,26584.14,2581,1583.41,Europe
VH00176,BMW,M3,2019,Truck,Hybrid,,5508.0,21.37,61294.29,565,2729.4,Middle East
VH04161,Kia,Sorento,2018,Convertible,Diesel,CVT,2218.0,21.44,36959.75,1981,1626.04,North America
VH02834,Honda,Pilot,2016,Truck,CNG,Automatic,,17.2,26709.18,2920,1055.9,North America
VH02577,Honda,Ridgeline,2017,Convertible,Electric,AMT,0.0,6.24,31116.68,3525,,Asia Pacific
VH00046,Volvo,XC90,2013,SUV,Diesel,Manual,2003.0,10.21,60753.46,1397,3097.91,South Asia
VH03769,Hyundai,Santa Fe,2012,Truck,LPG,,2724.0,16.61,29165.93,4681,1633.59,Middle East
VH04585,Subaru,Legacy,2021,Sedan,Petrol,Manual,1642.0,13.69,22391.96,4074,643.01,South Asia
VH01872,Ford,Explorer,2008,SUV,Electric,Automatic,0.0,11.72,38417.21,2760,,Latin America
VH04317,Ford,Edge,2015,SUV,Hybrid,CVT,3292.0,,31468.44,2860,1621.99,South Asia
VH00897,Lexus,RX,2019,Sedan,Hybrid,Manual,1201.0,21.47,40457.45,1212,1148.89,Latin America
VH01596,Lexus,NX,2021,Truck,Electric,AMT,0.0,8.83,58239.21,4433,,Europe
VH03228,Lexus,IS,2018,Hatchback,CNG,CVT,-500.0,20.93,35221.62,4845,1449.35,North America
VH03519,Audi,A4,2005,Convertible,Diesel,Manual,2969.0,23.27,52488.15,4531,3102.18,Middle East
VH04879,Ram,2500,2008,Truck,LPG,DCT,3739.0,17.43,26758.65,1017,1567.55,North America
VH04862,  Mercedes-Benz  ,GLE,2015,Coupe, CNG ,Automatic,1270.0,21.7,43213.11,388,2097.7,South Asia
VH01783,Lexus,RX,2015,Wagon,CNG,Manual,1337.0,21.33,42123.98,1255,1976.78,Europe
VH03785,Toyota,Highlander,2011,Coupe,LPG,AMT,1714.0,13.8,24932.07,2952,1246.66,Europe
VH01670,Tesla,Model Y,2022,SUV,CNG,DCT,3998.0,13.54,50157.26,3688,1521.13,Latin America
VH02506,Kia,Sportage,2011,Convertible,Hybrid,Manual,1625.0,33.63,27752.77,4207,1388.78,Latin America
VH00284,Audi,e-tron,2006,SUV,CNG,Manual,3519.0,20.06,43923.87,4007,2058.96,North America
VH01627,Nissan,Rogue,2012,Truck,Electric,CVT,0.0,10.38,34497.62,3055,1429.28,North America
VH02750,Land Rover,Defender,2015,SUV,Hybrid,Manual,3151.0,,58592.25,2642,2556.31,Latin America
VH01362,  Ram  ,1500,2008,Truck, Electric ,DCT,0.0,8.32,47626.73,1541,2085.97,South Asia
VH01418,Hyundai,Elantra,2018,Truck,Petrol,CVT,2743.0,16.48,30637.01,2658,1314.89,Africa
VH03905,Volkswagen,Atlas,2009,SUV,Hybrid,Manual,4234.0,15.94,31957.45,709,1705.56,North America
VH01753,Mercedes-Benz,C-Class,2018,Truck,,,5095.0,14.51,50982.57,2726,1931.86,Africa
VH04958,  Ram  ,ProMaster,2014,Van, Petrol ,,1970.0,11.82,24408.91,201,1260.11,Middle East
VH02979,Volvo,XC90,2018,Hatchback,Diesel,Manual,3232.0,13.32,46890.48,4332,1942.44,Asia Pacific
VH01486,Kia,Carnival,2010,Truck,Electric,Automatic,0.0,9.28,36494.0,1002,1756.39,Africa
VH04693,Kia,Carnival,2008,Truck,Electric,CVT,0.0,10.81,36661.49,3170,2347.86,Asia Pacific
VH01210,Nissan,Frontier,2009,Coupe,Electric,Manual,0.0,,36369.55,2015,2061.65,North America
VH03207,Kia,Carnival,2006,Van,Petrol,Automatic,2648.0,15.88,26279.3,4787,1443.97,Middle East
VH02421,Audi,A3,2024,Sedan,Diesel,Automatic,1624.0,24.84,55354.66,3576,,Europe
VH02785,Jeep,Gladiator,2015,SUV,Hybrid,Manual,3346.0,19.14,31295.44,3081,1405.53,Africa
VH02956,Tesla,Model 3,2006,SUV,Electric,AMT,0.0,7.28,76616.64,2335,3937.09,North America
VH01339,Subaru,Outback,2011,Coupe,Electric,AMT,0.0,6.56,25369.16,792,1437.61,Latin America
VH01085,Honda,Accord,2024,Coupe,Hybrid,DCT,2034.0,30.74,26931.48,925,700.95,Asia Pacific
VH04348,Hyundai,Santa Fe,2013,Wagon,Hybrid,Manual,1198.0,23.5,29132.51,4261,1547.05,Africa
VH04634,BMW,5 Series,2011,Wagon,Hybrid,DCT,2273.0,15.32,59612.77,3492,2921.2,Europe
VH01920,Ram,1500,2020,Truck,CNG,AMT,3795.0,19.37,24830.4,3389,573.75,Asia Pacific
VH01579,Volkswagen,Jetta,2018,Sedan,CNG,AMT,2011.0,14.32,19638.97,427,890.81,Europe
VH02104,Ram,ProMaster,2006,Truck,Electric,AMT,0.0,14.69,32772.02,4302,2213.6,North America
VH00100,Chevrolet,Equinox,2019,Sedan,Electric,AMT,0.0,11.12,32723.1,352,1314.49,South Asia
VH01741,Land Rover,Freelander,2010,SUV,N/A,AMT,2717.0,26.31,50803.04,3677,2585.46,Latin America
VH01393,Audi,Q7,2010,SUV,Hybrid,CVT,2015.0,28.55,52921.82,396,2488.19,Asia Pacific
VH01438,Volvo,C40,2007,Convertible,Hybrid,Automatic,1521.0,27.98,67506.42,2108,3596.2,Africa
VH03264,Honda,HR-V,2021,Van,Hybrid,Automatic,2970.0,15.63,24234.09,3369,805.86,North America
VH00352,MERCEDES-BENZ,GLE,2015,SUV,hybrid,DCT,4270.0,,62281.13,3553,1841.72,Latin America
VH02827,Land Rover,Defender,2021,SUV,CNG,DCT,2780.0,18.32,56585.36,3907,2006.27,Latin America
VH02534,Lexus,LS,2023,Van,Hybrid,AMT,2020.0,31.7,46227.71,1143,1583.24,Europe
VH02604,  Kia  ,Sorento,2021,Van, Electric ,Manual,0.0,7.62,26343.25,3185,1072.25,Europe
VH04258,Land Rover,Range Rover,2013,SUV,,,3661.0,9.1,37117.88,3198,1671.26,Europe
VH00719,Jeep,Renegade,2010,SUV,LPG,Automatic,3442.0,9.85,26319.68,2845,1333.71,South Asia
VH03133,Nissan,Sentra,2023,Hatchback,Hybrid,CVT,2508.0,24.67,23389.06,4380,949.89,Asia Pacific
VH04447,Toyota,Prius,2014,Truck,Hybrid,Manual,5248.0,20.38,28658.84,1620,1036.95,Middle East
VH03372,Ram,2500,2006,Truck,Diesel,CVT,5887.0,16.11,26333.54,4001,1745.67,Asia Pacific
VH03486,Mazda,CX-5,2020,Hatchback,Petrol,AMT,1538.0,14.64,27848.39,4592,859.62,Asia Pacific
VH00309,BMW,M3,2013,Convertible,Diesel,Manual,3436.0,11.21,57097.85,4954,2569.9,North America
VH04280,Toyota,Highlander,2014,Coupe,Electric,Manual,0.0,5.31,34070.67,374,1320.42,South Asia
VH00834,VOLKSWAGEN,ID.4,2024,Van,petrol,Manual,3486.0,17.05,23332.85,4489,766.22,Middle East
VH00367,BMW,X3,2013,Hatchback,Hybrid,Automatic,2198.0,32.24,43620.66,3693,,Asia Pacific
VH02281,Subaru,Outback,2007,Coupe,Diesel,AMT,,18.41,27564.07,2547,1176.92,North America
VH03090,Nissan,Rogue,2018,Wagon,Diesel,Automatic,3181.0,15.27,29715.12,1683,1194.74,Latin America
VH01882,Mazda,Mazda6,2011,Convertible,Petrol,CVT,2456.0,13.15,30220.19,401,1630.71,Latin America
VH03894,BMW,X5,2019,Hatchback,LPG,Manual,1688.0,13.24,39777.0,4770,1736.72,Africa
VH02789,Nissan,Rogue,2024,Hatchback,CNG,Manual,1589.0,12.29,22873.46,1124,479.48,Africa
VH00950,Volvo,XC60,2008,Coupe,Electric,CVT,0.0,13.73,66271.74,4441,3766.43,Latin America
VH04852,Land Rover,Evoque,2005,SUV,CNG,DCT,2490.0,17.86,43324.39,2318,3106.55,Europe
VH00020,Porsche,Panamera,2007,SUV,Diesel,Manual,1815.0,20.84,55012.25,3586,3058.9,Middle East
VH03671,Volvo,XC90,2012,SUV,CNG,DCT,4401.0,18.5,48305.96,4457,2542.75,Europe
VH02128,Ram,3500,2020,Van,Petrol,Automatic,3476.0,19.59,21405.32,3597,536.04,Latin America
VH02234,  Land Rover  ,Evoque,2024,SUV, CNG ,DCT,4398.0,18.8,43994.22,2433,971.68,North America
VH00219,Volvo,XC60,2015,Van,Hybrid,CVT,2704.0,18.74,33696.88,713,663.63,Latin America
VH03666,Tesla,Cybertruck,2008,Sedan,Hybrid,DCT,1925.0,15.4,53123.28,3300,2843.67,Africa
VH00439,Mercedes-Benz,AMG GT,2015,Hatchback,Petrol,Automatic,3379.0,8.14,41215.99,3577,1910.01,Asia Pacific
VH03733,Mercedes-Benz,C-Class,2021,Convertible,LPG,CVT,3088.0,17.68,,3473,1937.21,Asia Pacific
VH02907,Mazda,Mazda3,2013,Hatchback,Diesel,AMT,3108.0,15.83,23481.33,2729,1044.63,Latin America
VH01655,Subaru,Outback,2015,SUV,Diesel,CVT,1719.0,24.36,31808.94,397,1537.06,South Asia
VH03407,Subaru,Crosstrek,2020,Wagon,Petrol,DCT,1293.0,9.8,33086.15,471,981.43,North America
VH03555,Jeep,Compass,2013,SUV,Diesel,Automatic,2480.0,21.39,25349.17,4507,888.95,Asia Pacific
VH03238,Ford,Mustang,2018,Truck,Petrol,Manual,5931.0,10.57,27242.26,3539,1063.11,South Asia
VH04727,Chevrolet,Malibu,2018,SUV,LPG,Automatic,4638.0,17.8,25870.04,3958,1167.66,Africa
VH04061,Kia,Carnival,2015,Truck,Petrol,DCT,4508.0,11.11,30012.79,1507,1382.36,South Asia
VH02860,Hyundai,Elantra,2022,Coupe,LPG,AMT,1426.0,10.85,21855.76,4287,701.69,South Asia
VH00803,Lexus,ES,2021,Convertible,LPG,AMT,1449.0,10.26,40052.86,3810,1183.81,Latin America
VH03108,Chevrolet,Equinox,2012,Sedan,LPG,AMT,3192.0,11.2,21977.15,2917,1042.26,North America
VH02305,Hyundai,Palisade,2013,SUV,Diesel,Automatic,2313.0,21.86,36108.93,1458,1490.71,Middle East
VH03854,Mazda,CX-5,2012,Convertible,Petrol,CVT,2610.0,14.17,28883.57,4400,1281.86,Middle East
VH01414,Volkswagen,Atlas,2017,Coupe,Electric,Manual,0.0,14.65,37880.43,4682,1465.36,Asia Pacific
VH00583,Land Rover,Evoque,2014,SUV,Petrol,Automatic,4491.0,18.72,48460.69,3839,2522.77,Europe
VH00204,Mazda,CX-5,2011,Sedan,CNG,Automatic,2912.0,20.77,24392.85,527,1006.21,Middle East
VH04420,Lexus,IS,2008,Van,Petrol,CVT,3434.0,11.63,53968.86,3738,2533.47,South Asia
VH03538,Chevrolet,Tahoe,2007,SUV,Petrol,Automatic,3532.0,12.74,26792.12,1207,1043.38,North America
VH00945,Volvo,XC40,2007,Sedan,Hybrid,Automatic,1071.0,30.02,52819.1,3731,3177.05,Latin America
VH02527,Ram,3500,2005,Van,CNG,Automatic,,14.69,26951.97,3544,1427.19,Africa
VH02253,Chevrolet,Colorado,2023,SUV,Hybrid,Automatic,3678.0,25.46,33498.59,4813,794.73,Africa
VH03529,Chevrolet,Silverado,2023,Truck,CNG,AMT,6064.0,13.2,23491.04,3175,711.96,North America
VH03358,Ford,F-150,2021,Truck,Hybrid,AMT,2828.0,29.99,27626.5,3703,924.6,Europe
VH00965,Ram,2500,2006,Truck,CNG,AMT,3222.0,17.9,24549.13,375,1458.76,South Asia
VH01096,Honda,Pilot,2016,Coupe,Electric,DCT,0.0,11.8,33517.99,4445,1471.34,Asia Pacific
VH02030,Volkswagen,ID.4,2005,Coupe,Diesel,Automatic,1163.0,13.97,26194.18,2260,1653.22,North America
VH03135,Lexus,NX,2021,Sedan,Diesel,DCT,1263.0,10.36,44474.57,1477,1450.58,Europe
VH02198,Lexus,NX,2009,Convertible,LPG,AMT,1971.0,17.13,35110.41,1082,1508.48,South Asia
VH03471,Tesla,Model Y,2017,Sedan,LPG,DCT,1752.0,9.87,37738.99,170,1525.12,Europe
VH00518,Porsche,Panamera,2024,Convertible,CNG,DCT,3372.0,19.57,,1201,1793.56,Middle East
VH02370,Porsche,Taycan,2023,SUV,Petrol,CVT,2061.0,19.04,47958.49,3847,1766.07,Latin America
VH03474,Mercedes-Benz,S-Class,2006,Sedan,Electric,Manual,0.0,9.14,62993.99,4747,2797.4,Middle East
VH01944,Mercedes-Benz,GLC,2011,SUV,Hybrid,Manual,4732.0,16.52,56970.94,2111,2881.86,South Asia
VH00669,Toyota,RAV4,2023,Hatchback,Diesel,Automatic,2001.0,,22250.05,4098,899.36,Asia Pacific
VH04276,Lexus,GX,2006,SUV,LPG,DCT,4132.0,10.91,51176.61,2908,3521.83,South Asia
VH02481,Mazda,Mazda3,2012,Truck,LPG,CVT,4982.0,12.28,22772.63,668,1030.53,Latin America
VH04991,Hyundai,Palisade,2022,Truck,Petrol,CVT,4086.0,8.49,35506.39,1325,1157.11,South Asia
VH03853,Mazda,Mazda6,2016,SUV,CNG,,4341.0,-21.7,30278.65,1633,1287.05,Africa
VH02610,Volkswagen,Golf,2008,Wagon,LPG,AMT,1800.0,15.04,20648.29,156,868.07,Asia Pacific
VH02293,Ram,ProMaster,2013,Truck,,Manual,2564.0,,31319.87,2826,1244.55,Middle East
VH04461,BMW,X5,2010,Sedan,Diesel,AMT,1784.0,24.26,41042.43,1976,2132.32,Africa
VH02195,  Porsche  ,Panamera,2015,Coupe, CNG ,CVT,1468.0,13.18,42379.15,539,1728.53,North America
VH04106,Lexus,LS,2012,SUV,Electric,AMT,0.0,9.06,64414.06,2918,3784.76,South Asia
VH03514,Volkswagen,Golf,2011,Coupe,CNG,Manual,3032.0,18.33,,315,1165.94,South Asia
VH04924,Mercedes-Benz,AMG GT,2016,Wagon,Diesel,Automatic,3370.0,13.42,46813.79,2446,1814.74,Middle East
VH00760,Kia,Sportage,2013,SUV,Hybrid,Manual,3804.0,24.1,33660.1,4577,1794.34,Middle East
VH04031,Mercedes-Benz,E-Class,2022,Wagon,Diesel,Manual,1005.0,13.12,44840.6,269,1501.96,South Asia
VH01989,Volkswagen,Atlas,2012,Sedan,Diesel,DCT,2003.0,11.01,28406.17,2980,1288.2,Europe
VH00215,Subaru,Outback,2012,Hatchback,Hybrid,Automatic,2341.0,23.69,24974.87,1799,1279.41,Middle East
VH04740,Toyota,Tacoma,2006,SUV,Petrol,Manual,3960.0,8.11,28080.06,3049,1749.73,Middle East
VH03966,Land Rover,Discovery,2021,SUV,Hybrid,Automatic,4026.0,24.54,53137.63,4470,2065.18,North America
VH02116,Nissan,Frontier,2017,Hatchback,LPG,Automatic,2368.0,12.97,23093.36,691,1103.92,North America
VH03857,Volkswagen,ID.4,2018,Hatchback,CNG,DCT,1750.0,20.64,20727.62,1055,887.55,Asia Pacific
VH00197,Mazda,MX-5 Miata,2011,Hatchback,Hybrid,AMT,2428.0,23.18,27627.92,2905,1293.36,Europe
VH01116,Toyota,Highlander,2005,SUV,LPG,Manual,2613.0,9.28,23311.44,2867,1297.99,Africa
VH02723,Ram,1500,2022,Van,Petrol,,1941.0,18.46,27106.02,385,1055.42,North America
VH04146,Mazda,Mazda6,2019,Truck,Petrol,CVT,5393.0,15.98,28634.53,3329,1156.71,Asia Pacific
VH00888,Mercedes-Benz,C-Class,2017,Sedan,Diesel,AMT,3360.0,20.72,56564.3,233,1915.42,Africa
VH01425,Mazda,CX-30,2024,Hatchback,Hybrid,Manual,3386.0,29.54,24093.98,3111,707.76,Europe
VH02888,Ford,F-150,2008,Truck,Diesel,Automatic,4936.0,13.98,29206.85,4413,1634.35,Middle East
VH00569,Audi,e-tron,2017,Sedan,Petrol,Automatic,2085.0,18.96,48154.51,755,1684.74,Latin America
VH01731,BMW,X3,2009,Convertible,,Manual,1684.0,12.45,51296.54,1118,2565.0,Middle East
VH03574,Land Rover,Evoque,2010,SUV,Petrol,CVT,2034.0,12.86,51116.27,56,2101.1,Europe
VH00140,Volvo,C40,2024,Truck,Diesel,Manual,2773.0,11.27,50245.32,3969,1363.42,Latin America
VH01294,Ford,Mustang,2009,SUV,Petrol,Automatic,3885.0,18.93,13015.92,401,752.42,South Asia
VH04392,Mercedes-Benz,GLC,2024,Sedan,LPG,Manual,2332.0,13.99,32884.42,1437,1171.63,South Asia
VH01635,Honda,CR-V,2007,Van,Hybrid,Automatic,3271.0,22.37,29519.78,937,1271.16,Middle East
VH00464,Tesla,Model X,2015,Sedan,Electric,CVT,0.0,9.24,59467.07,3652,2280.28,South Asia
VH02408,Toyota,Prius,2008,Wagon,CNG,DCT,2656.0,19.2,27037.35,4993,1520.58,South Asia
VH00595,Land Rover,Discovery,2016,SUV,,CVT,2426.0,18.58,57876.36,1456,2543.63,North America
VH02246,Chevrolet,Malibu,2012,Sedan,CNG,AMT,1989.0,21.79,25524.1,2742,888.86,North America
VH00451,Jeep,Compass,2024,SUV,Electric,,0.0,6.16,35052.82,3448,1008.85,Europe
VH01836,BMW,X5,2019,Hatchback,Petrol,AMT,2348.0,12.7,40147.23,4808,1485.19,Middle East
VH01887,Audi,Q5,2018,Convertible,Petrol,Automatic,2702.0,16.23,50403.21,1794,2140.22,Asia Pacific
VH03321,Ram,1500,2021,Van,LPG,Manual,3374.0,11.41,29715.86,2937,864.03,North America
VH01551,Nissan,Sentra,2016,Van,CNG,Automatic,2933.0,19.4,26508.78,232,1062.12,Latin America
VH01273,Ram,3500,2018,Truck,LPG,DCT,4715.0,14.91,23033.01,4460,777.79,Latin America
VH02087,Porsche,Panamera,2023,SUV,CNG,AMT,3281.0,19.88,37407.24,475,900.59,Asia Pacific
VH04865,Kia,Soul,2009,Van,Hybrid,CVT,2569.0,23.44,30642.82,2932,1599.79,Middle East
VH04085,Hyundai,Palisade,2018,Sedan,Petrol,Automatic,2872.0,,18521.85,2253,701.26,Asia Pacific
VH03804,Porsche,Boxster,2019,Coupe,Diesel,Manual,2684.0,10.19,48394.89,1968,1839.69,Asia Pacific
VH04372,Ford,Edge,2016,Sedan,Electric,,0.0,14.31,32578.28,4160,1920.31,Africa
VH03492,Audi,A6,2022,Hatchback,Diesel,Manual,1688.0,21.28,42900.05,2190,1548.73,North America
VH04758,Kia,Telluride,2021,Truck,Hybrid,DCT,3983.0,20.34,33236.53,2568,1430.91,North America
VH01000,Ram,3500,2012,Truck,Petrol,AMT,3553.0,8.24,25666.54,2774,815.24,Europe
VH02313,  Hyundai  ,Tucson,2017,Coupe, Electric ,DCT,0.0,13.69,28922.64,677,1585.63,South Asia
VH04294,Volvo,V60,2020,Coupe,Hybrid,AMT,1341.0,25.64,56347.96,2495,2153.04,South Asia
VH00193,BMW,X5,2018,Truck,,CVT,5205.0,16.05,57145.27,2222,2101.7,North America
VH03874,,Forester,2006,Van, Electric ,AMT,0.0,14.76,32708.61,78,2133.76,South Asia
VH04249,Toyota,Tacoma,2005,Sedan,CNG,Automatic,2199.0,13.52,21569.42,1713,1302.27,Asia Pacific
VH04768,Ram,1500,2023,Truck,,AMT,3744.0,17.54,23421.33,1657,649.54,Latin America
VH04300,Ford,Escape,2022,SUV,Petrol,Automatic,2765.0,17.41,26735.36,4964,964.24,South Asia
VH04498,Volvo,C40,2017,Hatchback,Petrol,Manual,2558.0,13.78,36468.43,3552,1662.49,Africa
VH02092,Ram,Dakota,2006,Van,Diesel,AMT,2043.0,12.03,29364.02,1413,1882.47,North America
VH02643,Audi,A6,2022,Coupe,Electric,DCT,0.0,,61741.33,3245,2025.62,Africa
VH04441,Volkswagen,ID.4,2012,Van,Hybrid,DCT,3312.0,16.76,25631.02,3155,921.23,Latin America
VH01778,Mercedes-Benz,GLE,2022,Hatchback,,DCT,3034.0,14.18,44475.29,398,1705.11,Latin America
VH03593,Honda,Pilot,2006,Hatchback,Diesel,DCT,2242.0,,21681.88,4531,1398.0,Asia Pacific
VH04839,Ram,3500,2021,Van,CNG,Manual,2456.0,12.86,26988.53,2334,636.06,Asia Pacific
VH01434,Volkswagen,Passat,2024,Wagon,LPG,CVT,2047.0,14.63,26175.44,684,773.5,Africa
VH02752,Mazda,Mazda6,2023,Convertible,Hybrid,Automatic,3121.0,21.24,30266.7,22,1061.2,Europe
VH03079,  Honda  ,CR-V,2008,Sedan, Diesel ,Manual,3302.0,19.2,19216.79,1264,1074.93,South Asia
VH04829,Audi,A3,2006,Van,LPG,DCT,2107.0,11.8,42610.74,3625,1766.02,Middle East
VH03139,Volvo,C40,2024,Coupe,Petrol,Manual,1263.0,8.01,53572.22,3629,2054.18,South Asia
VH02597,Kia,Sportage,2016,Van,Petrol,,2139.0,11.87,27714.34,4967,1099.45,Europe
VH04996,Mazda,Mazda3,2024,Hatchback,,Manual,3097.0,17.89,23957.13,4534,835.8,Latin America
VH00192,Kia,Sorento,2014,SUV,Hybrid,Automatic,3755.0,22.58,29823.07,4392,1586.46,Africa
VH01555,Volvo,XC40,2024,Hatchback,Electric,CVT,0.0,11.97,48800.57,2870,1767.58,Asia Pacific
VH01787,Audi,A4,2010,Hatchback,Hybrid,DCT,3237.0,18.22,50210.42,3551,2525.38,Latin America
VH03083,Hyundai,Palisade,2021,Wagon,Petrol,Automatic,1937.0,19.35,25201.07,1856,768.17,Latin America
VH03704,Jeep,Renegade,2009,SUV,LPG,Automatic,3383.0,13.36,23806.08,2834,1197.32,North America
VH01269,Ram,ProMaster,2006,Van,Diesel,CVT,2276.0,,32277.48,914,2063.93,Europe
VH03047,Jeep,Grand Cherokee,2018,SUV,Petrol,Manual,4542.0,12.93,24560.12,4146,1145.17,Middle East
VH01698,Toyota,Corolla,2022,Hatchback,Petrol,DCT,2652.0,18.87,25444.55,3170,819.31,Asia Pacific
VH04038,Chevrolet,Blazer,2022,SUV,Diesel,AMT,3012.0,20.16,35874.08,997,1237.83,Asia Pacific
VH03775,Hyundai,Santa Fe,2013,Sedan,Hybrid,AMT,3182.0,21.1,26199.41,3834,1169.21,Asia Pacific
VH02877,Toyota,RAV4,2009,Coupe,Diesel,Manual,,22.68,30187.77,4766,1520.15,Asia Pacific
VH03520,Kia,Telluride,2024,Truck,,AMT,3779.0,9.4,27461.05,3098,893.09,Europe
VH00313,Kia,Sportage,2023,Sedan,Diesel,DCT,1293.0,,32275.81,4685,959.31,Latin America
VH03190,BMW,7 Series,2019,Sedan,LPG,Manual,1906.0,11.86,48881.7,2138,1992.48,Latin America
VH00167,BMW,5 Series,2005,Convertible,Hybrid,DCT,1832.0,23.63,53105.18,2337,3061.83,Asia Pacific
VH03850,Volkswagen,Golf,2015,Van,Hybrid,Automatic,,29.36,31429.89,1118,1035.01,Middle East
VH04436,Audi,Q5,2016,Van,LPG,AMT,2614.0,10.21,47197.52,25,1880.35,South Asia
VH01025,Volkswagen,Tiguan,2015,Sedan,LPG,CVT,2810.0,9.22,24895.68,3237,981.95,Middle East
VH02218,Mercedes-Benz,C-Class,2010,Wagon,Hybrid,DCT,1883.0,19.75,54960.62,1773,3749.8,Africa
VH03887,Honda,Pilot,2023,Van,Diesel,DCT,2607.0,12.24,32170.7,3127,1013.74,Europe
VH01323,Ram,3500,2024,Truck,LPG,DCT,2813.0,17.7,23938.45,1608,626.82,Latin America
VH01919,Land Rover,Defender,2012,SUV,CNG,Manual,3773.0,19.99,38974.11,1109,1777.09,Europe
VH03569,Kia,Sportage,2006,Van,Hybrid,,2436.0,18.06,30050.29,1085,1706.11,Europe
VH01127,Chevrolet,Silverado,2008,SUV,Hybrid,AMT,4499.0,24.73,34806.23,2533,1966.42,Africa
VH02487,Jeep,Gladiator,2011,SUV,Electric,CVT,0.0,,42612.49,3397,2332.77,South Asia
VH04226,Land Rover,Evoque,2040,SUV,Hybrid,Automatic,3448.0,34.21,42806.1,2645,2271.63,Asia Pacific
VH00153,Ford,Mustang,2022,Truck,Diesel,AMT,3770.0,16.31,24058.37,4812,686.46,North America
VH02620,Hyundai,Sonata,2013,Truck,Diesel,AMT,2957.0,21.65,29910.87,2375,1044.94,Europe
VH04765,Audi,Q5,2018,Wagon,CNG,CVT,1139.0,21.86,40277.94,4636,1581.41,North America
VH02695,KIA,Soul,2013,SUV,electric,Manual,0.0,7.36,33073.61,1277,1517.09,South Asia
VH01558,Subaru,Crosstrek,2020,SUV,Diesel,DCT,4208.0,20.85,32625.32,4881,1157.81,Africa
VH02618,Mercedes-Benz,AMG GT,2022,Wagon,Gas,Automatic,1969.0,16.65,43198.2,4046,1464.61,Middle East
VH01972,Volvo,XC40,2006,Hatchback,Hybrid,,2648.0,21.57,38171.49,4015,2576.65,Middle East
VH02965,Audi,Q7,2006,SUV,LPG,Manual,4043.0,12.16,54731.64,3291,3405.16,Africa
VH02479,Subaru,Outback,2010,Truck,CNG,Automatic,3714.0,19.39,26000.56,4553,1260.72,South Asia
VH04901,Lexus,LS,2006,Van,LPG,CVT,3419.0,14.91,51456.7,3236,3116.94,Middle East
VH02998,Tesla,Model X,2017,Sedan,Electric,CVT,0.0,5.24,61477.11,847,1868.54,Asia Pacific
VH04945,Ford,F-150,2009,Truck,Electric,DCT,0.0,6.19,32910.44,4595,2254.54,Europe
VH00032,Ford,Edge,2014,Truck,Diesel,DCT,2740.0,17.3,40742.97,414,1947.4,Middle East
VH00938,Tesla,Cybertruck,2019,SUV,Electric,Manual,,7.95,58937.35,643,2577.37,South Asia
VH02222,Chevrolet,Tahoe,2011,Sedan,Electric,Automatic,0.0,7.25,27016.53,4605,996.41,Africa
VH00753,Lexus,NX,2021,SUV,Electric,Automatic,0.0,10.9,59452.64,3978,1996.51,South Asia
VH03859,Mercedes-Benz,E-Class,2020,Van,Diesel,DCT,3443.0,13.01,49988.5,4735,2161.21,Africa
VH00310,Kia,Telluride,2022,Truck,LPG,DCT,3831.0,12.88,28146.0,2146,855.43,South Asia
VH02536,Lexus,ES,2019,Van,Hybrid,Manual,3465.0,27.84,51990.37,3674,1639.97,Africa
VH04183,Mazda,MX-5 Miata,2012,SUV,Electric,Manual,0.0,7.93,30720.99,1404,1534.56,Europe
VH04939,Tesla,Model Y,2008,SUV,Petrol,Manual,4248.0,14.45,50618.08,3673,3097.04,Middle East
VH02182,Mercedes-Benz,S-Class,2010,Wagon,Diesel,Manual,2515.0,10.12,58900.56,4231,3486.65,Latin America
VH00496,Chevrolet,Equinox,2010,SUV,LPG,Manual,2631.0,14.29,27654.2,2455,1300.03,Latin America
VH00206,Volkswagen,Jetta,2009,Coupe,LPG,Manual,2382.0,9.87,19420.65,3715,934.29,Latin America
VH01136,Mazda,CX-30,2006,SUV,Petrol,CVT,3422.0,14.6,21985.51,2542,1073.93,North America
VH02765,Mazda,Mazda6,2018,SUV,LPG,Automatic,2083.0,13.8,27647.55,4219,741.26,Europe
VH03478,Ford,Escape,2024,Sedan,Diesel,Manual,1214.0,19.03,30868.13,4353,840.23,South Asia
VH04455,Honda,Ridgeline,2005,Truck,Diesel,Manual,2876.0,21.0,28913.8,1490,1667.87,South Asia
VH00306,Jeep,Wrangler,2008,SUV,Hybrid,CVT,1897.0,27.37,31080.44,1884,1921.9,North America
VH03997,Nissan,Murano,2014,Convertible,Petrol,Manual,2403.0,8.9,26803.85,3602,1153.83,Asia Pacific
VH01895,Volkswagen,Tiguan,2020,Sedan,Diesel,DCT,1055.0,16.51,26956.67,1482,833.11,South Asia
VH01062,Toyota,Tacoma,2017,Coupe,Diesel,Manual,2918.0,22.06,27885.29,1684,1466.63,Asia Pacific
VH00844,Nissan,Rogue,2011,Van,CNG,CVT,2280.0,21.28,26634.76,1391,936.23,Latin America
VH02806,BMW,3 Series,2023,Truck,hybrid,DCT,5223.0,16.61,50166.72,2032,1393.54,South Asia
VH04796,Ram,ProMaster,2014,Truck,Diesel,Automatic,3038.0,15.75,,4230,1370.06,South Asia
VH00212,Mercedes-Benz,E-Class,2013,Van,CNG,CVT,3294.0,20.51,52624.14,3552,2641.35,North America
VH01109,Mercedes-Benz,C-Class,2020,Coupe,Electric,AMT,0.0,12.24,58018.59,1819,2270.58,South Asia
VH03846,Ford,Escape,2016,SUV,Hybrid,AMT,3700.0,22.35,39260.64,19,1952.86,North America
VH00680,Nissan,Altima,2014,Sedan,Hybrid,AMT,1437.0,17.83,28108.41,1571,1635.03,Middle East
VH00566,Ford,Edge,2014,SUV,Diesel,DCT,4552.0,11.45,24511.13,598,885.74,Africa
VH04150,Toyota,RAV4,2012,Wagon,Electric,DCT,0.0,14.24,31642.26,1069,1472.95,South Asia
VH03707,Ram,1500,2021,Van,Petrol,Automatic,2775.0,9.87,29539.27,2444,1133.81,South Asia
VH00681,Tesla,Model S,2005,Sedan,Electric,Automatic,0.0,8.78,58304.94,3013,3034.14,South Asia
VH00181,Porsche,Taycan,2020,Convertible,Hybrid,Manual,2268.0,34.84,55099.4,4621,2518.42,South Asia
VH02751,BMW,X3,2022,Sedan,Diesel,CVT,2900.0,10.37,49157.37,2088,1888.51,Europe
VH03669,Volvo,XC40,2011,Van,LPG,Manual,2247.0,11.86,45402.19,2310,2176.16,Africa
VH04399,Volvo,S60,2011,Convertible,Hybrid,AMT,1253.0,15.04,54669.83,388,2857.36,North America
VH04435,Hyundai,Sonata,2010,Sedan,Diesel,AMT,2261.0,15.97,27491.5,1745,1613.9,Europe
VH00279,Honda,Civic,2011,Convertible,Electric,Automatic,0.0,5.55,44582.86,1712,2500.39,Latin America
VH01182,Subaru,Outback,2008,Sedan,CNG,DCT,99999.0,13.55,23231.08,2926,714.5,Latin America
VH01996,Volkswagen,ID.4,2012,Sedan,Diesel,CVT,2418.0,14.54,28115.2,1195,1157.78,North America
VH00433,  Toyota  ,Highlander,2019,Coupe, Petrol ,Manual,1561.0,8.55,30729.64,2411,1169.9,Middle East
VH00290,Mercedes-Benz,GLE,2012,Coupe,LPG,DCT,2154.0,14.93,40117.44,1850,2149.35,Europe
VH01028,Nissan,Rogue,2015,Coupe,Electric,Automatic,0.0,13.76,31572.44,1518,1873.32,Middle East
VH00536,Tesla,Cybertruck,2007,SUV,CNG,DCT,4884.0,14.38,48496.44,4239,2677.99,Middle East
VH03552,Jeep,Renegade,2015,SUV,Hybrid,Automatic,1524.0,16.67,27986.06,2145,1478.79,Europe
VH00189,Tesla,Model X,2013,SUV,CNG,DCT,2927.0,12.94,48782.53,3288,2351.45,Latin America
VH03612,Kia,Telluride,2013,Truck,Electric,Automatic,0.0,5.23,33683.06,4632,1286.94,Middle East
VH04052,Land Rover,Range Rover,2024,SUV,Diesel,CVT,2513.0,,54344.58,1128,1277.61,Europe
VH01361,BMW,5 Series,2021,Wagon,Electric,AMT,0.0,11.35,60486.48,1409,2010.88,Europe
VH00271,Audi,A6,2017,SUV,CNG,Automatic,2410.0,16.19,46546.19,520,1669.66,Middle East
VH01756,Land Rover,Discovery,2024,SUV,Electric,AMT,0.0,12.9,63654.47,2014,2155.8,South Asia
VH04152,Land Rover,Discovery,2005,SUV,Electric,Manual,0.0,14.09,71033.53,4830,5606.83,North America
VH02230,Jeep,Renegade,2009,SUV,CNG,,1894.0,14.85,27240.92,1457,1385.77,Europe
VH03826,Audi,A6,2009,Wagon,CNG,AMT,3201.0,14.92,45397.53,1412,2472.71,Africa
VH00112,Toyota,Camry,2021,Van,Diesel,DCT,3052.0,23.3,29483.42,4252,991.18,Europe
VH01171,Subaru,Outback,2009,Coupe,Petrol,Manual,2905.0,12.86,22028.34,4555,1156.28,South Asia
VH04457,Tesla,Model Y,2009,Sedan,Hybrid,Automatic,2218.0,21.43,42258.74,4376,2376.8,South Asia
VH00221,Tesla,Cybertruck,2016,SUV,Electric,Automatic,0.0,8.42,58281.08,251,3271.34,Latin America
VH03815,Lexus,NX,2021,SUV,,DCT,0.0,12.65,44368.15,4665,1007.35,South Asia
VH00628,Ram,3500,2006,Van,Petrol,AMT,2180.0,18.16,24793.63,4943,1407.8,Asia Pacific
VH04662,  Volvo  ,C40,2014,Wagon, Hybrid ,AMT,1888.0,29.24,48068.09,1622,2081.51,Middle East
VH04607,Mercedes-Benz,GLC,2018,Convertible,Diesel,Manual,3475.0,17.73,53570.53,483,1757.07,South Asia
VH03741,Lexus,NX,2022,Truck,LPG,CVT,6030.0,11.43,47728.0,3932,1486.69,Latin America
VH00791,Ram,1500,2023,Truck,LPG,Manual,5890.0,10.55,24647.57,3048,788.06,North America
VH02078,Volkswagen,Golf,2023,Convertible,Diesel,Manual,2512.0,24.77,30879.36,2150,865.43,North America
VH00462,Kia,Telluride,2005,Wagon,CNG,CVT,1257.0,15.24,20548.98,4214,1522.57,Asia Pacific
VH04474,Land Rover,Freelander,2009,SUV,Petrol,AMT,3993.0,16.33,54921.09,4340,3772.11,Europe
VH00552,Volkswagen,Atlas,2016,SUV,LPG,Manual,2708.0,15.48,26437.92,3287,994.21,Asia Pacific
VH01211,Toyota,Tacoma,2014,SUV,Petrol,AMT,2244.0,12.65,22526.51,2810,709.07,Latin America
VH03232,Honda,Ridgeline,2012,Truck,Diesel,Manual,2693.0,10.02,34497.22,1743,1732.61,Europe
VH00199,Toyota,Highlander,2012,Coupe,LPG,AMT,1830.0,15.16,18738.16,815,989.36,Europe
VH02678,Ram,ProMaster,2019,Truck,Hybrid,DCT,2792.0,30.77,28747.34,4167,1120.57,Latin America
VH01768,Volkswagen,Atlas,2017,Coupe,LPG,CVT,1095.0,17.54,25135.66,4853,946.21,Middle East
VH00403,Chevrolet,Equinox,2006,Truck,CNG,AMT,3264.0,14.17,24774.04,1539,1281.02,Europe
VH03168,Mercedes-Benz,S-Class,2010,SUV,Electric,Automatic,0.0,7.82,59434.79,1730,3153.97,North America
VH02578,Ram,3500,2010,Truck,Hybrid,Manual,2783.0,32.41,24161.68,4774,1632.88,Latin America
VH04842,KIA,Forte,2012,SUV,cng,AMT,3805.0,16.11,28354.82,236,1632.84,Middle East
VH03940,Mazda,MX-5 Miata,2017,Hatchback,CNG,CVT,1243.0,21.8,22412.06,968,938.87,South Asia
VH03618,Toyota,Highlander,2011,Wagon,CNG,Manual,3359.0,17.51,26626.23,4785,1027.29,North America
VH04537,Jeep,Grand Cherokee,2014,SUV,Diesel,Automatic,3678.0,17.89,33348.8,4316,1359.82,North America
VH00651,Mazda,CX-5,2024,Truck,Diesel,Manual,3950.0,13.06,26580.61,4873,856.42,Middle East
VH00709,Lexus,ES,2011,Sedan,CNG,Manual,1884.0,13.24,40357.28,2415,2066.44,North America
VH01570,Volkswagen,Passat,2022,Wagon,Petrol,,1999.0,18.82,21281.59,3716,677.37,Middle East
VH04487,Kia,Sorento,2014,Sedan,Electric,CVT,0.0,12.15,33983.14,4685,1971.01,Middle East
VH03467,Toyota,Prius,2008,Coupe,,Automatic,2402.0,,26754.37,972,1279.12,North America
VH02414,Subaru,Legacy,2011,Sedan,LPG,,,10.61,23768.99,3406,1369.42,South Asia
VH01880,Lexus,NX,2013,Truck,Petrol,CVT,4013.0,13.08,63154.19,635,2225.88,Africa
VH00315,Volvo,XC90,2024,Hatchback,LPG,Manual,1157.0,17.72,41561.07,3957,1317.33,Asia Pacific
VH03149,Land Rover,Range Rover,2019,SUV,Electric,Automatic,0.0,11.86,54578.56,2916,1893.33,Asia Pacific
VH04691,Land Rover,Freelander,2016,SUV,CNG,Manual,3775.0,19.93,47490.47,593,2083.04,Middle East
VH00114,Audi,Q5,2021,Van,Electric,DCT,0.0,13.42,61660.29,389,2272.14,Asia Pacific
VH00961,Mercedes-Benz,C-Class,2006,Van,Electric,Manual,0.0,5.42,61448.32,1059,2399.3,Europe
VH03015,Ford,Explorer,2011,Truck,CNG,AMT,4680.0,,23116.71,4145,1234.13,Asia Pacific
VH02334,Tesla,Model Y,2016,SUV,CNG,CVT,,16.41,54201.12,3234,2373.12,Middle East
VH04801,Kia,Sorento,2022,Coupe,Petrol,Automatic,1324.0,17.45,24028.6,3284,889.79,Latin America
VH03442,Mercedes-Benz,AMG GT,2008,SUV,Electric,Automatic,0.0,13.94,50580.64,452,2881.22,North America
VH03589,Hyundai,Kona,2013,Van,CNG,AMT,2547.0,19.18,20935.57,242,1006.88,Europe
VH01673,Mazda,MX-5 Miata,2024,Truck,Electric,CVT,0.0,12.31,33393.61,4254,963.75,Middle East
VH03312,Hyundai,Santa Fe,2008,Truck,Petrol,Manual,5116.0,16.5,27911.17,1387,1288.77,South Asia
VH04044,MAZDA,Mazda6,2015,Hatchback,lpg,Automatic,3140.0,17.91,19975.54,1315,633.75,Latin America
VH03536,Subaru,Crosstrek,2014,Convertible,Electric,CVT,0.0,14.59,35035.69,4504,1814.15,South Asia
VH04603,Volkswagen,Passat,2016,Sedan,Petrol,DCT,1527.0,11.87,28359.3,1945,1337.55,Africa
VH01927,,ID.4,2007,Van,Hybrid,AMT,2806.0,27.75,30024.48,2431,1712.48,Africa
VH04284,Porsche,911,2014,Coupe,Diesel,Automatic,1246.0,11.07,45708.09,4933,1852.43,Middle East
VH02102,Audi,Q5,2017,Van,Petrol,AMT,1851.0,11.15,41111.36,3816,1770.58,Africa
VH00327,Honda,Ridgeline,2023,Convertible,Electric,Automatic,0.0,5.91,44362.95,2036,1601.0,Africa
VH00605,Ford,Escape,2008,SUV,CNG,CVT,2392.0,17.11,23033.14,1944,1244.78,North America
VH04259,Chevrolet,Colorado,2023,SUV,Petrol,AMT,1858.0,17.25,26238.92,2793,678.97,Latin America
VH03127,Tesla,Cybertruck,2014,Sedan,Diesel,Manual,,22.78,52663.11,2075,2926.42,Asia Pacific
VH03820,BMW,7 Series,2006,Wagon,LPG,Automatic,1367.0,10.31,32525.57,2150,1713.01,Latin America
VH02550,Ram,1500,2009,Van,Diesel,Automatic,3282.0,16.9,27070.56,4127,1288.38,Middle East
VH04688,Tesla,Model S,2007,Sedan,Petrol,DCT,1877.0,18.09,43711.69,2953,2305.92,Asia Pacific
VH02963,Porsche,Cayenne,2007,Convertible,CNG,DCT,1000.0,,47322.5,4061,2466.72,Europe
VH01492,Ford,Escape,2005,SUV,Diesel,Manual,2104.0,19.91,34848.29,1557,2241.1,Latin America
VH00936,Volkswagen,Atlas,2012,SUV,Electric,CVT,0.0,7.49,33469.17,4946,1567.89,Middle East
VH04248,Tesla,Model Y,2005,Sedan,Electric,Automatic,0.0,12.82,49919.56,811,2527.47,Europe
VH04779,Porsche,Panamera,2014,SUV,Electric,Automatic,0.0,14.44,65913.01,2348,3111.32,Europe
VH01729,Volkswagen,ID.4,2020,SUV,Diesel,Automatic,3283.0,12.71,23667.31,2871,900.27,Africa
VH00790,Land Rover,Freelander,2017,SUV,LPG,CVT,3975.0,17.89,53788.05,2229,2213.43,Latin America
VH02342,Ram,ProMaster,2023,Van,Electric,Automatic,0.0,5.04,32776.59,3055,972.72,Asia Pacific
VH04519,RAM,Dakota,2011,Truck,electric,CVT,0.0,8.7,38424.31,188,1931.44,Africa
VH02940,Toyota,RAV4,2015,Truck,LPG,Manual,4959.0,16.04,26425.06,875,1224.5,Latin America
VH00872,Volvo,XC40,2015,Truck,Hybrid,DCT,5884.0,29.26,46834.64,1422,2226.8,Asia Pacific
VH02587,BMW,M3,2005,Van,Hybrid,DCT,1838.0,16.52,53626.93,3960,3243.41,Africa
VH01407,Ford,Bronco,2006,SUV,CNG,CVT,3144.0,12.28,32390.19,187,2123.65,South Asia
VH02634,Hyundai,Palisade,2009,Coupe,Electric,DCT,0.0,,28418.1,4183,1214.56,Latin America
VH00074,BMW,X5,2010,Sedan,Hybrid,Manual,,28.9,48367.53,1013,2900.12,Europe
VH03265,Land Rover,Defender,2018,SUV,LPG,CVT,2559.0,13.65,40058.24,3469,1684.06,Europe
VH01504,Tesla,Model X,2014,SUV,LPG,DCT,4927.0,10.1,39563.7,4453,1717.8,Africa
VH01422,MERCEDES-BENZ,E-Class,2014,SUV,cng,AMT,3143.0,19.46,47230.65,1326,,North America
VH03120,Tesla,Model Y,2018,SUV,LPG,CVT,3402.0,9.49,47974.79,2545,1711.46,South Asia
VH00093,Land Rover,Defender,2009,SUV,Hybrid,AMT,2342.0,17.86,55735.74,4042,2753.31,Europe
VH04650,Mazda,CX-30,2011,Coupe,CNG,AMT,1446.0,13.48,23517.31,1820,1115.57,Europe
VH03941,Volvo,V60,2013,Convertible,Diesel,Automatic,1422.0,24.97,59742.82,4155,3265.42,South Asia
VH02851,Subaru,Outback,2020,Van,LPG,Manual,1910.0,15.47,22350.41,2681,680.32,Europe
VH02989,Jeep,Wrangler,2017,SUV,Hybrid,Automatic,1643.0,18.93,30970.06,359,1004.15,Europe
VH01832,Mazda,Mazda6,2018,Sedan,Petrol,Manual,1978.0,14.64,22539.42,1535,889.02,South Asia
VH00495,Mazda,Mazda3,2010,Coupe,Diesel,Automatic,1947.0,24.06,28304.36,594,1573.65,North America
VH03247,Mercedes-Benz,C-Class,2021,Truck,CNG,Manual,5035.0,19.87,45905.94,2349,1946.07,Africa
VH04131,  Tesla  ,Model X,2017,Sedan, CNG ,AMT,3123.0,14.16,43883.6,4570,1570.76,Latin America
VH01341,BMW,7 Series,2017,Truck,CNG,CVT,5457.0,15.86,44376.26,-3688,1263.82,Africa
VH01165,Volkswagen,Passat,2011,Sedan,Diesel,Manual,,17.96,27378.03,1569,1536.32,South Asia
VH02992,Land Rover,Freelander,2014,SUV,Hybrid,Automatic,2537.0,24.73,53734.67,1595,1993.22,South Asia
VH01838,Porsche,Macan,2014,SUV,Hybrid,DCT,3683.0,31.03,51145.48,4916,1845.79,Asia Pacific
VH01584,Jeep,Wrangler,2007,SUV,Hybrid,CVT,1716.0,22.54,33858.49,4413,1773.59,North America
VH02252,Chevrolet,Colorado,2023,SUV,Electric,Automatic,0.0,14.99,38054.3,553,1261.34,North America
VH01808,Audi,A6,2020,SUV,LPG,Auto,4775.0,14.3,40376.97,1974,1185.69,South Asia
VH00619,Toyota,Prius,2015,Van,LPG,CVT,3223.0,9.73,24227.0,2029,1275.05,North America
VH01804,Nissan,Rogue,2022,Truck,LPG,Automatic,2666.0,9.75,29930.06,2461,1073.13,North America
VH02442,Toyota,Corolla,2009,Truck,Electric,AMT,0.0,7.33,42985.35,2817,2583.78,Latin America
VH03974,Kia,Telluride,2020,Van,Diesel,CVT,2390.0,24.86,38006.78,4666,1600.67,Asia Pacific
VH01296,BMW,M3,2019,Truck,Hybrid,Manual,3083.0,19.86,59972.57,4380,2637.2,Africa
VH04093,Nissan,Rogue,2012,Hatchback,CNG,AMT,,18.8,19226.75,1360,967.4,South Asia
VH04557,Kia,Carnival,2012,SUV,Hybrid,CVT,4329.0,16.83,24135.72,3283,1156.93,Europe
VH00870,Subaru,Crosstrek,2008,Wagon,Hybrid,Automatic,1278.0,17.4,23958.1,3210,1302.01,North America
VH02811,BMW,M3,2016,Hatchback,LPG,CVT,2729.0,14.99,35438.59,1199,1669.16,Asia Pacific
VH01043,Porsche,Cayenne,2017,Coupe,LPG,DCT,3132.0,15.21,45472.4,1702,2337.28,South Asia
VH04220,Audi,Q7,2021,SUV,Electric,CVT,0.0,12.92,54441.52,4388,1995.67,South Asia
VH00357,Volvo,S60,2017,Truck,LPG,CVT,4097.0,14.01,51310.8,1724,2201.37,Middle East
VH01163,Mazda,Mazda3,2017,SUV,LPG,AMT,1514.0,13.54,24737.89,2230,1012.84,Africa
VH04088,Honda,CR-V,2020,Truck,Electric,Manual,,10.6,38386.57,353,1423.29,Middle East
VH04940,Mercedes-Benz,S-Class,2012,Van,Electric,Manual,0.0,9.29,57789.33,4157,3407.54,Europe
VH04315,Volvo,XC40,2013,Wagon,LPG,AMT,1317.0,12.51,47540.71,2836,2219.5,North America
VH02489,Audi,A6,2022,SUV,CNG,,4995.0,19.32,,2555,1260.01,Latin America
VH01875,Tesla,Model 3,2008,SUV,LPG,AMT,3745.0,15.07,36404.66,3981,1976.28,Latin America
VH04668,Toyota,Camry,2014,Sedan,Petrol,CVT,2213.0,11.3,23313.84,4963,1391.37,Asia Pacific
VH03672,Honda,CR-V,2015,Convertible,LPG,Manual,1412.0,11.71,25023.28,81,855.41,North America
VH04743,  Toyota  ,Tacoma,2011,Coupe, Electric ,Manual,0.0,9.46,39235.84,1920,1858.75,Latin America
VH01331,Toyota,Corolla,2014,Coupe,Electric,DCT,0.0,13.19,37248.53,847,,North America
VH02950,Audi,Q7,2021,Convertible,,CVT,1017.0,12.75,52940.05,4227,1765.19,South Asia
VH00333,Ram,Dakota,2024,Van,Diesel,DCT,1913.0,18.89,32321.02,3599,1011.82,Asia Pacific
VH01375,Tesla,Cybertruck,2006,SUV,Hybrid,AMT,1963.0,21.83,49547.05,3435,3458.95,Asia Pacific
VH04288,Jeep,Wrangler,2021,SUV,CNG,CVT,4115.0,17.31,31377.92,3463,1402.58,Latin America
VH03990,Toyota,Corolla,2008,Convertible,Petrol,Manual,1292.0,17.39,23327.23,1063,1262.78,Africa
VH01259,Chevrolet,Malibu,2006,Sedan,Hybrid,Automatic,2129.0,25.96,26224.64,4553,1555.16,North America
VH04175,Hyundai,Sonata,2021,Wagon,Diesel,Automatic,2074.0,20.67,27778.51,3685,962.06,Asia Pacific
VH01733,Volkswagen,Golf,2016,Convertible,Electric,Manual,0.0,13.57,36365.19,1997,1228.98,North America
VH01117,Land Rover,Evoque,2017,SUV,Petrol,CVT,2090.0,18.47,39033.72,1586,1525.22,Asia Pacific
VH01966,Mercedes-Benz,GLE,2008,Truck,Hybrid,DCT,2551.0,20.4,63175.9,509,3345.21,Latin America
VH03680,Ford,Escape,2014,Sedan,CNG,Manual,1304.0,18.63,26476.36,3800,1243.54,South Asia
VH04004,Chevrolet,Tahoe,2007,Sedan,Petrol,Manual,3281.0,18.87,27043.31,3131,1889.27,Africa
VH04335,Volkswagen,Atlas,2019,Coupe,Diesel,Manual,,15.93,22396.15,2606,829.36,Asia Pacific
VH03929,BMW,7 Series,2023,Sedan,Electric,DCT,0.0,9.21,66149.53,3668,2055.1,Latin America
VH01457,  Mazda  ,CX-30,2010,Van,N/A,AMT,2364.0,10.44,28629.03,4246,1496.15,Asia Pacific
VH00446,Kia,Sorento,2018,Convertible,CNG,AMT,1945.0,20.52,24438.14,2950,770.86,Africa
VH02322,Nissan,Frontier,2020,SUV,Electric,Manual,,14.52,35041.89,91,1005.82,Middle East
VH00453,Mercedes-Benz,GLC,2014,Sedan,CNG,DCT,1349.0,-16.41,46836.27,2709,2010.67,South Asia
VH01648,VOLKSWAGEN,Golf,2019,Convertible,diesel,DCT,2342.0,15.1,35717.67,2815,1323.16,Latin America
VH04508,Nissan,Frontier,2022,Van,Diesel,,1817.0,23.62,22381.93,2915,764.08,Africa
VH03063,Mercedes-Benz,GLC,2009,Truck,LPG,CVT,5891.0,15.85,37305.07,3117,2156.04,South Asia
VH00015,Chevrolet,Blazer,2014,Sedan,CNG,Manual,1197.0,18.35,25420.73,3825,1265.97,Latin America
VH04353,Volvo,XC60,2011,Truck,Electric,Automatic,0.0,13.66,71116.55,4074,3761.08,Latin America
VH00946,Hyundai,Tucson,2015,Hatchback,Electric,DCT,0.0,7.02,25395.87,2245,1003.84,Africa
VH00248,Volkswagen,Passat,2014,Wagon,Diesel,Automatic,3496.0,12.89,27503.66,133,1759.19,Asia Pacific
VH04113,Land Rover,Range Rover,2013,SUV,LPG,Automatic,1570.0,11.16,33601.43,1372,1971.62,Africa
VH00361,Volkswagen,Jetta,1950,Van,CNG,Automatic,2514.0,14.76,21455.8,1177,857.12,South Asia
VH04733,Toyota,RAV4,2009,Hatchback,Petrol,Manual,2089.0,10.88,21932.19,1541,1126.18,Latin America
VH01871,Kia,Forte,2012,Van,CNG,Manual,1986.0,16.0,29455.83,2393,1638.39,Asia Pacific
VH03540,Volkswagen,Golf,2019,Van,CNG,Manual,2616.0,19.85,21538.13,1904,722.78,North America
VH02381,Land Rover,Range Rover,2018,SUV,Hybrid,Manual,1915.0,22.47,49213.7,3917,1961.29,Asia Pacific
VH04947,Nissan,Sentra,2014,Sedan,Petrol,Manual,1454.0,16.96,19949.45,2272,891.91,Latin America
VH03286,Volvo,C40,2007,Truck,Electric,Manual,0.0,,50930.31,213,3493.65,Africa
VH04221,Nissan,Altima,2006,Convertible,Hybrid,DCT,1490.0,29.49,,32,1293.4,Europe
VH03615,Porsche,Panamera,2017,SUV,Petrol,DCT,4537.0,11.61,48392.46,4419,1744.48,Africa
VH04558,Volkswagen,ID.4,2013,SUV,Hybrid,CVT,2741.0,27.58,30084.96,545,1486.51,Asia Pacific
VH04964,Nissan,Rogue,2024,SUV,Electric,CVT,0.0,12.57,31152.16,4217,1139.35,Asia Pacific
VH03969,Subaru,Legacy,2024,Wagon,LPG,Automatic,1563.0,13.6,26886.78,4883,689.66,Europe
VH00491,Jeep,Grand Cherokee,2024,SUV,Electric,AMT,0.0,6.42,35401.85,2792,1112.89,Africa
VH00863,Volvo,S60,2012,Wagon,LPG,Manual,2706.0,14.78,40142.56,353,1884.99,Asia Pacific
VH01873,Ford,F-150,2021,Sedan,Diesel,Automatic,1763.0,12.11,27648.24,3135,1044.63,Europe
VH02288,Ram,3500,2018,Van,Diesel,,2001.0,14.57,21729.89,3939,812.46,Asia Pacific
VH03115,Mercedes-Benz,AMG GT,2021,SUV,Electric,CVT,0.0,9.79,58661.04,977,2032.75,Latin America
VH02528,Mercedes-Benz,E-Class,2022,Coupe,Petrol,Manual,1145.0,8.74,48479.99,1435,1388.38,Asia Pacific
VH04957,Audi,Q5,2009,Truck,LPG,Manual,2720.0,16.19,46379.23,2165,,South Asia
VH02099,Porsche,Cayenne,2013,SUV,Electric,Manual,0.0,8.47,48124.31,2535,2412.58,Africa
VH00507,Tesla,Cybertruck,2015,Sedan,Hybrid,Automatic,1042.0,26.75,55920.29,1895,2325.13,Europe
VH03415,Tesla,Model 3,2010,SUV,,AMT,4667.0,17.21,50609.46,195,3271.72,North America
VH00026,Hyundai,Sonata,2019,Sedan,LPG,,1764.0,14.21,21592.32,2317,818.47,Middle East
VH03405,Land Rover,Range Rover,2005,SUV,LPG,Manual,3948.0,10.59,54113.13,1107,2819.72,Asia Pacific
VH01223,Tesla,Model S,2007,Sedan,Petrol,DCT,1399.0,,34569.71,4094,1991.55,Asia Pacific
VH01114,Tesla,Cybertruck,2006,SUV,Hybrid,Manual,2763.0,29.29,57087.04,3508,2764.51,Middle East
VH02025,Porsche,Cayenne,2013,Convertible,Hybrid,Automatic,2213.0,29.46,52452.48,1068,1980.5,Africa
VH03545,Honda,Pilot,2008,SUV,Diesel,AMT,1646.0,14.88,34066.73,3120,1681.0,North America
VH01435,Jeep,Wrangler,2012,SUV,Petrol,DCT,3603.0,17.11,26715.64,2319,1029.09,South Asia
VH04749,Porsche,Macan,2016,Coupe,Electric,CVT,0.0,9.64,58410.65,4267,2242.83,Latin America
VH00434,Ford,F-150,2019,SUV,,Automatic,0.0,9.39,35475.29,1239,1370.16,Middle East
VH04257,Subaru,Forester,2021,SUV,Petrol,AMT,4190.0,13.7,23336.99,4443,838.06,South Asia
VH03272,Nissan,Pathfinder,2014,Wagon,CNG,CVT,2094.0,19.74,23179.56,4911,1015.68,Africa
VH04507,Ford,Bronco,2023,Truck,Petrol,DCT,2585.0,-13.71,26487.9,2831,809.31,Asia Pacific
VH03626,Land Rover,Discovery,2006,SUV,LPG,DCT,4680.0,,51532.45,3715,2745.26,Asia Pacific
VH01612,Chevrolet,Blazer,2013,Sedan,Electric,Manual,0.0,8.25,28974.69,2818,1267.84,North America
VH03280,Porsche,Boxster,2017,Convertible,LPG,CVT,2903.0,13.96,38821.23,3342,1983.41,South Asia
VH02707,Honda,Pilot,2012,Wagon,Hybrid,AMT,3406.0,25.18,32340.44,1944,1862.52,South Asia
VH02228,Audi,e-tron,2006,Sedan,Diesel,DCT,2825.0,10.5,52675.06,3323,2974.75,North America
VH03636,Tesla,Model Y,2013,Sedan,Electric,DCT,0.0,10.71,59383.12,1585,2851.35,Asia Pacific
VH01103,Subaru,Outback,2007,Truck,Petrol,AMT,4184.0,9.45,31279.03,1084,1710.93,Africa
VH01534,BMW,5 Series,2008,Convertible,Electric,Manual,0.0,11.36,56113.54,4458,3264.11,North America
VH04581,Honda,Pilot,2022,Van,Petrol,AMT,1888.0,12.61,26122.11,4451,665.4,Africa
VH02211,Mercedes-Benz,AMG GT,2021,Hatchback,Diesel,CVT,1967.0,10.54,42028.32,1893,1653.34,South Asia
VH04639,Hyundai,Palisade,2011,Coupe,,AMT,0.0,10.43,33835.29,3332,1616.17,Latin America
VH00157,Volkswagen,Atlas,2008,SUV,CNG,Manual,2044.0,20.74,27332.3,304,1561.78,Latin America
VH04673,Volvo,V60,2017,Truck,Petrol,AMT,4966.0,15.26,54979.88,4958,2207.19,Middle East
VH03497,Subaru,WRX,2014,Convertible,,Manual,2941.0,10.53,35669.08,175,1210.48,Latin America
VH00616,Kia,Carnival,2015,Hatchback,,CVT,1233.0,,26098.37,2877,1345.23,Middle East
VH00644,Mazda,Mazda6,2013,Van,Diesel,AMT,2505.0,11.86,30454.17,3257,1234.39,Europe
VH01533,Kia,Carnival,2007,Wagon,CNG,DCT,1643.0,21.74,23455.31,4577,1460.28,Latin America
VH01739,Mazda,CX-30,2010,Truck,Electric,Manual,0.0,13.57,34411.51,975,1371.14,Latin America
VH01069,Volvo,C40,2023,SUV,Diesel,CVT,3160.0,24.84,48148.34,2076,1717.08,Africa
VH03403,Kia,Soul,2005,Sedan,Diesel,Manual,1515.0,16.89,28419.46,1122,1529.03,North America
VH02941,Audi,Q7,2020,SUV,,CVT,0.0,9.12,51043.93,839,1411.5,Middle East
VH04309,Volvo,XC40,2017,Van,Diesel,CVT,2618.0,10.73,37809.22,2899,1285.22,Latin America
VH04798,Tesla,Model 3,2024,SUV,Petrol,Manual,3357.0,14.07,48192.04,1995,1496.11,Middle East
VH00331,Jeep,Renegade,2021,SUV,CNG,CVT,1875.0,16.98,26867.83,158,865.76,Asia Pacific
VH01546,Volkswagen,Jetta,2017,Wagon,LPG,CVT,1692.0,11.9,22049.68,3112,705.9,Africa
VH03840,,Golf,2023,Truck,CNG,Automatic,6085.0,15.82,28722.06,3521,804.99,South Asia
VH02265,Chevrolet,Blazer,2014,Sedan,,Automatic,,9.8,25453.47,517,820.86,Asia Pacific
VH00623,BMW,7 Series,2010,Truck,LPG,,3098.0,16.2,47835.11,771,2412.23,North America
VH01695,Ford,Edge,2040,SUV,N/A,DCT,2274.0,,31254.99,120,1003.75,North America
VH02403,Toyota,Corolla,2011,Wagon,Electric,AMT,0.0,6.81,32830.79,3349,1877.6,Europe
VH03541,Ram,ProMaster,2022,Van,Petrol,DCT,2018.0,12.68,28769.97,946,832.86,Europe
VH03919,BMW,X3,2016,Hatchback,CNG,AMT,,12.71,36869.57,1033,1290.99,Latin America
VH04528,Lexus,ES,2012,Convertible,LPG,AMT,2343.0,15.51,51373.72,844,2316.11,Middle East
VH03621,Mazda,CX-5,2024,Van,CNG,AMT,2442.0,16.86,27170.4,366,823.62,Middle East
VH02802,Ram,ProMaster,2021,Van,LPG,Manual,1943.0,16.29,30979.05,4498,1157.02,Asia Pacific
VH00756,Ram,ProMaster,2008,Truck,CNG,CVT,4967.0,15.18,24885.46,1376,1069.9,South Asia
VH00519,Honda,CR-V,2014,SUV,Petrol,Manual,1823.0,14.26,28314.05,1624,1481.42,Latin America
VH03935,Ford,Explorer,2019,Sedan,Electric,DCT,0.0,13.88,31327.62,4409,1210.48,North America
VH00033,Hyundai,Elantra,2008,Van,,AMT,2771.0,17.1,28447.96,4769,1440.48,Africa
VH03821,Subaru,Legacy,2014,SUV,Hybrid,Automatic,3712.0,15.8,29268.02,706,,Africa
VH01158,Volvo,XC60,2009,Wagon,Hybrid,Automatic,1885.0,21.5,41576.03,19,2416.2,Asia Pacific
VH00745,Mazda,Mazda3,2006,Sedan,CNG,Manual,3014.0,17.46,26877.38,4685,1702.36,Latin America
VH01484,Volkswagen,Passat,2015,Van,Hybrid,CVT,2109.0,17.51,27303.44,4927,1448.37,Latin America
VH02482,Ford,Escape,2013,Truck,Diesel,,3673.0,21.09,,406,1460.82,Asia Pacific
VH01740,Audi,e-tron,2023,Wagon,Petrol,CVT,3305.0,18.91,52872.82,2123,1803.99,North America
VH04029,Mercedes-Benz,GLE,2014,Sedan,CNG,CVT,2372.0,21.2,43161.87,3155,1781.28,South Asia
VH00784,Mazda,CX-9,2015,Hatchback,Petrol,DCT,2749.0,,21509.95,1528,1004.94,South Asia
VH02584,Subaru,Crosstrek,2010,Hatchback,Diesel,CVT,3309.0,11.85,23804.37,2922,1066.83,South Asia
VH02590,Volvo,V60,2017,Coupe,CNG,CVT,3018.0,20.42,41851.95,1673,2062.07,Latin America
VH00230,Toyota,RAV4,2012,Hatchback,CNG,CVT,1985.0,17.62,23341.9,2016,1140.78,North America
VH00858,Audi,Q7,2013,Wagon,Hybrid,CVT,1363.0,31.82,48219.19,3430,2266.07,Africa
VH02498,Jeep,Compass,2012,SUV,,AMT,0.0,5.85,32209.51,4702,1496.05,Latin America
VH03382,Lexus,RX,2011,SUV,Hybrid,CVT,3720.0,31.57,55720.46,1590,2652.99,Asia Pacific
VH02440,Mazda,CX-5,2009,Sedan,Diesel,AMT,1083.0,10.77,22327.26,3872,1444.19,North America
VH00409,  Honda  ,Accord,2024,Van, Diesel ,Automatic,2603.0,17.49,31265.25,3608,748.47,Africa
VH00171,Lexus,ES,2005,Wagon,LPG,DCT,3297.0,9.08,46671.07,4083,2066.86,Africa
VH00541,Mercedes-Benz,S-Class,2016,Van,Hybrid,AMT,2975.0,32.85,44583.0,3766,1258.37,Europe
VH02548,Nissan,Rogue,2024,Wagon,Hybrid,Automatic,2468.0,15.81,27831.27,2092,637.85,Middle East
VH03173,Honda,CR-V,2008,Van,Petrol,CVT,1865.0,14.83,25619.47,3963,1558.5,Asia Pacific
VH02654,Land Rover,Evoque,2005,SUV,Electric,Automatic,0.0,12.84,59549.14,1626,3732.64,South Asia
VH00614,Kia,Forte,2022,Convertible,Petrol,AMT,1006.0,11.59,30321.97,170,930.92,South Asia
VH03728,Ford,F-150,2005,Sedan,LPG,AMT,2661.0,13.88,30912.37,1311,1690.87,Europe
VH02900,Subaru,WRX,2015,SUV,CNG,CVT,4632.0,18.34,25014.28,1418,1184.09,Middle East
VH03561,Honda,Civic,2024,Coupe,CNG,Manual,2068.0,14.88,27013.43,2627,931.53,Middle East
VH01162,Audi,A3,2017,SUV,Hybrid,Manual,4801.0,18.49,61605.74,235,2221.56,Asia Pacific
VH04776,Hyundai,Santa Fe,2019,Sedan,CNG,CVT,1520.0,20.32,22532.96,1100,737.48,South Asia
VH03045,Hyundai,Kona,2012,SUV,Diesel,Automatic,2977.0,12.15,28412.14,4951,,Middle East
VH04347,Chevrolet,Malibu,2008,SUV,LPG,Automatic,3087.0,12.71,22552.77,2893,1336.21,Asia Pacific
VH03366,Mazda,Mazda6,2008,Sedan,LPG,DCT,2205.0,16.08,21103.0,4074,1105.53,Europe
VH04707,Kia,Sportage,2021,Coupe,Petrol,Manual,1929.0,16.79,25091.34,1809,785.44,Middle East
VH03629,Honda,Accord,2020,Van,Diesel,,3412.0,12.63,24920.91,3015,647.28,Asia Pacific
VH00565,Ford,Bronco,2018,SUV,LPG,CVT,4779.0,13.79,25849.96,4403,916.72,Africa
VH03698,Lexus,LS,2020,Wagon,LPG,DCT,1114.0,13.94,40501.25,2160,1465.6,North America
VH04318,Nissan,Altima,2011,Sedan,Petrol,AMT,2370.0,19.43,27268.48,4607,1267.3,Africa
VH01908,Volkswagen,Golf,2022,Sedan,Hybrid,DCT,2496.0,28.62,29369.15,1442,766.09,Middle East
VH04538,Hyundai,Santa Fe,2015,Hatchback,Electric,Automatic,0.0,11.31,32744.98,508,,Asia Pacific
VH01898,Mercedes-Benz,GLE,2022,Van,CNG,DCT,2995.0,21.19,45930.92,2758,1578.12,Europe
VH04112,Volkswagen,Tiguan,2008,Truck,Electric,CVT,0.0,9.5,39875.48,2838,2174.15,Europe
VH03785,Toyota,Highlander,2011,Coupe,LPG,AMT,1714.0,13.8,24932.07,2952,1246.66,Europe
VH03600,Mercedes-Benz,S-Class,2019,Convertible,Petrol,DCT,2268.0,10.3,43092.95,2258,1371.56,Europe
VH01925,Lexus,RX,2010,Truck,CNG,CVT,2532.0,17.84,38590.4,785,1829.25,Latin America
VH02472,Toyota,Tacoma,2022,Coupe,Diesel,CVT,2433.0,20.05,29816.58,4265,1144.67,Asia Pacific
VH02708,Ford,Mustang,2009,Truck,CNG,DCT,,19.94,28052.06,1025,1545.12,Middle East
VH02866,Volkswagen,Passat,2007,Convertible,LPG,AMT,2582.0,14.43,25548.42,1630,1214.84,Europe
VH01173,Mazda,CX-9,2011,Hatchback,LPG,Manual,2402.0,9.89,18720.95,2143,1071.58,South Asia
VH01833,Tesla,Model X,2009,Sedan,LPG,DCT,2012.0,15.19,45158.09,3361,2932.25,Africa
VH00326,Honda,Ridgeline,2009,Hatchback,Electric,CVT,0.0,11.18,22833.23,3125,1444.71,Africa
VH01052,TOYOTA,Highlander,2007,Sedan,electric,Manual,0.0,6.32,33658.07,3945,1616.32,North America
VH04734,Mazda,Mazda3,2009,Coupe,Petrol,Manual,1672.0,14.37,24850.28,4764,1562.91,Asia Pacific
VH03413,Land Rover,Freelander,2018,SUV,CNG,DCT,3004.0,15.15,52685.56,2711,2154.17,Latin America
VH04531,Lexus,ES,2012,Van,Hybrid,Manual,2973.0,15.52,48987.4,602,2602.77,Latin America
VH04692,Tesla,Model S,2017,Sedan,Hybrid,Automatic,3368.0,-24.36,47567.94,4901,,Europe
VH01589,Jeep,Cherokee,2009,SUV,Hybrid,Automatic,4058.0,29.91,32538.44,3784,1556.34,North America
VH01197,Lexus,RX,2017,Convertible,,Manual,2924.0,12.13,48979.02,2189,1546.35,Middle East
VH00621,Mercedes-Benz,AMG GT,2020,Coupe,Petrol,Automatic,3297.0,9.21,40944.71,135,1736.27,Europe
VH01816,Ram,3500,2007,Truck,Electric,Manual,0.0,5.65,35007.05,1696,2537.06,South Asia
VH04590,Nissan,Pathfinder,2019,Coupe,,AMT,2967.0,33.25,31971.18,1546,1022.9,Middle East
VH01190,Kia,Carnival,2016,Coupe,Petrol,DCT,2611.0,11.15,,1208,1671.36,Middle East
VH00329,Audi,A6,2017,Wagon,LPG,DCT,1801.0,14.88,38018.18,811,1752.49,Asia Pacific
VH00649,Subaru,Legacy,2009,Hatchback,,Automatic,2231.0,11.62,23651.01,4707,1220.02,Europe
VH00898,Audi,Q7,2005,Convertible,Petrol,Manual,3116.0,12.08,44062.66,2266,2175.32,South Asia
VH03485,,Model Y,2023,SUV,Diesel,Manual,3152.0,13.41,48627.24,2544,1301.68,Africa
VH01124,Volvo,S60,2018,Wagon,Hybrid,Automatic,2597.0,15.88,53164.1,834,1964.93,Africa
VH02688,Mazda,Mazda6,2023,Coupe,LPG,DCT,1200.0,,22077.38,520,765.2,Asia Pacific
VH04720,Volvo,C40,2006,Coupe,Diesel,Automatic,1234.0,23.96,45473.57,3521,2106.49,North America
VH01938,Land Rover,Range Rover,2014,SUV,Petrol,Automatic,4105.0,14.44,48472.55,1962,2282.5,Africa
VH01481,Volkswagen,Golf,2012,Coupe,Electric,Automatic,0.0,6.14,34153.7,1895,1860.85,Latin America
VH02891,Mazda,MX-5 Miata,2020,Sedan,CNG,DCT,2351.0,15.14,27176.2,3252,1180.92,Latin America
VH04287,Subaru,Impreza,2007,SUV,Diesel,Manual,3715.0,20.45,29944.68,1314,1399.14,South Asia
VH03762,Honda,Ridgeline,2015,Van,,Manual,2411.0,32.19,28617.88,3058,1157.44,Middle East
VH04295,Lexus,LS,2020,Van,Diesel,Manual,1981.0,20.47,56434.91,535,1795.41,South Asia
VH04397,Nissan,Altima,2011,Wagon,Hybrid,AMT,1935.0,32.65,30053.21,1378,1809.53,Africa
VH02823,Ford,Bronco,2013,SUV,CNG,Automatic,2906.0,16.22,18739.05,1747,1112.91,North America
VH01024,Lexus,NX,2018,Coupe,Petrol,CVT,,11.0,42891.8,3379,1610.83,Europe
VH04504,Toyota,Highlander,2014,Truck,CNG,CVT,5266.0,16.87,27072.29,2,1363.11,Latin America
VH04419,Chevrolet,Tahoe,2010,SUV,Electric,Manual,0.0,7.58,28135.64,622,1515.79,South Asia
VH04628,MERCEDES-BENZ,S-Class,2011,Truck,cng,DCT,4474.0,19.87,38785.44,1419,1968.02,Middle East
VH04909,Tesla,Cybertruck,2009,Sedan,CNG,CVT,2945.0,14.15,40681.51,4428,1867.59,Latin America
VH01567,Kia,Sportage,2008,Truck,Petrol,CVT,4711.0,8.65,28902.45,2852,1547.85,Asia Pacific
VH00810,,Accord,2024,Coupe,Diesel,CVT,1550.0,24.03,27695.91,2503,633.26,Latin America
VH02952,Honda,Ridgeline,2008,Wagon,Petrol,DCT,2843.0,17.32,25994.99,1151,1472.84,Asia Pacific
VH00979,Chevrolet,Equinox,2018,Sedan,Hybrid,Automatic,2231.0,28.83,24891.24,4463,1113.62,Europe
VH02169,Porsche,Macan,2015,Convertible,Diesel,CVT,1989.0,15.41,54284.55,2955,1853.78,Europe
VH03435,Tesla,Model S,2014,Sedan,Diesel,AMT,1817.0,11.14,51156.95,4353,2178.58,Africa
VH01790,Toyota,Highlander,2020,Coupe,Hybrid,DCT,3036.0,34.17,28112.73,4195,1102.68,Africa
VH01502,TOYOTA,Highlander,2022,SUV,petrol,Manual,4363.0,13.48,28741.11,3633,614.72,Latin America
VH04020,TOYOTA,Corolla,2015,Coupe,lpg,Manual,1394.0,10.91,22873.92,54,1239.78,North America
VH01488,Tesla,Model X,2017,SUV,Petrol,DCT,1711.0,18.57,42159.67,1120,1744.89,Africa
VH04130,Volvo,XC40,2012,Hatchback,LPG,Automatic,2358.0,14.3,42143.45,4858,1561.98,Asia Pacific
VH03814,Toyota,Prius,2022,Truck,Hybrid,CVT,3110.0,34.46,35821.01,334,,Asia Pacific
VH02499,Tesla,Model S,2009,SUV,CNG,Manual,3454.0,21.75,44996.46,909,2180.4,South Asia
VH01878,Toyota,Prius,2011,Van,LPG,AMT,1998.0,12.8,22399.93,1365,1054.52,Latin America
VH00175,Volvo,V60,2010,SUV,Diesel,Automatic,3449.0,19.05,63109.1,2273,3767.03,South Asia
VH01651,Ram,1500,2005,Van,Diesel,Automatic,2269.0,19.84,26103.37,3615,1573.83,Latin America
VH04225,Tesla,Model S,2010,SUV,Petrol,Manual,2078.0,16.43,53708.92,3209,1926.83,Middle East
VH04109,Mercedes-Benz,AMG GT,2018,Van,Hybrid,CVT,2438.0,22.34,,2436,1438.31,Latin America
VH04536,Mazda,Mazda6,2007,Coupe,Hybrid,Manual,2531.0,19.92,33641.73,4968,2493.44,Middle East
VH00218,Honda,CR-V,2007,Wagon,Petrol,Automatic,1004.0,15.3,29172.94,1608,1689.37,Europe
VH04051,Hyundai,Sonata,2019,Van,LPG,Manual,2820.0,17.65,22523.1,396,808.37,Europe
VH03947,Ram,ProMaster,2013,Truck,CNG,AMT,2617.0,14.52,22325.68,2680,1147.35,South Asia
VH01445,Hyundai,Sonata,2022,Van,CNG,,3252.0,17.75,18486.85,3497,845.42,North America
VH00691,Lexus,GX,2005,Wagon,CNG,Manual,1172.0,19.24,35505.81,4079,1994.41,South Asia
VH02859,Volkswagen,Atlas,2024,Wagon,Petrol,CVT,1363.0,,23200.03,4725,712.49,Latin America
VH02310,Jeep,Cherokee,2015,SUV,Hybrid,CVT,1940.0,21.1,30322.48,2732,1072.2,Africa
VH02315,BMW,5 Series,2005,Coupe,Diesel,Automatic,2560.0,24.99,59911.3,2863,4307.79,Europe
VH01107,Honda,Civic,2009,Coupe,Electric,CVT,0.0,12.17,30574.26,2647,1621.32,South Asia
VH02115,Kia,Carnival,2006,SUV,Electric,AMT,0.0,10.69,39103.03,1424,2080.83,Africa
VH02016,Ram,3500,2016,Truck,CNG,Automatic,5989.0,17.97,21653.18,4133,,Latin America
VH01624,Chevrolet,Tahoe,2014,Sedan,Hybrid,CVT,3382.0,20.8,32710.71,2846,1568.84,North America
VH00612,Lexus,LS,2023,Sedan,Diesel,Manual,3018.0,15.33,43280.52,2143,1071.14,Africa
VH03263,Hyundai,Elantra,2005,Sedan,Electric,DCT,0.0,5.54,30167.77,3941,1374.85,South Asia
VH04169,Porsche,Panamera,2018,Coupe,Electric,CVT,0.0,,60668.23,2678,2024.49,Africa
VH03842,Toyota,Prius,2005,Sedan,Electric,AMT,0.0,11.59,35597.55,4605,2392.57,Europe
VH00577,Ram,1500,2005,Truck,LPG,CVT,4776.0,15.72,27888.7,3392,1853.03,Africa
VH02134,Chevrolet,Equinox,2016,Sedan,LPG,DCT,2138.0,10.68,18555.03,2853,588.15,South Asia
VH04510,Mazda,CX-5,2012,Van,Petrol,Manual,2054.0,18.27,29606.88,2338,1649.28,Latin America
VH01181,Nissan,Frontier,2024,Coupe,Hybrid,AMT,2505.0,23.46,27754.83,2599,890.27,Middle East
VH00889,Lexus,LS,2016,Van,Diesel,AMT,2025.0,11.59,51488.11,4735,2345.08,North America
VH03245,Mercedes-Benz,C-Class,2011,Hatchback,LPG,AMT,1585.0,9.18,36746.09,1632,1941.58,Africa
VH01840,Volvo,XC60,2015,Van,LPG,Automatic,2576.0,10.82,44965.57,2240,,South Asia
VH02755,Chevrolet,Tahoe,2005,Sedan,Petrol,DCT,2822.0,10.11,24096.25,4347,1378.89,Africa
VH00818,Volkswagen,Tiguan,2015,Wagon,Diesel,Automatic,2335.0,14.15,28091.53,569,1070.52,Europe
VH03923,VOLKSWAGEN,ID.4,2010,Truck,diesel,Manual,,13.65,33883.86,3476,1355.41,Latin America
VH04910,Chevrolet,Malibu,2023,Truck,Electric,CVT,0.0,6.27,30926.62,2604,957.17,Middle East
VH00209,Audi,e-tron,2021,Van,Diesel,,2488.0,21.4,48734.7,216,1524.43,Europe
VH00294,Audi,Q7,2016,Hatchback,Diesel,Manual,,24.18,40611.66,263,1801.14,Europe
VH01120,Volvo,S60,2008,Sedan,Petrol,CVT,1499.0,15.6,40143.02,1665,,Asia Pacific
VH02289,Nissan,Sentra,2005,Hatchback,Electric,Manual,,5.99,31752.88,4982,1790.47,South Asia
VH01722,Volvo,C40,2023,Van,Diesel,Automatic,2392.0,17.93,48626.27,2340,1225.66,Latin America
VH01265,Porsche,Panamera,2006,Coupe,Hybrid,Manual,1595.0,18.6,48900.01,2107,1856.89,Europe
VH00991,Chevrolet,Colorado,2014,Truck,Hybrid,Manual,3889.0,32.5,32610.23,2463,1541.47,North America
VH03479,Volkswagen,Jetta,2012,Truck,Petrol,CVT,,14.85,25354.37,1344,1015.88,Europe
VH04266,Honda,Pilot,2021,Sedan,Diesel,AMT,2633.0,13.78,29795.67,1694,1063.14,South Asia
VH04802,Tesla,Model X,2010,Sedan,Diesel,DCT,3470.0,18.81,55590.67,86,3361.58,Asia Pacific
VH00354,  Mercedes-Benz  ,GLC,2017,Sedan, Petrol ,AMT,3091.0,9.3,,984,1204.5,Europe
VH02032,Jeep,Compass,2010,SUV,CNG,Manual,4426.0,21.28,25644.49,1019,1384.55,Latin America
VH01771,Toyota,Prius,2014,Truck,Electric,,0.0,6.03,34635.5,4554,1579.89,South Asia
VH03155,Tesla,Cybertruck,2007,Sedan,LPG,Manual,3324.0,15.78,42278.21,1030,1818.38,Africa
VH01490,  Honda  ,HR-V,2018,Convertible, Hybrid ,Manual,1059.0,31.37,24372.7,3746,943.73,Latin America
VH03835,Porsche,Taycan,2024,Convertible,Diesel,Automatic,,17.55,,2916,1107.81,Latin America
VH04837,Subaru,Outback,2022,Truck,Electric,DCT,0.0,,40591.11,3798,1648.08,South Asia
VH03674,Mercedes-Benz,GLE,2006,Hatchback,Electric,Manual,0.0,8.51,57832.63,3074,3180.21,Asia Pacific
VH01229,Audi,A4,2020,Wagon,Electric,Manual,0.0,10.18,43479.39,1859,1408.36,Europe
VH00260,Nissan,Pathfinder,2006,Sedan,Petrol,Manual,1087.0,15.83,30314.02,1712,1664.68,Asia Pacific
VH01613,Land Rover,Range Rover,2018,SUV,Diesel,DCT,3166.0,18.31,61192.27,1355,2561.26,Asia Pacific
VH01889,Tesla,Model S,2008,Sedan,CNG,AMT,1834.0,12.94,45443.58,77,2226.05,Europe
VH04818,Land Rover,Range Rover,2023,SUV,Diesel,CVT,4463.0,23.8,49079.08,2827,1703.61,North America
VH02330,Jeep,Wrangler,2019,SUV,CNG,AMT,3479.0,14.55,26500.03,2822,1133.54,Europe
VH02628,Volvo,V60,2016,Truck,CNG,Automatic,2795.0,16.63,51946.53,436,1860.2,Asia Pacific
VH00053,Ford,Bronco,2008,Truck,Hybrid,Automatic,5952.0,31.09,26071.24,3172,1474.5,Middle East
VH02270,Ram,2500,2010,Van,Electric,CVT,0.0,13.61,33736.2,3,1663.34,Africa
VH01958,Jeep,Compass,2022,SUV,Electric,,0.0,8.59,34344.82,4952,1058.31,Europe
VH02267,  Ram  ,1500,2012,Van, Petrol ,,2195.0,19.7,27544.72,2110,1165.92,North America
VH02488,Land Rover,Range Rover,2020,SUV,Diesel,Manual,4962.0,12.9,58580.99,3433,1840.12,North America
VH04000,Chevrolet,Tahoe,2018,Truck,LPG,Automatic,3347.0,11.03,21606.35,688,1018.01,North America
VH02581,Ford,Escape,2013,Truck,Electric,AMT,0.0,10.19,33560.96,1970,1327.46,Middle East
VH01480,Honda,Ridgeline,2021,Wagon,Electric,AMT,0.0,7.67,28415.47,407,950.52,Europe
VH01508,Ford,Explorer,2021,SUV,Diesel,DCT,2877.0,15.69,26596.12,354,,South Asia
VH01034,Kia,Soul,2022,Sedan,Electric,AMT,0.0,6.82,27613.18,2174,955.45,Middle East
VH01098,Chevrolet,Silverado,2007,SUV,N/A,DCT,4459.0,17.18,36061.18,4215,1205.77,Middle East
VH01470,Ram,ProMaster,2019,Truck,Hybrid,Automatic,,19.81,25913.04,4318,893.5,South Asia
VH00544,Kia,Sorento,2011,Truck,Electric,DCT,0.0,7.37,34265.16,537,1471.42,Middle East
VH01047,Nissan,Rogue,2021,Convertible,,Automatic,2702.0,16.25,33784.71,623,1189.46,North America
VH03918,BMW,3 Series,2014,Wagon,Petrol,Manual,2989.0,15.43,41549.61,3718,2537.43,South Asia
VH01671,PORSCHE,Boxster,2018,Coupe,diesel,Manual,1921.0,17.09,53279.56,1848,2658.41,Europe
VH00031,Nissan,Murano,2017,SUV,,DCT,3568.0,8.27,22646.34,2091,960.31,Africa
VH00726,Chevrolet,Blazer,2014,SUV,Electric,CVT,0.0,11.48,31866.01,975,1266.95,Latin America
VH03863,Lexus,IS,2012,Sedan,CNG,DCT,1463.0,20.83,34907.57,3328,1621.75,Middle East
VH02168,Hyundai,Kona,2018,Van,LPG,CVT,2545.0,12.83,22118.75,4099,746.98,Africa
VH04040,Tesla,Model Y,2018,SUV,Diesel,Manual,3912.0,13.44,50292.28,4866,2195.27,Middle East
VH01427,Chevrolet,Colorado,2014,Truck,,AMT,4057.0,25.16,37281.23,4714,1468.44,Asia Pacific
VH03927,Land Rover,Range Rover,2017,SUV,Electric,Automatic,0.0,5.08,59004.26,2845,2793.36,South Asia
VH03277,VOLKSWAGEN,Atlas,2011,Hatchback,cng,Automatic,3446.0,20.17,19948.74,1443,800.57,South Asia
VH00437,Mazda,CX-9,2016,SUV,LPG,AMT,3092.0,12.73,24194.04,699,931.62,Europe
VH04316,Mazda,Mazda3,2015,Convertible,Electric,AMT,0.0,10.16,37921.17,1608,1905.06,Africa
VH00913,Ford,Explorer,2016,SUV,Electric,DCT,0.0,,35342.71,3687,1335.58,South Asia
VH04291,Mercedes-Benz,C-Class,2012,SUV,CNG,Automatic,4575.0,18.93,41520.42,4859,2142.75,Asia Pacific
VH04232,  Toyota  ,Corolla,2017,Wagon, Diesel ,Automatic,3255.0,15.25,24292.39,2935,700.42,Asia Pacific
VH04587,Audi,A4,2020,Wagon,LPG,AMT,2415.0,15.99,36117.0,4310,1031.65,South Asia
VH04180,BMW,X3,2011,Van,LPG,DCT,3214.0,11.08,43752.83,2994,2010.81,Europe
VH02365,Porsche,Cayenne,2018,Convertible,Electric,CVT,0.0,8.45,60048.9,1235,,Europe
VH01727,Volkswagen,Passat,2011,Convertible,Diesel,Manual,1794.0,22.45,32822.37,1198,1698.06,North America
VH01239,Nissan,Frontier,2007,Truck,Petrol,Manual,2823.0,11.93,32703.67,2341,1474.23,Latin America
VH00904,Nissan,Pathfinder,2013,Truck,Petrol,Manual,5838.0,17.56,32542.18,2178,1560.57,Middle East
VH04274,Honda,Ridgeline,2015,Wagon,Diesel,Manual,2773.0,,21636.65,4714,961.36,North America
VH03261,Ford,Edge,2020,Truck,CNG,AMT,5897.0,20.8,29534.34,3003,,Middle East
VH01666,Mercedes-Benz,S-Class,2008,Wagon,Diesel,Automatic,2871.0,12.8,40604.64,2702,2490.78,Africa
VH00508,Kia,Sportage,2007,Van,Electric,AMT,0.0,12.94,35217.7,4549,,South Asia
VH03340,Hyundai,Santa Fe,2022,Coupe,,DCT,2038.0,23.12,25991.87,364,929.52,South Asia
VH00184,Nissan,Murano,2010,Van,Diesel,DCT,2560.0,14.42,28856.61,2973,,North America
VH04484,Tesla,Model X,2020,SUV,Petrol,,3592.0,12.98,50247.43,319,1972.94,North America
VH01498,Hyundai,Sonata,2005,Sedan,Petrol,DCT,1342.0,13.23,26193.95,3244,1374.45,Latin America
VH01943,Mazda,Mazda6,2014,Wagon,Diesel,DCT,3105.0,14.09,27835.28,2129,1392.26,Asia Pacific
VH00322,VOLVO,S60,2017,Truck,lpg,DCT,3666.0,10.85,58882.94,788,2600.34,Latin America
VH03542,Jeep,Renegade,2006,SUV,CNG,Automatic,4009.0,12.05,27815.56,3133,1330.7,Middle East
VH02764,Tesla,Model 3,2022,Sedan,Diesel,Automatic,2246.0,12.82,40339.3,2770,1511.18,Africa
VH01870,Ram,2500,2019,Van,Electric,DCT,0.0,,35369.31,2923,1117.53,Middle East
VH02458,Mercedes-Benz,GLE,2024,Coupe,Hybrid,DCT,2224.0,19.21,51803.0,2313,1785.75,North America
VH01892,Subaru,Crosstrek,2005,Truck,CNG,CVT,4173.0,18.45,27569.25,4412,1573.23,North America
VH02794,  Mazda  ,MX-5 Miata,2014,Van, Diesel ,DCT,2378.0,19.09,30111.7,3336,1091.12,North America
VH02606,Mazda,Mazda3,2018,Wagon,LPG,Manual,1197.0,13.7,24769.77,4175,835.09,South Asia
VH01552,Honda,CR-V,2018,Coupe,LPG,AMT,2756.0,15.76,23330.89,2973,1004.9,Asia Pacific
VH04512,Nissan,Altima,2013,Sedan,CNG,,1101.0,13.01,28087.1,4468,1570.28,Europe
VH01147,Mazda,Mazda6,2017,Wagon,CNG,CVT,1546.0,13.65,25358.61,2253,1069.49,Asia Pacific
VH02706,  Subaru  ,WRX,2008,Hatchback, Hybrid ,CVT,2097.0,33.46,22237.32,1013,1296.13,Middle East
VH02407,  Chevrolet  ,Malibu,2005,Sedan, Petrol ,AMT,1433.0,11.35,23611.33,4442,1107.16,Africa
VH00045,Nissan,Altima,2016,Wagon,CNG,Automatic,1701.0,19.77,23077.88,1552,968.53,North America
VH01868,Mercedes-Benz,E-Class,2014,Van,CNG,CVT,3273.0,14.14,51628.49,63,2623.02,North America
VH02378,BMW,X5,2007,Coupe,LPG,CVT,2516.0,16.27,,317,,Middle East
VH02332,Mazda,CX-30,2006,Hatchback,LPG,CVT,1770.0,14.72,27499.23,3558,1673.32,South Asia
VH01379,Mazda,MX-5 Miata,2008,Convertible,Diesel,CVT,2728.0,12.35,35092.22,947,1952.73,Middle East
VH03134,Honda,Accord,2020,Coupe,Hybrid,CVT,2055.0,28.93,25265.9,1192,816.6,North America
VH04402,BMW,X5,2021,Sedan,Hybrid,AMT,1608.0,22.42,44414.14,4316,1516.19,Latin America
VH00414,Ram,3500,2013,Truck,Petrol,CVT,4493.0,8.39,27620.8,3668,1255.84,Africa
VH04995,Nissan,Frontier,2023,Truck,Electric,Manual,0.0,13.28,34198.96,1035,1043.15,Middle East
VH01408,Volvo,S60,2017,Hatchback,Hybrid,DCT,2484.0,15.52,43019.37,1971,1946.59,Asia Pacific
VH03910,Subaru,WRX,2007,Hatchback,Diesel,Manual,3447.0,13.59,27632.36,275,1754.94,Europe
VH00802,Ram,2500,2011,Truck,Hybrid,AMT,5505.0,32.21,35728.82,2828,1839.02,Latin America
VH01289,Audi,A6,2017,SUV,LPG,DCT,1727.0,12.43,39068.3,4571,1530.96,Latin America
VH01559,Jeep,Wrangler,2019,SUV,,DCT,4941.0,19.6,31311.12,2977,1168.6,Europe
VH02255,Mazda,Mazda6,2011,Van,CNG,Automatic,2528.0,21.62,26740.86,2455,,Latin America
VH02522,Mercedes-Benz,GLE,2021,SUV,LPG,Manual,2146.0,12.95,46327.42,2959,1100.52,Asia Pacific
VH04170,Land Rover,Discovery,2019,SUV,Electric,Manual,0.0,14.38,57411.85,1442,2042.5,South Asia
VH02396,BMW,5 Series,2008,Van,Hybrid,DCT,3293.0,30.14,55846.91,1465,3555.25,Latin America
VH00257,Jeep,Compass,2011,SUV,Hybrid,CVT,4000.0,24.83,29377.21,4007,1476.43,Europe
VH04371,Porsche,911,2016,Convertible,CNG,Manual,3196.0,21.16,41073.3,3333,2287.22,Latin America
VH04921,Mercedes-Benz,S-Class,2024,Convertible,Hybrid,Manual,1384.0,30.84,50436.58,1872,1736.59,Africa
VH01152,  Audi  ,Q5,2007,Wagon, Hybrid ,Automatic,1534.0,33.33,45550.34,901,2824.18,North America
VH02379,Audi,A3,2012,Convertible,CNG,Manual,3005.0,16.55,37989.74,1521,1650.18,Europe
VH00648,Nissan,Altima,2011,Coupe,Petrol,DCT,2374.0,11.95,28906.0,1655,1495.0,Middle East
VH03013,  BMW  ,X5,2007,Van, Hybrid ,CVT,2383.0,34.47,46554.5,1081,3125.37,North America
VH04574,Toyota,Camry,2017,Convertible,Diesel,AMT,1144.0,14.51,32392.36,1192,1115.97,Africa
VH01809,Mazda,CX-30,2011,Van,Diesel,Manual,2764.0,19.69,24961.1,4410,1397.51,Asia Pacific
VH03102,,WRX,2021,Convertible,LPG,AMT,1090.0,11.74,28470.93,4551,1053.22,North America
VH04872,Chevrolet,Equinox,2024,SUV,Hybrid,DCT,2926.0,25.88,32416.98,4753,1180.6,Asia Pacific
VH03900,Ford,F-150,2016,SUV,Electric,AMT,0.0,5.04,39267.82,4513,1419.52,Latin America
VH01316,Land Rover,Discovery,2023,SUV,Electric,Manual,0.0,11.02,62998.75,1263,2042.59,North America
VH01089,Mazda,CX-9,2005,Convertible,N/A,Automatic,1753.0,17.76,29592.8,2142,1655.41,Europe
VH02073,Ram,2500,2007,Truck,Electric,Automatic,0.0,8.61,31317.58,552,1549.63,Europe
VH02616,Toyota,RAV4,2020,Convertible,Elec,Manual,1532.0,15.19,31278.27,2535,1149.91,Africa
VH03438,Kia,Telluride,2016,SUV,Electric,CVT,0.0,5.15,41523.33,2816,1710.64,Europe
VH01351,Mercedes-Benz,E-Class,2005,Truck,Petrol,DCT,4500.0,8.7,48631.8,603,2568.84,Latin America
VH03590,Ram,ProMaster,2015,Van,LPG,Automatic,3010.0,15.21,26971.61,16,1431.92,Asia Pacific
VH00113,Honda,CR-V,2015,Van,Electric,Manual,0.0,13.0,34506.81,2597,1650.91,South Asia
VH03250,Lexus,IS,2014,SUV,Electric,CVT,0.0,13.92,59353.5,4419,2735.15,Asia Pacific
VH00264,Subaru,Outback,2014,Van,LPG,Automatic,2499.0,10.88,24455.06,1096,1214.39,South Asia
VH01394,Jeep,Cherokee,2010,SUV,LPG,,2011.0,9.29,27106.5,4231,1723.1,Europe
VH03619,Chevrolet,Silverado,2008,SUV,Electric,,0.0,12.19,29222.13,4919,1369.62,Middle East
VH01187,Volvo,XC90,2008,Wagon,Hybrid,AMT,1945.0,18.99,60282.73,892,2813.28,South Asia
VH02742,Land Rover,Evoque,2006,SUV,Hybrid,CVT,3861.0,32.29,49966.06,816,2618.12,Africa
VH00057,Kia,Telluride,2009,Convertible,Petrol,Automatic,3486.0,17.8,37761.03,3731,1634.07,South Asia
VH01310,Mercedes-Benz,GLC,2021,Convertible,Diesel,Automatic,1832.0,19.8,50398.7,1157,1257.03,Latin America
VH00696,Jeep,Grand Cherokee,2007,SUV,CNG,CVT,3129.0,12.47,23735.52,1607,1319.94,Asia Pacific
VH04272,Nissan,Rogue,2013,Convertible,CNG,Automatic,1339.0,21.94,26641.65,2346,1374.08,North America
VH04850,Chevrolet,Blazer,2014,Truck,Diesel,CVT,5388.0,19.03,26356.54,915,1356.57,Latin America
VH01834,Ford,Escape,2008,Sedan,Hybrid,CVT,1982.0,34.29,25481.73,1169,1476.97,Latin America
VH02641,Ram,2500,2008,Van,CNG,CVT,3390.0,12.68,28004.45,51,1485.72,Middle East
VH03916,Honda,HR-V,2015,Truck,Hybrid,AMT,4731.0,30.63,33647.23,1815,1361.68,South Asia
VH00320,Ford,Explorer,2014,Truck,LPG,,3535.0,12.52,30744.14,1808,1158.0,Africa
VH04024,,Pilot,2013,Van,Electric,AMT,0.0,10.07,34593.42,3045,,South Asia
VH01590,Volkswagen,Passat,2024,Hatchback,Hybrid,AMT,1820.0,24.6,,2681,576.07,Africa
VH00683,Volkswagen,Golf,2019,Sedan,Diesel,Manual,3278.0,12.76,26082.1,25,973.57,Latin America
VH02744,Porsche,Boxster,2011,Convertible,CNG,Manual,2289.0,19.09,52194.69,3019,3313.25,Latin America
VH03332,Ford,Explorer,2009,SUV,CNG,Manual,3829.0,14.38,23047.85,2374,,North America
VH00480,Nissan,Frontier,2005,Hatchback,Electric,,0.0,10.32,26000.96,2522,1627.79,Latin America
VH03632,Tesla,Model 3,2009,Sedan,Petrol,AMT,2544.0,16.75,37271.81,1542,1814.48,Latin America
VH02955,Subaru,WRX,2021,Wagon,Petrol,DCT,1198.0,15.55,23174.09,1427,673.32,North America
VH00287,Jeep,Cherokee,2024,SUV,LPG,CVT,1861.0,,22502.04,2888,621.29,North America
VH03506,Tesla,Model 3,2022,Sedan,LPG,AMT,2842.0,15.48,47978.28,4609,1403.66,South Asia
VH02196,Land Rover,Evoque,2011,SUV,Electric,,0.0,6.81,60828.36,4073,2823.55,South Asia
VH02858,Kia,Sorento,2012,Hatchback,CNG,DCT,1609.0,20.6,,4582,1197.4,Africa
VH03482,Kia,Sorento,2013,Truck,Diesel,Manual,3807.0,14.29,32416.97,2547,1644.28,Asia Pacific
VH01823,Tesla,Model X,2012,SUV,Hybrid,Automatic,2816.0,26.57,41680.79,4427,,Middle East
VH03624,Ford,Explorer,2006,SUV,CNG,CVT,2808.0,20.05,25580.63,3031,1319.4,Asia Pacific
VH01599,Honda,Pilot,2014,Coupe,CNG,CVT,2087.0,16.51,-24323.34,1523,1087.76,Africa
VH01704,Tesla,Model S,2005,SUV,CNG,Manual,4339.0,18.16,48384.52,3323,2443.43,Middle East
VH02154,Subaru,Impreza,2023,Van,CNG,Unknown,3407.0,16.85,21353.36,2467,760.34,Asia Pacific
VH00737,Honda,Ridgeline,2019,SUV,Hybrid,Manual,2128.0,25.67,34259.32,2418,1367.39,Middle East
VH01942,RAM,2500,2007,Van,electric,Manual,0.0,7.08,37008.52,3292,1736.75,Middle East
VH00337,Mercedes-Benz,C-Class,2017,Hatchback,LPG,CVT,2087.0,15.05,34389.9,3313,1214.42,Asia Pacific
VH02463,Tesla,Model Y,2005,SUV,Petrol,CVT,3428.0,18.63,52614.75,4980,2649.48,South Asia
VH02868,Tesla,Model 3,2014,SUV,CNG,Automatic,4584.0,12.16,40241.49,1653,1750.02,South Asia
VH04188,BMW,M3,2006,SUV,CNG,AMT,4871.0,12.48,44224.71,2513,2069.23,South Asia
VH04476,Tesla,Model S,2018,Sedan,Diesel,AMT,3347.0,13.32,42887.6,3444,1314.4,North America
VH01072,  Mercedes-Benz  ,E-Class,2016,Sedan, CNG ,AMT,2371.0,18.44,43496.38,3548,1803.88,Asia Pacific
VH02368,Land Rover,Evoque,2020,SUV,Petrol,DCT,4363.0,15.05,45951.77,4215,1565.46,Asia Pacific
VH03690,Volvo,C40,2021,Hatchback,CNG,DCT,2789.0,19.93,39674.3,1049,1226.28,Europe
VH04370,Jeep,Grand Cherokee,2011,SUV,Diesel,CVT,3821.0,10.9,25435.12,2484,1420.11,Latin America
VH03981,Audi,A3,2007,Van,Diesel,AMT,2107.0,18.75,47915.13,1967,2934.99,Latin America
VH04181,Kia,Forte,2017,Van,Hybrid,Automatic,2193.0,22.14,27696.49,343,1022.05,Latin America
VH04871,Subaru,WRX,2024,Van,LPG,AMT,2123.0,16.65,26055.85,56,866.88,Africa
VH03783,Mercedes-Benz,GLC,2024,Sedan,Electric,AMT,0.0,5.57,54609.27,1152,1852.37,Latin America
VH01489,Subaru,Legacy,2020,Truck,Hybrid,DCT,4312.0,29.05,34323.81,611,1281.84,North America
VH00499,Ford,Mustang,2016,SUV,Hybrid,,4753.0,33.95,28013.28,1632,986.38,Middle East
VH04416,Volvo,V60,2017,Coupe,,Manual,2560.0,18.85,42503.48,3326,2007.79,Europe
VH03675,Toyota,Camry,2012,SUV,CNG,Automatic,3646.0,20.44,25067.67,2452,852.57,Latin America
VH02644,Volvo,V60,2018,SUV,LPG,CVT,2709.0,12.25,42745.44,3830,1744.06,Africa
VH02418,Chevrolet,Colorado,2021,SUV,Petrol,,2278.0,11.63,29012.33,167,1101.54,South Asia
VH03323,Jeep,Renegade,2023,SUV,Hybrid,AMT,,15.89,26401.6,1778,837.43,North America
VH04861,Honda,Accord,2018,SUV,Electric,AMT,0.0,13.23,29529.63,1387,848.68,Middle East
VH04841,Chevrolet,Malibu,2013,Truck,Diesel,Manual,5996.0,17.78,25771.6,142,1357.58,Asia Pacific
VH01611,Volkswagen,Atlas,2012,Sedan,Diesel,Automatic,2724.0,15.35,21273.89,190,994.24,Africa
VH02229,Porsche,Taycan,2020,Convertible,Petrol,CVT,1187.0,16.17,58910.3,372,2110.44,North America
VH02674,Chevrolet,Silverado,2017,Sedan,Hybrid,AMT,1438.0,33.4,,4257,794.03,Middle East
VH02112,Jeep,Gladiator,2012,SUV,LPG,Automatic,3956.0,14.81,21302.66,3505,1354.62,Middle East
VH01023,Mazda,Mazda3,2010,Sedan,Electric,AMT,0.0,7.84,,2381,1391.66,North America
VH02986,Lexus,NX,2017,SUV,Hybrid,AMT,1528.0,18.5,53097.94,4718,2085.06,North America
VH04966,Porsche,Macan,2023,Coupe,Electric,Automatic,0.0,13.05,60759.46,1827,2189.48,North America
VH02084,Land Rover,Range Rover,2008,SUV,CNG,Automatic,1858.0,20.73,43772.51,4802,1982.87,Middle East
VH03177,Nissan,Altima,2023,Convertible,Diesel,Manual,2275.0,22.72,33196.52,3122,911.15,Latin America
VH02101,  Tesla  ,Model 3,2020,SUV, LPG ,CVT,1744.0,11.51,40822.94,136,1524.25,Asia Pacific
VH00666,Land Rover,Discovery,2020,SUV,Hybrid,Manual,4690.0,26.84,54963.69,504,1722.61,Asia Pacific
VH04069,Kia,Sportage,2007,SUV,CNG,Automatic,4094.0,21.89,26719.2,1720,1506.65,Middle East
VH02728,BMW,M3,2015,Truck,CNG,CVT,2635.0,20.98,51886.64,2237,2814.86,Middle East
VH02019,Ram,1500,2007,Van,Hybrid,DCT,3221.0,24.28,24151.68,3952,1025.53,Latin America
VH04337,Land Rover,Defender,2019,SUV,CNG,CVT,4337.0,14.29,49224.93,4478,1982.68,North America
VH02239,Volvo,XC40,2023,Sedan,Petrol,Manual,1276.0,16.51,36169.98,324,1138.81,Africa
VH01018,Hyundai,Santa Fe,2024,Van,CNG,CVT,2958.0,14.34,27114.64,3373,643.77,Latin America
VH00558,KIA,Forte,2020,Coupe,cng,Automatic,1357.0,13.93,31242.35,4594,1121.88,Europe
VH03456,  Nissan  ,Rogue,2012,SUV, Electric ,CVT,0.0,7.43,34925.74,3741,1892.3,North America
VH01208,Volvo,XC90,2018,Sedan,Petrol,Automatic,2839.0,10.6,52982.98,3608,2309.71,South Asia
VH02094,Volvo,S60,2006,SUV,CNG,DCT,1665.0,12.47,46629.19,3120,2330.33,Latin America
VH03625,Honda,Civic,2024,SUV,CNG,Manual,4271.0,12.77,27743.81,1295,970.79,Latin America
VH04981,Ford,Explorer,2007,SUV,Diesel,Manual,2150.0,21.85,28428.5,873,1734.16,North America
VH01511,Kia,Soul,2022,Van,Petrol,CVT,2586.0,19.72,25080.13,492,673.4,North America
VH01845,Mercedes-Benz,S-Class,2013,Hatchback,LPG,,,16.05,41935.99,1553,,North America
VH01685,Lexus,NX,2005,Van,Diesel,Manual,2792.0,19.05,53619.13,1543,2648.68,Latin America
VH00246,Subaru,WRX,2016,Van,LPG,Automatic,2085.0,9.07,21272.19,2273,1087.1,Asia Pacific
VH01164,Mazda,CX-5,2018,Wagon,LPG,Automatic,2471.0,15.07,25996.75,17,865.38,North America
VH02603,Ford,Explorer,2011,SUV,Diesel,Manual,3166.0,20.71,23309.27,806,1160.61,Europe
VH04925,Mazda,MX-5 Miata,2016,Hatchback,LPG,Automatic,3471.0,,18602.77,3143,731.29,Europe
VH00267,BMW,X5,2018,Sedan,Electric,Manual,0.0,8.93,56259.04,4765,1387.48,Africa
VH04196,Volvo,XC60,2021,Wagon,Petrol,DCT,1720.0,16.43,47604.05,479,1313.03,North America
VH01115,Nissan,Frontier,2008,Coupe,Diesel,Automatic,2427.0,13.53,27419.58,1219,1673.48,North America
VH00064,Audi,A6,2023,Coupe,CNG,DCT,2040.0,12.49,38895.5,467,1273.5,Asia Pacific
VH04984,Toyota,Prius,2011,Convertible,Diesel,Manual,1692.0,12.66,32502.3,2222,1838.04,Asia Pacific
VH02681,Chevrolet,Malibu,2011,Sedan,Electric,CVT,0.0,11.31,,925,1730.69,Europe
VH04870,Hyundai,Santa Fe,2014,Hatchback,Diesel,DCT,3243.0,16.17,25327.04,3283,846.97,North America
VH04218,Land Rover,Evoque,2011,SUV,Diesel,CVT,3713.0,22.61,54987.98,4665,,Europe
VH03122,Porsche,Boxster,2018,Coupe,Petrol,Manual,1432.0,9.23,43911.7,4368,2004.1,Asia Pacific
VH04050,Audi,A6,2021,Wagon,Hybrid,CVT,3159.0,19.45,53879.16,2432,1923.63,Middle East
VH03468,Mazda,CX-30,2021,Sedan,Petrol,AMT,2493.0,8.52,24848.85,4405,767.02,Europe
VH04117,Land Rover,Evoque,2021,SUV,Petrol,AMT,1573.0,14.49,44333.25,3509,1319.11,North America
VH02908,Kia,Carnival,2009,Hatchback,CNG,CVT,1554.0,15.01,20785.14,4582,1202.0,Asia Pacific
VH02132,Nissan,Altima,2008,Hatchback,Petrol,Automatic,2527.0,19.72,17700.29,540,1158.29,North America
VH01766,Subaru,Crosstrek,2018,Wagon,Electric,AMT,0.0,5.33,33910.79,3472,1298.82,North America
VH02320,BMW,X5,2016,Van,Hybrid,CVT,2605.0,33.63,70968.7,944,2728.3,North America
VH01238,Mercedes-Benz,GLC,2014,Sedan,Hybrid,AMT,2000.0,30.72,56777.46,2273,,North America
VH00104,Volkswagen,Golf,2013,Van,Hybrid,CVT,2782.0,29.0,27726.39,2214,1363.42,Middle East
VH02733,Mercedes-Benz,S-Class,2006,Convertible,,AMT,1721.0,26.1,62806.67,4586,,Africa
VH00273,BMW,5 Series,2015,Coupe,Diesel,Manual,2126.0,20.15,53380.22,2821,2318.33,Middle East
VH00509,Audi,Q7,2024,Convertible,Hybrid,AMT,2745.0,34.73,64033.33,95,1671.34,Europe
VH02303,Subaru,Crosstrek,2022,Van,LPG,DCT,,17.23,28070.17,1880,851.39,Latin America
VH01070,Mercedes-Benz,AMG GT,2011,Sedan,Electric,DCT,0.0,10.04,50611.18,2509,2483.16,South Asia
VH04418,Ford,F-150,2011,SUV,Petrol,Automatic,2051.0,8.08,20358.08,1772,1209.17,Africa
VH00866,Nissan,Murano,2013,Truck,CNG,Manual,4734.0,14.2,28774.73,724,1488.64,South Asia
VH02513,Tesla,Model S,2011,SUV,Diesel,CVT,3767.0,19.16,49956.33,1272,2655.24,North America
VH00909,Lexus,ES,2010,Sedan,Diesel,DCT,1854.0,15.5,35894.05,1326,1621.94,South Asia
VH03811,Volvo,V60,2017,Convertible,CNG,Manual,1502.0,17.66,52631.05,447,2218.41,North America
VH04681,Toyota,Camry,2020,Wagon,LPG,CVT,1206.0,11.91,29690.8,3313,877.45,Europe
VH04033,  Ford  ,F-150,2012,Truck, CNG ,,3664.0,13.37,23974.93,3042,1469.92,Middle East
VH01628,BMW,3 Series,2012,Wagon,Hybrid,Automatic,3270.0,29.23,56785.96,3776,3083.78,Middle East
VH04877,Subaru,Impreza,2024,Coupe,Hybrid,AMT,2238.0,32.85,30644.06,596,802.27,Middle East
VH01523,Tesla,Model S,2017,Sedan,Diesel,Manual,2798.0,21.37,41073.91,1749,2264.9,Middle East
VH00836,Ram,3500,2016,Truck,Petrol,Automatic,4405.0,18.21,27840.61,3612,1210.93,North America
VH00359,Hyundai,Palisade,2013,Convertible,CNG,Automatic,1007.0,13.92,29062.73,3407,1515.44,Africa
VH00139,Nissan,Altima,2020,Hatchback,Electric,Automatic,,14.86,28940.6,1627,1122.41,Latin America
VH00300,Volvo,XC60,2024,Coupe,Hybrid,Manual,2979.0,18.75,45954.1,4279,1389.68,Asia Pacific
VH01557,Nissan,Altima,2010,Convertible,,AMT,3347.0,17.49,33210.9,2471,1701.31,Europe
VH01004,VOLVO,V60,2022,Hatchback,cng,DCT,1378.0,-13.66,35721.55,4996,1350.11,Africa
VH00383,Mercedes-Benz,GLE,2012,Convertible,Diesel,DCT,1880.0,19.57,64339.85,356,2765.79,Middle East
VH00942,Nissan,Murano,2009,Van,Hybrid,,1937.0,29.47,30781.95,3036,1721.81,Europe
VH03129,Land Rover,Discovery,2019,SUV,LPG,Automatic,1551.0,16.12,38798.18,291,1345.53,South Asia
VH03879,Land Rover,Range Rover,2006,SUV,Electric,Manual,0.0,14.11,51460.07,4396,3348.23,Africa
VH00762,Hyundai,Tucson,2016,Wagon,Diesel,DCT,2713.0,18.23,25148.68,2613,1028.65,Asia Pacific
VH02081,Lexus,GX,2023,Hatchback,Electric,Manual,0.0,11.21,58386.28,4608,1957.38,Europe
VH03378,Volvo,XC40,2015,Convertible,Hybrid,Automatic,3101.0,31.24,56828.76,4142,2130.1,Europe
VH03393,JEEP,Compass,2014,SUV,hybrid,DCT,4283.0,,28351.83,1157,1071.1,Latin America
VH04358,  Land Rover  ,Range Rover,2023,SUV, Hybrid ,Automatic,2039.0,21.73,56019.73,2449,1574.96,Latin America
VH04632,Ram,3500,2018,Truck,Petrol,DCT,4899.0,13.46,34425.34,1628,1452.54,Middle East
VH00899,Porsche,911,2010,SUV,CNG,DCT,2749.0,20.52,60694.87,1507,2482.35,Middle East
VH04114,Ram,3500,2007,Truck,,AMT,4053.0,12.45,25208.65,3028,1348.71,North America
VH04401,  Mercedes-Benz  ,E-Class,2008,Van, Diesel ,Manual,2600.0,12.49,51023.57,1600,3347.85,Africa
VH01403,Volvo,XC60,2012,Coupe,,Automatic,0.0,7.05,55093.96,1570,2766.45,Asia Pacific
VH02122,Chevrolet,Tahoe,2017,Truck,LPG,CVT,5463.0,15.01,26208.12,333,942.96,Africa
VH03917,BMW,7 Series,2014,Truck,Diesel,DCT,3593.0,19.4,70664.35,3839,3352.3,North America
VH04458,Hyundai,Tucson,2011,Coupe,Diesel,AMT,2878.0,12.15,29455.34,1446,1468.33,Middle East
VH03064,Nissan,Rogue,2015,Sedan,Diesel,DCT,2992.0,13.99,22933.14,422,1156.98,Asia Pacific
VH01513,Porsche,Taycan,2012,Convertible,CNG,CVT,2907.0,12.95,37768.83,43,1376.99,North America
VH01189,Kia,Forte,2015,Truck,Petrol,AMT,5691.0,16.02,28432.45,4944,1059.36,Latin America
VH03099,Ford,F-150,2014,Truck,Petrol,Automatic,3640.0,15.31,33214.85,2087,1292.62,Europe
VH02118,Mazda,Mazda6,2014,Wagon,,CVT,1480.0,11.35,25397.45,2778,1178.61,Europe
VH04012,Mercedes-Benz,GLE,2020,Van,CNG,Automatic,1984.0,18.53,45195.42,3144,1820.58,Europe
VH03560,Porsche,Panamera,2018,Convertible,Hybrid,Automatic,3357.0,27.84,58934.56,4956,2373.8,Asia Pacific
VH02544,Nissan,Rogue,2024,Coupe,LPG,Manual,2037.0,9.96,25310.62,594,1035.06,Latin America
VH00109,Jeep,Compass,2013,SUV,,CVT,2017.0,26.45,31512.18,1128,1375.84,Latin America
VH02830,Ford,F-150,2020,SUV,LPG,Manual,2946.0,11.82,29253.66,4526,995.81,Europe
VH02917,VOLKSWAGEN,Atlas,2008,Convertible,petrol,CVT,2058.0,18.65,24631.82,1898,1074.65,South Asia
VH01974,Subaru,Outback,2014,Hatchback,Petrol,CVT,2193.0,15.2,22711.47,1498,1000.33,Middle East
VH00059,Lexus,ES,2011,Truck,Electric,Automatic,0.0,14.21,68062.37,780,3301.46,Europe
VH00077,Chevrolet,Malibu,2016,Sedan,CNG,DCT,,21.46,23843.43,3976,818.68,Latin America
VH00797,Ram,ProMaster,2015,Truck,Hybrid,Automatic,4153.0,21.6,26383.48,1127,1232.29,Middle East
VH00369,Mazda,MX-5 Miata,2024,Van,Diesel,Manual,3040.0,21.32,31308.87,2071,738.95,Africa
VH04985,BMW,3 Series,2005,Coupe,Diesel,Automatic,3024.0,16.04,36581.78,3788,1828.36,South Asia
VH00786,BMW,X5,2015,Sedan,Petrol,DCT,2525.0,9.55,43066.46,1156,1891.81,South Asia
VH02119,  Porsche  ,Taycan,2016,Convertible, Electric ,CVT,0.0,10.63,57173.71,888,1963.64,Latin America
VH04356,Mazda,Mazda6,2023,Truck,Electric,Automatic,0.0,5.37,37365.42,1706,1118.21,Middle East
VH04119,Volvo,S60,2006,Coupe,Hybrid,CVT,1172.0,27.03,,3041,2546.28,North America
VH02095,Jeep,Cherokee,2012,SUV,Diesel,Manual,3798.0,22.42,26632.53,4019,1080.89,North America
VH02223,Hyundai,Elantra,2022,SUV,CNG,AMT,3254.0,17.99,30094.56,117,1056.36,Europe
VH03658,Subaru,WRX,2014,Van,CNG,Automatic,3495.0,,29724.09,307,1156.33,South Asia
VH02022,Ford,Explorer,2018,SUV,CNG,DCT,3921.0,18.84,25527.35,2244,943.11,Europe
VH00550,Lexus,RX,2014,SUV,Electric,AMT,0.0,7.02,64167.83,802,2503.16,Africa
VH00122,  Porsche  ,Boxster,2015,Convertible, Diesel ,Automatic,2120.0,15.89,62160.12,4178,2808.7,Latin America
VH03801,Volkswagen,Atlas,2024,Convertible,Electric,Manual,0.0,11.32,36680.52,288,1406.95,South Asia
VH03197,Jeep,Compass,2016,SUV,Petrol,Automatic,1553.0,18.9,30760.05,4041,1794.04,Latin America
VH03219,Honda,Accord,2016,Wagon,,AMT,2432.0,16.88,30624.92,3032,1205.12,Latin America
VH00911,Land Rover,Freelander,2021,SUV,CNG,Manual,2146.0,21.53,45673.66,1466,1385.67,Latin America
VH00125,Audi,A4,2014,Van,Hybrid,Automatic,3029.0,16.68,41456.5,2467,1634.34,South Asia
VH04998,Mercedes-Benz,E-Class,2005,Coupe,Diesel,AMT,2362.0,15.49,,998,1750.93,South Asia
VH01587,Hyundai,Tucson,2020,Convertible,Diesel,Automatic,3036.0,24.9,34188.69,1139,1095.45,Latin America
VH01258,Honda,Civic,2013,Convertible,Electric,Manual,0.0,,36561.42,2056,1624.33,South Asia
VH03564,,Colorado,2008,Sedan,CNG,Automatic,2938.0,20.29,21754.27,2475,929.88,Africa
VH03605,Tesla,Model S,2019,SUV,CNG,AMT,1639.0,19.56,43029.24,4307,1540.72,North America
VH03505,Honda,HR-V,2016,Hatchback,Petrol,AMT,2591.0,14.29,22730.53,2138,960.0,South Asia
VH01179,Volvo,V60,2015,Van,Electric,Manual,0.0,6.03,62463.36,463,2824.52,Europe
VH04527,Volvo,C40,2018,Coupe,Hybrid,CVT,2212.0,29.11,50155.87,2643,2280.09,North America
VH02466,Volvo,S60,2008,SUV,Diesel,DCT,2787.0,13.32,38886.52,3558,1117.3,Middle East
VH03594,Volvo,XC40,2007,Hatchback,Electric,DCT,0.0,7.61,63381.46,3459,3955.59,Asia Pacific
VH03687,Ram,2500,2010,Van,Hybrid,Manual,2091.0,31.55,25241.47,1131,1235.74,North America
VH02174,Ram,ProMaster,2023,Van,Hybrid,Automatic,3428.0,20.8,29784.08,4528,1183.11,Middle East
VH00443,Toyota,Corolla,2019,Hatchback,Petrol,Automatic,2309.0,14.12,19280.53,2363,659.78,Middle East
VH02023,Tesla,Model 3,2009,SUV,,Automatic,4909.0,31.89,,452,,Middle East
VH02975,Subaru,Crosstrek,2023,Van,CNG,,2996.0,,20495.76,2268,602.3,Europe
VH00926,Volkswagen,Jetta,2015,Coupe,Diesel,Manual,2995.0,23.31,28212.08,2113,1142.24,South Asia
VH02410,Land Rover,Discovery,2019,SUV,Diesel,Automatic,3374.0,16.95,60612.66,1291,2132.9,South Asia
VH02593,Ram,Dakota,2022,Truck,Petrol,,5847.0,16.44,30625.72,558,1227.37,Africa
VH04849,Honda,HR-V,2013,Hatchback,Petrol,AMT,3111.0,9.41,19836.23,2653,927.05,Africa
VH01412,Volkswagen,Tiguan,2015,Wagon,Diesel,Manual,2799.0,23.93,27916.82,4742,1206.56,Europe
VH03843,Ram,ProMaster,2024,Van,Electric,DCT,0.0,13.74,36813.76,902,1169.91,Middle East
VH01860,Ford,Explorer,2012,Sedan,Petrol,CVT,3287.0,12.19,37077.47,546,1806.33,Asia Pacific
VH01510,Tesla,Model 3,2006,SUV,CNG,Manual,3522.0,20.06,44480.0,3805,2760.14,Europe
VH01228,Honda,Ridgeline,2007,SUV,Electric,AMT,0.0,5.55,39042.13,718,2232.0,Africa
VH03729,Chevrolet,Silverado,2019,Sedan,LPG,AMT,1037.0,10.42,22477.81,3150,,South Asia
VH02433,Porsche,911,2018,SUV,CNG,DCT,1796.0,15.45,50846.76,393,1732.28,Latin America
VH04509,Chevrolet,Tahoe,2012,SUV,Diesel,AMT,2595.0,15.64,38455.11,3427,1591.18,Latin America
VH02221,Volvo,S60,2022,Sedan,Diesel,CVT,3334.0,19.83,42858.22,4126,1616.54,Africa
VH03399,Chevrolet,Tahoe,2008,Sedan,Diesel,Automatic,1367.0,11.77,18815.88,-1756,907.87,Middle East
VH00325,Kia,Soul,2012,Van,CNG,DCT,3351.0,17.37,24911.18,3982,1120.61,Asia Pacific
VH03194,Chevrolet,Tahoe,2023,Sedan,Diesel,Manual,1915.0,10.15,23649.87,3176,778.92,Europe
VH02670,Honda,Ridgeline,2011,SUV,Electric,CVT,0.0,12.98,32595.91,2995,1629.66,Asia Pacific
VH02043,Jeep,Cherokee,2010,SUV,CNG,DCT,4008.0,19.3,27953.79,1703,1615.98,Middle East
VH02684,Audi,e-tron,2018,Van,Electric,Manual,0.0,6.28,60104.36,2161,2673.39,Africa
VH04555,Nissan,Frontier,2022,SUV,Diesel,Manual,2448.0,23.01,28165.67,3876,1013.4,Africa
VH04702,Subaru,Legacy,2008,SUV,LPG,Automatic,3628.0,13.36,26741.67,4955,1186.49,Asia Pacific
VH01499,Kia,Forte,2005,Wagon,LPG,DCT,2467.0,16.99,18229.66,3303,833.6,Middle East
VH01503,Tesla,Model Y,2011,SUV,LPG,AMT,3237.0,14.01,52402.65,3609,3205.34,Latin America
VH01007,Mercedes-Benz,E-Class,2017,Sedan,Diesel,Automatic,3071.0,24.55,38666.97,4421,1455.04,South Asia
VH03706,Toyota,RAV4,2023,Coupe,Electric,AMT,0.0,5.9,27086.29,988,750.06,South Asia
VH02820,Mazda,CX-5,2022,Convertible,CNG,,2865.0,21.4,23790.44,2653,715.83,South Asia
VH03880,Mazda,MX-5 Miata,2013,Truck,Electric,CVT,0.0,14.28,43036.68,4325,2210.62,Middle East
VH01468,Ram,1500,2008,Truck,Diesel,Automatic,3412.0,23.84,31359.28,3340,1594.24,Europe
VH01226,Ford,Edge,2017,Truck,Petrol,DCT,4462.0,10.14,30126.48,2166,1528.98,Latin America
VH03425,Porsche,Cayenne,2018,SUV,Hybrid,Manual,4527.0,34.53,49667.81,4016,1999.94,Asia Pacific
VH02655,Kia,Telluride,2019,Van,Hybrid,DCT,2285.0,24.4,32851.85,4665,1156.59,Asia Pacific
VH03908,Toyota,Tacoma,2011,Truck,CNG,DCT,5199.0,13.79,29850.06,845,1636.89,Africa
VH00297,Mazda,Mazda6,2009,Truck,Diesel,AMT,4223.0,10.08,31094.74,4682,1626.78,Africa
VH01217,Honda,Pilot,2019,Van,Electric,,0.0,5.31,29278.91,2281,1497.75,Asia Pacific
VH04104,BMW,M3,2018,Coupe,Diesel,Automatic,1395.0,15.25,50191.16,4854,1983.93,Middle East
VH03623,Ram,3500,2005,Van,CNG,CVT,2217.0,18.24,23908.04,3175,1217.88,Latin America
VH00421,BMW,X5,2009,Coupe,Diesel,DCT,1758.0,16.6,58892.91,2245,2986.85,Latin America
VH03544,Porsche,Cayenne,2018,Convertible,Petrol,CVT,3063.0,8.26,46905.81,1698,1896.41,Latin America
VH00007,Audi,A4,2014,SUV,Hybrid,,1653.0,18.09,57264.98,4613,2419.83,Asia Pacific
VH00933,Honda,HR-V,2009,Van,Hybrid,AMT,2360.0,24.48,30914.97,2191,1599.08,North America
VH01692,  Volvo  ,S60,2014,Convertible, CNG ,,,15.84,45805.73,1266,2268.87,Middle East
VH00440,Ram,Dakota,2024,Van,CNG,DCT,2195.0,17.5,26588.94,4854,448.63,Africa
VH01314,Volvo,XC90,2018,Coupe,Petrol,DCT,3487.0,18.36,45881.44,4806,1665.22,Middle East
VH00679,Volkswagen,Atlas,2013,Coupe,LPG,CVT,1586.0,12.54,17041.6,2964,671.42,Asia Pacific
VH02719,Mazda,CX-9,2008,Van,LPG,DCT,2530.0,15.61,26449.55,4797,1357.78,Europe
VH04686,Ford,Bronco,2008,Truck,Hybrid,AMT,5471.0,32.3,25168.51,4067,1346.21,Asia Pacific
VH01936,Toyota,Prius,2011,Convertible,N/A,AMT,1638.0,16.78,25870.59,2056,1382.63,Asia Pacific
VH04448,Jeep,Gladiator,2005,SUV,Electric,AMT,0.0,14.55,42664.24,2649,2660.32,Africa
VH02345,Volkswagen,ID.4,2011,SUV,CNG,AMT,3665.0,17.45,24388.21,3484,1526.89,Asia Pacific
VH04710,Honda,Accord,2022,Convertible,CNG,AMT,1653.0,20.85,28667.05,351,584.25,South Asia
VH04247,Nissan,Frontier,2005,Hatchback,N/A,DCT,3228.0,15.92,25836.51,3603,1562.92,Asia Pacific
VH02601,Mercedes-Benz,E-Class,2024,Coupe,Diesel,Automatic,1281.0,13.14,50903.07,1183,1573.4,North America
VH02519,Volvo,XC90,2012,Sedan,Hybrid,DCT,2622.0,16.53,59160.43,727,3202.59,Africa
VH01087,Honda,Ridgeline,2022,Truck,Hybrid,DCT,2772.0,15.22,21205.4,4111,694.44,North America
VH02012,Tesla,Model X,2008,SUV,LPG,Manual,2085.0,13.55,52745.16,3609,2553.4,North America
VH04314,Tesla,Model S,2006,SUV,LPG,AMT,3354.0,15.44,38648.22,2156,2222.38,Latin America
VH02875,Land Rover,Defender,2009,SUV,LPG,Automatic,2274.0,17.54,44893.96,4604,2643.92,Latin America
VH02958,Mazda,CX-30,2007,Convertible,Diesel,AMT,3341.0,13.52,30367.51,1768,1395.0,South Asia
VH00195,Jeep,Grand Cherokee,2006,SUV,CNG,DCT,3008.0,,32097.36,3719,1839.31,Middle East
VH01475,Toyota,Tacoma,2022,Truck,Hybrid,Automatic,4887.0,27.13,29164.48,1141,1092.75,Europe
VH04891,Jeep,Grand Cherokee,2014,SUV,Diesel,Automatic,3275.0,23.09,,1726,1262.61,Latin America
VH03186,Chevrolet,Blazer,2023,Truck,CNG,Manual,4612.0,21.16,26952.24,2694,962.51,Africa
VH01212,Volkswagen,Jetta,2007,SUV,LPG,,3018.0,12.7,28252.7,1500,1422.36,North America
VH04081,Land Rover,Evoque,2007,SUV,Hybrid,AMT,4562.0,28.41,57863.72,2253,4063.66,Middle East
VH01658,  Hyundai  ,Elantra,2014,Hatchback, Diesel ,Manual,1560.0,13.91,22447.08,667,786.0,North America
VH03622,Nissan,Frontier,2021,Van,LPG,AMT,1942.0,17.17,19557.91,4436,713.9,Middle East
VH03131,Kia,Forte,2020,Sedan,Hybrid,AMT,2302.0,34.48,27389.65,4167,735.14,Latin America
VH02884,Mazda,MX-5 Miata,2008,Sedan,LPG,DCT,2274.0,16.17,24727.98,2137,1741.99,Latin America
VH02296,Jeep,Renegade,2021,SUV,CNG,DCT,4083.0,12.74,-24159.05,520,825.59,Latin America
VH01963,HYUNDAI,Palisade,2018,Van,diesel,CVT,1805.0,18.18,32481.31,3894,1120.29,Middle East
VH04115,Ram,3500,2009,Van,Diesel,AMT,,24.85,29495.75,1533,1849.72,South Asia
VH01131,Kia,Sorento,2005,Coupe,Diesel,Automatic,1772.0,12.97,27900.89,3075,1208.87,Asia Pacific
VH01462,  Porsche  ,Macan,2009,SUV, Diesel ,AMT,2023.0,17.04,64888.08,4528,4201.74,South Asia
VH00277,Tesla,Model Y,2018,SUV,Electric,AMT,0.0,5.99,,524,2158.12,North America
VH04604,Hyundai,Kona,2012,Sedan,Hybrid,Manual,2267.0,24.29,27326.27,1481,1510.78,Africa
VH02299,Honda,Pilot,2012,Sedan,LPG,Manual,3491.0,9.03,27343.86,1498,1002.24,North America
VH03351,Subaru,Crosstrek,2020,SUV,Diesel,Automatic,2124.0,21.95,26924.76,1251,1230.23,Middle East
VH02374,Ford,Escape,2016,Truck,Petrol,Manual,4810.0,12.81,31617.39,2117,1435.59,Middle East
VH01303,Subaru,Impreza,2012,Sedan,Diesel,CVT,2999.0,21.4,27250.42,3027,1271.49,Asia Pacific
VH04018,Chevrolet,Blazer,2013,SUV,Diesel,Automatic,1584.0,13.42,25275.89,4834,980.68,North America
VH00223,Subaru,Outback,2023,Convertible,CNG,CVT,1718.0,12.02,22243.74,3196,673.79,North America
VH04717,Honda,Pilot,2020,Wagon,Petrol,AMT,2655.0,14.47,25805.92,2241,790.66,Latin America
VH02405,Chevrolet,Colorado,2022,Truck,CNG,CVT,4109.0,16.98,28328.86,1708,975.58,North America
VH00574,MAZDA,CX-30,2013,Coupe,lpg,Manual,1432.0,,22180.25,2751,,South Asia
VH01237,,XC60,2015,Hatchback,Petrol,Automatic,2166.0,18.5,47246.4,3131,1957.61,Latin America
VH03670,Ford,Escape,2018,SUV,LPG,Automatic,3252.0,12.66,24059.87,1904,895.34,Latin America
VH03494,Volkswagen,Passat,2008,Sedan,Petrol,CVT,1535.0,16.33,23246.38,429,1255.37,Africa
VH03310,  Nissan  ,Rogue,2013,Van, CNG ,DCT,3302.0,17.61,31112.65,2677,1707.27,Asia Pacific
VH01335,Chevrolet,Blazer,2007,Sedan,Hybrid,Automatic,3230.0,20.28,25644.18,187,1207.41,Asia Pacific
VH04571,Volvo,S60,2005,Hatchback,Hybrid,Manual,1705.0,25.79,46833.04,2632,2869.94,South Asia
VH04087,Volvo,V60,2009,Hatchback,Petrol,Automatic,2172.0,13.57,37264.77,4717,1804.97,Asia Pacific
VH00419,Chevrolet,Malibu,2020,SUV,CNG,AMT,4977.0,21.9,27642.28,1705,680.51,North America
VH00268,Land Rover,Evoque,2024,SUV,Petrol,DCT,3090.0,10.65,47342.23,962,1366.03,Africa
VH01105,Jeep,Grand Cherokee,2019,SUV,LPG,CVT,3552.0,12.67,25652.53,4603,1040.28,Middle East
VH00258,Lexus,RX,2016,Convertible,Hybrid,Automatic,,16.92,53036.54,1540,,Asia Pacific
VH00296,Lexus,RX,2018,Convertible,CNG,Manual,1208.0,19.43,35408.51,133,,Middle East
VH02439,Nissan,Sentra,2012,Convertible,CNG,CVT,3086.0,14.08,30876.43,1501,,South Asia
VH00387,Toyota,Tacoma,2023,Wagon,Electric,AMT,0.0,7.2,27952.81,123,809.48,Middle East
VH03427,Audi,e-tron,2008,Wagon,Diesel,CVT,1392.0,21.66,49841.4,779,2161.79,South Asia
VH03205,Mercedes-Benz,C-Class,2009,Coupe,LPG,CVT,1930.0,16.95,42184.89,1947,2264.32,Middle East
VH02308,BMW,5 Series,2017,Coupe,Hybrid,CVT,2678.0,31.88,58543.67,3530,2102.5,North America
VH02324,Ford,Bronco,2021,Sedan,Electric,Automatic,0.0,9.92,27987.99,4307,1084.94,South Asia
VH04407,BMW,X5,2012,Coupe,Diesel,DCT,1282.0,,50175.44,4701,2549.4,North America
VH03640,Lexus,IS,2013,Sedan,Hybrid,Manual,2508.0,31.8,41871.06,486,1110.8,Europe
VH04308,Volkswagen,Passat,2018,Sedan,Petrol,Automatic,1580.0,8.35,28550.14,23,1279.75,North America
VH04456,BMW,3 Series,2017,SUV,Hybrid,CVT,3400.0,17.33,52420.31,3217,2230.42,Latin America
VH01564,Lexus,IS,2012,SUV,LPG,Manual,4455.0,14.05,45354.53,4757,2376.73,South Asia
VH02348,Honda,HR-V,2021,Hatchback,Electric,AMT,0.0,6.74,26500.74,2636,917.05,Europe
VH01401,Tesla,Cybertruck,2017,SUV,Diesel,AMT,2992.0,21.88,54871.77,187,2561.33,Asia Pacific
VH00713,Subaru,Crosstrek,2006,Van,LPG,Automatic,,15.05,30310.31,4933,1880.93,Latin America
VH02427,Subaru,Legacy,2010,Convertible,Electric,,,14.36,35783.5,2174,1668.98,South Asia
VH02289,Nissan,Sentra,2005,Hatchback,Electric,Manual,,5.99,31752.88,4982,1790.47,South Asia
VH00210,Volvo,S60,2009,Coupe,Diesel,CVT,2021.0,,42009.78,604,2228.64,Africa
VH04624,Audi,A4,2018,Hatchback,Hybrid,Automatic,2339.0,15.54,51230.69,4884,2208.86,North America
VH01290,Porsche,Boxster,2022,Coupe,LPG,Manual,2969.0,,46418.41,2534,,Asia Pacific
VH02816,Ram,ProMaster,2015,Van,Petrol,CVT,,18.17,27349.28,3790,1526.58,Latin America
VH01843,Volkswagen,ID.4,2007,SUV,Diesel,AMT,4906.0,20.02,32856.99,1161,1612.16,Latin America
VH00450,Subaru,WRX,2019,Van,CNG,CVT,2684.0,20.43,27654.88,4005,992.51,Latin America
VH04160,Audi,A3,2005,Convertible,Diesel,Manual,3023.0,19.41,53743.97,3005,3490.0,Middle East
VH02656,MERCEDES-BENZ,AMG GT,2009,Coupe,petrol,,1111.0,10.53,54489.2,634,3226.78,Asia Pacific
VH01821,Honda,Accord,2010,Wagon,LPG,DCT,3268.0,15.55,23658.04,4733,1408.43,Asia Pacific
VH00959,Ford,Escape,2019,Sedan,Petrol,Automatic,2279.0,13.07,28184.56,2777,1068.6,Africa
VH01794,Ram,ProMaster,2010,Truck,Petrol,AMT,2847.0,18.37,30689.93,597,1530.88,North America
VH02120,Ram,2500,2012,Truck,Diesel,Manual,3605.0,20.66,28665.49,720,1400.86,Asia Pacific
VH00655,Ford,F-150,2015,Truck,CNG,Manual,2937.0,13.55,32002.34,2282,1677.86,North America
VH04814,Kia,Soul,2017,Hatchback,Diesel,DCT,2442.0,19.01,22822.28,1196,713.3,Africa
VH03987,Mercedes-Benz,C-Class,2005,Hatchback,Petrol,Automatic,2468.0,16.22,39073.04,700,2017.21,Asia Pacific
VH00332,BMW,3 Series,2015,Convertible,LPG,CVT,1692.0,13.38,53176.33,4975,2082.56,Asia Pacific
VH01761,Mercedes-Benz,S-Class,2023,Truck,Electric,DCT,0.0,7.15,71684.98,1432,2047.6,South Asia
VH03138,Kia,Soul,2010,Sedan,Hybrid,AMT,,22.55,24068.51,684,1199.51,Europe
VH02838,Porsche,911,2015,Convertible,Hybrid,AMT,2512.0,23.31,56671.01,1408,2522.56,Latin America
VH04889,Subaru,Legacy,2040,Van,Diesel,DCT,3065.0,11.74,33501.62,4925,1092.42,Africa
VH00412,Volvo,XC40,2016,Wagon,Diesel,AMT,2170.0,24.43,38987.75,2945,1886.92,South Asia
VH01775,Jeep,Cherokee,2021,SUV,CNG,AMT,2056.0,21.85,26659.92,1811,995.56,Latin America
VH02006,Kia,Forte,2005,Van,Petrol,DCT,2312.0,9.66,29259.97,4669,1783.86,Europe
VH02452,Jeep,Renegade,2021,SUV,CNG,Seq,3785.0,19.17,29586.11,3859,948.83,Asia Pacific
VH02457,Ford,Explorer,2015,SUV,LPG,Manual,0.0,17.44,23718.34,3253,,South Asia
VH02716,Lexus,GX,2012,Truck,LPG,Manual,3009.0,14.48,50594.25,4328,,Europe
VH04383,BMW,5 Series,2009,SUV,LPG,DCT,3524.0,10.52,52753.25,2216,,Latin America
VH04853,Chevrolet,Malibu,2006,Truck,CNG,CVT,4855.0,12.52,21328.08,4234,1042.7,North America
VH03833,Chevrolet,Malibu,2022,SUV,Electric,Manual,0.0,8.13,35270.68,2533,1375.25,Latin America
VH02096,Tesla,Model Y,2015,Sedan,Electric,DCT,0.0,8.12,52490.1,4232,2487.16,North America
VH02758,NISSAN,Altima,2016,SUV,petrol,Manual,2466.0,15.54,23405.51,1458,1009.91,Africa
VH03684,Land Rover,Freelander,2007,SUV,CNG,AMT,1841.0,19.56,41928.16,107,,Middle East
VH03758,Volvo,C40,2020,Van,,Manual,2763.0,23.88,63317.81,191,2271.1,North America
VH03489,Toyota,Corolla,2009,Truck,Hybrid,Automatic,4997.0,16.21,33298.1,4813,,Europe
VH02178,Toyota,Highlander,2011,Wagon,Petrol,Automatic,1162.0,9.38,27880.48,30,1253.46,North America
VH04833,Ford,Escape,2008,SUV,Diesel,Automatic,4863.0,19.28,32926.99,3353,1914.41,North America
VH00431,Honda,Pilot,2022,Truck,CNG,DCT,3250.0,18.6,25292.93,983,701.39,South Asia
VH03028,Mercedes-Benz,AMG GT,2015,Van,CNG,DCT,,16.01,55519.43,3176,2456.34,North America
VH03683,Lexus,LS,2021,Coupe,CNG,DCT,2778.0,13.27,46859.05,1796,1614.27,Africa
VH01367,Land Rover,Range Rover,2006,SUV,Diesel,AMT,3322.0,13.62,40602.97,2459,2607.14,South Asia
VH00174,Nissan,Frontier,2017,Truck,Electric,AMT,0.0,12.73,32085.87,1456,1241.14,North America
VH02953,Subaru,Outback,2018,Coupe,LPG,DCT,,12.73,27442.86,4075,1090.01,Africa
VH01177,Ford,Mustang,2007,Sedan,,DCT,2593.0,17.77,25164.27,2825,1533.62,Africa
VH03732,Ram,1500,2014,Van,LPG,CVT,1971.0,12.21,20949.39,3205,1080.46,Asia Pacific
VH01477,BMW,X5,2023,Convertible,,Automatic,2504.0,19.49,47061.35,1719,1461.23,Africa
VH03270,Kia,Sorento,2020,Van,LPG,Automatic,2339.0,14.91,22013.29,2355,856.35,Middle East
VH03930,Tesla,Model X,2018,Sedan,Diesel,Automatic,1480.0,13.62,48025.0,930,1836.4,South Asia
VH00103,Mercedes-Benz,E-Class,2020,Van,LPG,Manual,3283.0,10.31,50906.48,2863,1738.4,Latin America
VH03448,Porsche,Taycan,2024,SUV,,AMT,2303.0,32.35,57147.41,1767,1785.8,South Asia
VH03317,Mazda,CX-9,2020,Van,LPG,Automatic,3463.0,12.73,24803.79,4220,671.29,Middle East
VH01953,Mercedes-Benz,GLC,2009,Wagon,Diesel,CVT,,16.3,48398.29,2390,2620.84,Asia Pacific
VH01264,Jeep,Grand Cherokee,2022,SUV,Diesel,Automatic,3626.0,21.02,30096.13,407,1081.06,South Asia
VH02985,Volvo,XC90,2014,Truck,LPG,Manual,5806.0,17.7,48964.74,966,2408.86,Africa
VH03255,  Chevrolet  ,Malibu,2024,Truck, Petrol ,Automatic,4544.0,15.29,27589.2,3188,697.67,Africa
VH03394,Honda,Pilot,2016,Wagon,Diesel,DCT,2738.0,21.33,25503.46,1249,1247.89,Middle East
VH03371,Volvo,S60,2022,SUV,Diesel,Manual,4461.0,10.13,41504.8,3582,1398.63,Europe
VH02836,Volkswagen,ID.4,2024,SUV,LPG,Automatic,2305.0,15.0,26062.12,487,837.3,Europe
VH04321,Ford,F-150,2009,Sedan,Petrol,CVT,2354.0,14.95,23281.16,1809,1227.65,North America
VH03289,Lexus,IS,2005,Sedan,Diesel,Automatic,1648.0,22.4,38245.62,276,3139.51,Asia Pacific
VH03210,Toyota,Corolla,2008,Sedan,Electric,AMT,0.0,9.83,29112.9,2220,968.2,South Asia
VH01644,Mercedes-Benz,E-Class,2024,Wagon,Electric,AMT,0.0,7.77,61584.18,2930,1884.87,Asia Pacific
VH04580,Nissan,Pathfinder,2022,Coupe,Electric,Manual,0.0,5.37,34859.44,4262,1157.05,South Asia
VH00001,  BMW  ,3 Series,2006,Coupe,,Manual,2934.0,16.58,54080.31,430,2180.45,Europe
VH01581,Toyota,RAV4,2010,Hatchback,Diesel,AMT,1828.0,15.54,22245.99,1107,1134.72,South Asia
VH04752,Volvo,XC90,2023,Van,Electric,CVT,0.0,5.01,58229.02,552,1946.34,Middle East
VH04184,Mazda,Mazda6,2016,Coupe,Hybrid,DCT,3198.0,,29717.63,4722,1208.24,Asia Pacific
VH01357,Ford,Mustang,2013,Sedan,Electric,AMT,0.0,5.06,30020.41,2267,1362.0,Asia Pacific
VH04525,Hyundai,Kona,2007,Van,Electric,Automatic,0.0,6.1,38264.54,4090,2665.23,Asia Pacific
VH04477,Mazda,Mazda6,2013,Convertible,LPG,Automatic,3263.0,15.82,24000.42,3588,941.15,Asia Pacific
VH02727,Land Rover,Evoque,2012,SUV,CNG,Manual,1866.0,19.72,52850.79,2045,2425.48,Asia Pacific
VH02108,Honda,CR-V,2012,Sedan,Petrol,Automatic,2573.0,18.14,23904.36,626,,Asia Pacific
VH04703,Ram,3500,2024,Van,LPG,AMT,3032.0,13.52,28451.61,4325,904.21,South Asia
VH00397,Nissan,Sentra,2006,Coupe,LPG,Manual,1951.0,17.91,27715.09,357,1602.89,Latin America
VH01405,Porsche,Cayenne,2019,Convertible,Electric,CVT,0.0,13.85,61380.31,1227,2352.13,North America
VH01065,Jeep,Cherokee,2011,SUV,Hybrid,AMT,1959.0,27.77,33321.43,89,1745.54,Europe
VH02438,Land Rover,Evoque,2007,SUV,LPG,DCT,3902.0,15.07,53760.28,2668,2934.46,South Asia
VH03200,Toyota,Highlander,2024,SUV,,DCT,4413.0,20.45,25936.43,1005,813.13,Asia Pacific
VH02226,Toyota,Camry,2011,Convertible,,CVT,1731.0,17.16,29687.12,2065,1731.13,Europe
VH00819,Hyundai,Palisade,2021,SUV,Hybrid,Automatic,3035.0,30.12,25690.52,260,863.74,South Asia
VH01813,Honda,HR-V,2014,Hatchback,Hybrid,DCT,3015.0,34.57,20365.75,1213,831.75,Asia Pacific
VH02639,Nissan,Rogue,2018,Van,Electric,Automatic,0.0,14.59,28450.62,1389,1275.62,Middle East
VH01553,BMW,3 Series,2014,SUV,Hybrid,CVT,3280.0,21.68,58369.27,1704,,Middle East
VH04575,Audi,e-tron,2009,Convertible,Hybrid,CVT,2770.0,28.52,53161.63,4646,3458.39,Europe
VH00817,Porsche,Taycan,2013,Convertible,CNG,Manual,1761.0,20.22,38088.93,310,2017.37,Africa
VH01573,Land Rover,Discovery,2024,SUV,CNG,DCT,2885.0,14.43,51216.77,3591,1522.75,Africa
VH03076,Lexus,RX,2017,SUV,Diesel,DCT,3325.0,11.85,54352.99,1851,2585.97,Asia Pacific
VH01801,Lexus,IS,2007,Sedan,Petrol/Gas,DCT,2032.0,13.67,59282.86,3598,3562.92,Africa
VH04359,Hyundai,Kona,2007,Sedan,LPG,Manual,3458.0,11.29,25838.67,1317,1145.72,Asia Pacific
VH00382,Audi,Q7,2008,Wagon,Diesel,AMT,2134.0,20.83,48938.87,4804,,Middle East
VH02978,Ford,Bronco,2017,Truck,CNG,DCT,3018.0,19.82,28314.48,2136,881.6,North America
VH03956,Mercedes-Benz,C-Class,2016,Truck,Petrol,AMT,2826.0,18.17,58199.73,2261,2935.56,North America
VH03752,Mercedes-Benz,S-Class,2017,Wagon,Hybrid,AMT,3359.0,29.02,59891.35,4992,2151.82,Middle East
VH04533,Audi,e-tron,2021,Convertible,Petrol,AMT,2507.0,17.29,49445.23,198,2071.87,South Asia
VH02389,Volkswagen,Golf,2011,Truck,Petrol,Manual,4647.0,17.43,30055.83,4167,1503.12,Asia Pacific
VH04396,BMW,7 Series,2022,Hatchback,Hybrid,CVT,1380.0,31.4,52071.58,2533,2090.27,Africa
VH01781,Kia,Carnival,2017,Van,Diesel,Manual,2036.0,13.43,23268.01,1074,777.02,Asia Pacific
VH02821,Audi,A6,2008,Convertible,LPG,CVT,2955.0,17.91,57312.55,1760,2992.18,Middle East
VH02516,BMW,7 Series,2015,Convertible,Diesel,Manual,2892.0,11.93,58291.35,4060,2445.8,South Asia
VH03586,Tesla,Model 3,2016,Sedan,Diesel,DCT,3331.0,24.35,54763.86,2891,2150.54,Middle East
VH00865,Lexus,RX,2015,Van,Electric,AMT,0.0,7.78,63246.4,2121,,North America
VH03132,Ford,Escape,2009,SUV,Hybrid,AMT,2863.0,30.04,31288.21,1626,1923.74,Middle East
VH04153,Nissan,Murano,2006,Hatchback,Electric,,0.0,5.68,29852.4,1643,1821.25,South Asia
VH00555,Subaru,WRX,2018,Van,Diesel,AMT,2477.0,13.33,22795.23,2962,1037.03,Europe
VH01160,Audi,A3,2007,Hatchback,Diesel,Automatic,2531.0,21.0,31670.42,3245,2119.55,Latin America
VH01214,Hyundai,Tucson,2019,Truck,Electric,CVT,0.0,10.53,44456.17,733,1285.54,South Asia
VH02278,Jeep,Wrangler,2005,SUV,Electric,Manual,0.0,9.17,30345.66,76,1845.09,North America
VH03860,BMW,3 Series,2005,Coupe,diesel,CVT,3056.0,11.24,59252.33,3803,3287.92,Europe
VH00049,Jeep,Gladiator,2021,SUV,Diesel,Manual,1958.0,11.86,30567.7,405,1002.75,Asia Pacific
VH02657,Volvo,C40,2014,Coupe,Diesel,AMT,-500.0,22.92,47547.05,4468,2200.16,Middle East
VH00701,BMW,X3,2008,Convertible,Hybrid,CVT,3027.0,20.46,58668.63,1354,3416.57,South Asia
VH00653,Subaru,Legacy,2024,Truck,CNG,Manual,4967.0,21.68,29214.75,3244,972.65,Africa
VH03274,Chevrolet,Silverado,2015,Truck,Hybrid,CVT,5931.0,32.39,28586.86,3608,1034.16,Africa
VH03182,Mazda,Mazda6,2021,Coupe,Electric,Manual,0.0,14.21,31629.68,1595,1001.44,South Asia
VH03430,Lexus,RX,2012,Van,Electric,CVT,0.0,7.01,55559.73,615,3380.03,North America
VH01456,Audi,e-tron,2005,Van,LPG,Manual,,9.18,57465.44,1817,3142.17,Latin America
VH04264,BMW,7 Series,2022,Sedan,Petrol,Manual,1233.0,10.38,46582.2,2857,1629.5,Asia Pacific
VH04906,BMW,5 Series,2019,Hatchback,,CVT,1020.0,17.92,34364.83,3700,985.12,Asia Pacific
VH02089,  Hyundai  ,Elantra,2021,Hatchback, Petrol ,Manual,2398.0,15.71,25404.58,1713,817.71,Latin America
VH00867,Hyundai,Santa Fe,2013,Truck,LPG,DCT,4107.0,,28086.23,408,1412.99,Asia Pacific
VH01645,Kia,Forte,2009,Sedan,CNG,AMT,2080.0,18.58,24354.15,1806,1326.83,Latin America
VH04559,Kia,Sportage,2024,Hatchback,Hybrid,Manual,2465.0,16.24,24459.25,4493,708.56,South Asia
VH04202,Ford,Edge,2021,Truck,CNG,DCT,3746.0,20.47,25298.8,546,661.42,Africa
VH01491,Mercedes-Benz,GLC,2011,SUV,Electric,DCT,0.0,6.0,57833.41,1499,2770.25,South Asia
VH03271,Honda,Ridgeline,2011,Wagon,Petrol,DCT,2827.0,11.43,25827.74,646,1184.21,Europe
VH00730,Mazda,CX-9,2007,Sedan,CNG,AMT,1287.0,17.56,25712.54,1409,1435.46,Africa
VH02810,Hyundai,Santa Fe,2014,Coupe,LPG,DCT,1259.0,10.82,23210.72,4396,1215.58,Europe
VH02553,Volkswagen,Jetta,2010,Wagon,Petrol,CVT,3400.0,8.75,23415.47,602,1287.3,Africa
VH01937,Audi,A4,2012,Coupe,LPG,Manual,1013.0,14.73,53030.22,357,2575.77,South Asia
VH01111,Porsche,Boxster,2024,Convertible,CNG,Automatic,2386.0,17.95,45279.43,4004,1308.35,South Asia
VH04554,Jeep,Wrangler,2023,SUV,Hybrid,Manual,4794.0,26.89,29320.07,4446,983.21,Africa
VH04546,Volkswagen,Jetta,2011,Truck,Diesel,Manual,4644.0,22.55,26535.95,558,1218.41,Asia Pacific
VH01186,Volvo,XC40,2019,Coupe,CNG,Automatic,2417.0,21.58,41525.67,3657,1062.66,Asia Pacific
VH02008,Tesla,Model 3,2006,Sedan,Petrol/Gas,CVT,1965.0,12.37,49700.48,2244,2836.37,Middle East
VH00194,  Honda  ,CR-V,2007,Sedan, Electric ,CVT,0.0,13.66,,2515,1879.75,Asia Pacific
VH01516,Toyota,Highlander,2012,Convertible,CNG,Automatic,2996.0,20.85,27823.08,4487,1493.03,Asia Pacific
VH00579,Mazda,Mazda3,2018,SUV,Petrol,CVT,2820.0,14.69,27536.24,80,1305.23,Asia Pacific
VH01430,Kia,Sportage,2011,Sedan,LPG,,3433.0,15.33,23832.18,3213,1128.63,Latin America
VH03719,Porsche,Panamera,2011,Coupe,Electric,DCT,,14.99,54336.58,3625,2719.23,Africa
VH04921,Mercedes-Benz,S-Class,2024,Convertible,Hybrid,Manual,1384.0,30.84,50436.58,1872,1736.59,Africa
VH01847,Kia,Forte,2008,Truck,Hybrid,Automatic,4112.0,19.62,25449.75,3278,1347.23,Europe
VH00132,Chevrolet,Malibu,2018,SUV,CNG,CVT,3068.0,15.08,21585.12,2833,874.91,Middle East
VH00179,  Mercedes-Benz  ,C-Class,2019,Coupe, Hybrid ,CVT,1753.0,21.34,53566.77,3693,2415.71,Africa
VH04541,Ram,1500,2012,Truck,Hybrid,DCT,2949.0,30.02,35193.65,2249,1900.95,North America
VH04626,Ram,1500,2007,Truck,Petrol,Man,5863.0,11.45,25151.87,700,1345.47,Latin America
VH03604,Land Rover,Defender,2010,SUV,Diesel,CVT,1856.0,10.94,,346,2121.41,South Asia
VH02451,Audi,A6,2017,Van,Electric,CVT,0.0,13.03,59225.02,3086,2114.46,Africa
VH03124,Mercedes-Benz,E-Class,2013,Wagon,Electric,Manual,0.0,14.96,55547.97,2149,2626.99,Latin America
VH02074,Porsche,Boxster,2020,Convertible,Petrol,Automatic,1016.0,13.92,50701.61,1478,2484.36,Asia Pacific
VH00659,Subaru,Outback,2018,Convertible,LPG,,2443.0,14.07,26241.83,1039,1111.28,Middle East
VH01897,Chevrolet,Silverado,2015,SUV,Hybrid,AMT,2192.0,16.58,35011.36,1493,1558.49,South Asia
VH04816,Nissan,Murano,2018,Coupe,Hybrid,Automatic,2621.0,20.1,26425.96,1290,1039.0,Europe
VH03215,Land Rover,Discovery,2005,SUV,Electric,Automatic,0.0,6.23,58517.78,2700,4085.97,Africa
VH00343,Ram,2500,2021,Van,LPG,DCT,2097.0,12.22,20390.29,4012,722.33,Europe
VH04039,BMW,X5,2016,SUV,Diesel,Manual,3564.0,12.64,60177.01,639,2616.59,Europe
VH00728,Land Rover,Evoque,2008,SUV,LPG,Manual,3069.0,11.56,49772.75,4771,2427.75,Latin America
VH03915,Tesla,Model Y,2024,Sedan,Petrol,AMT,3390.0,10.78,45013.29,4501,1322.67,South Asia
VH00977,Land Rover,Evoque,2011,SUV,Electric,,0.0,12.66,61674.85,4749,3151.52,Europe
VH03734,Tesla,Model 3,2020,SUV,,AMT,3956.0,16.75,52890.6,2454,2055.08,Europe
VH03086,Mercedes-Benz,AMG GT,2022,Coupe,CNG,Manual,2551.0,17.23,43258.53,3926,1563.02,Europe
VH01929,Volvo,V60,2020,Van,CNG,CVT,3212.0,16.27,47491.94,3248,1610.75,Europe
VH04751,Nissan,Murano,2009,SUV,Petrol,AMT,4824.0,17.69,24807.95,1230,1316.06,North America
VH04813,Honda,HR-V,2021,Convertible,Electric,Automatic,0.0,5.99,35151.04,795,1064.57,Africa
VH01300,Nissan,Murano,2022,Convertible,Hybrid,AMT,2965.0,24.26,33021.68,4059,1000.11,Asia Pacific
VH04986,Jeep,Compass,2010,SUV,Petrol,CVT,3495.0,11.76,27877.36,2661,1482.68,North America
VH04675,Hyundai,Palisade,2007,Truck,Electric,Automatic,0.0,5.4,31597.31,2517,1837.04,Asia Pacific
VH00661,Jeep,Gladiator,2018,SUV,LPG,CVT,1539.0,17.88,21517.18,655,734.53,Europe
VH01791,  Audi  ,A3,2018,Van, Electric ,CVT,0.0,13.96,55834.54,1992,1671.32,Latin America
VH02894,Nissan,Altima,2014,Sedan,Petrol,Manual,3067.0,11.33,18576.24,994,959.67,South Asia
VH02882,Mercedes-Benz,GLE,2017,Sedan,Petrol,Automatic,1720.0,14.01,29103.01,4688,1126.06,Africa
VH03085,Volvo,XC40,2016,Convertible,LPG,CVT,1529.0,12.98,51792.11,4299,2438.17,Middle East
VH03681,Volvo,XC90,2017,Sedan,LPG,CVT,2636.0,13.31,47399.12,3362,1940.42,Europe
VH03164,Mercedes-Benz,AMG GT,2009,Coupe,Hybrid,Manual,2490.0,32.26,58347.27,4958,3011.41,Asia Pacific
VH02795,Volkswagen,Atlas,2013,Truck,,AMT,0.0,13.36,33671.63,1394,1306.55,Africa
VH04864,Porsche,Boxster,2010,SUV,LPG,DCT,4508.0,13.4,53872.1,932,3173.78,South Asia
VH03309,BMW,7 Series,2006,Coupe,Petrol,AMT,1689.0,18.64,49945.08,299,2862.03,Asia Pacific
VH01279,Kia,Sorento,2015,SUV,Petrol,DCT,2077.0,11.49,35714.54,3748,1657.85,Latin America
VH01411,Ram,3500,2021,Van,CNG,Automatic,3126.0,21.69,18699.32,2524,631.92,Middle East
VH01622,Jeep,Cherokee,2024,SUV,LPG,AMT,1834.0,10.77,20033.15,1111,836.38,South Asia
VH04735,Tesla,Cybertruck,2023,SUV,Petrol,Manual,2764.0,14.17,45670.76,3759,1350.6,South Asia
VH04974,Porsche,Cayenne,2008,SUV,Petrol,Automatic,3484.0,16.79,51865.14,626,3360.08,Asia Pacific
VH00068,Mercedes-Benz,S-Class,2015,Sedan,Electric,AMT,0.0,9.63,54651.26,3431,2482.88,Middle East
VH02906,Lexus,GX,2021,Hatchback,Diesel,Automatic,2430.0,14.0,44337.11,2376,1546.43,North America
VH02551,Porsche,Macan,2014,Convertible,Hybrid,CVT,2568.0,33.47,60908.19,950,2691.05,Middle East
VH03922,Audi,Q7,2020,Coupe,Diesel,Manual,2110.0,,44365.7,2548,1494.79,Europe
VH00821,Chevrolet,Silverado,2009,SUV,Hybrid,Manual,3390.0,21.35,33099.38,1016,1832.4,North America
VH01227,Tesla,Model 3,2008,SUV,Electric,CVT,0.0,11.85,54003.36,207,3306.53,South Asia
VH03101,  Toyota  ,Highlander,2020,Truck, Petrol ,Manual,4356.0,,-29396.24,49,736.69,Asia Pacific
VH02219,Ford,Edge,2009,Truck,Diesel,AMT,3392.0,21.61,33261.16,3742,1657.86,Asia Pacific
VH04672,Toyota,Corolla,2018,Wagon,Electric,Manual,0.0,11.58,30555.17,1157,1344.09,Latin America
VH04532,Porsche,Macan,2020,SUV,Electric,,0.0,14.87,52940.8,1296,1695.79,Africa
VH04341,Honda,CR-V,2022,Van,Hybrid,Automatic,2578.0,32.57,28677.98,4468,671.87,North America
VH03470,Volvo,V60,2022,Convertible,,AMT,1985.0,11.83,53753.64,2663,2296.79,Europe
VH01144,Nissan,Rogue,2013,SUV,Electric,AMT,0.0,8.44,38454.89,586,1668.43,Asia Pacific
VH00398,Tesla,Model X,2015,SUV,Electric,AMT,0.0,,62419.07,4137,2730.51,Africa
VH03011,  Volvo  ,XC40,2006,Coupe, CNG ,AMT,3202.0,,33386.27,1355,1911.18,South Asia
VH04373,Jeep,Renegade,2018,SUV,Hybrid,DCT,4657.0,28.06,25792.84,1017,857.14,Asia Pacific
VH02856,Jeep,Grand Cherokee,2009,SUV,LPG,Automatic,1832.0,9.23,28197.81,556,1608.86,Asia Pacific
VH01399,Toyota,RAV4,2014,Van,CNG,DCT,3193.0,,20830.25,1129,1046.66,Asia Pacific
VH01660,BMW,X3,2017,Hatchback,Electric,DCT,0.0,,54578.24,5000,2188.69,Europe
VH00980,Ford,Mustang,2018,Truck,Hybrid,Manual,4298.0,29.83,37359.76,3779,1520.81,Asia Pacific
VH01299,Toyota,RAV4,2007,Hatchback,,Automatic,3165.0,10.92,18198.97,4060,1069.65,Africa
VH02340,Kia,Forte,2024,Hatchback,Hybrid,Automatic,,18.76,23265.64,2884,,Middle East
VH00083,Audi,A3,2022,Convertible,LPG,Automatic,2586.0,12.28,46042.2,1353,1484.63,Latin America
VH03459,BMW,X3,2015,Coupe,Electric,AMT,0.0,13.8,53004.78,216,2373.17,Middle East
VH03460,Land Rover,Evoque,2005,SUV,CNG,AMT,2342.0,18.63,52825.05,3957,3404.26,Latin America
VH03870,Subaru,WRX,2017,Wagon,Hybrid,Automatic,1644.0,26.56,33384.73,593,1487.89,Asia Pacific
VH03913,Tesla,Model S,2018,SUV,Diesel,Manual,1712.0,14.06,45876.3,4122,1439.65,Europe
VH03236,Hyundai,Sonata,2007,Van,Petrol,Manual,3422.0,16.28,29263.44,1695,1628.16,Asia Pacific
VH00424,Mercedes-Benz,GLC,2013,Convertible,Hybrid,AMT,3019.0,21.61,55513.08,1668,2921.69,South Asia
VH04411,Nissan,Murano,2013,Truck,Electric,AMT,0.0,11.22,37098.57,2935,,Africa
VH01905,Tesla,Model 3,2020,Sedan,Diesel,AMT,1851.0,23.98,49908.79,1036,1744.98,Latin America
VH04613,Porsche,Taycan,2012,SUV,Hybrid,Automatic,4379.0,28.64,59068.09,1517,2838.37,South Asia
VH03967,Porsche,Boxster,2024,SUV,Diesel,AMT,3788.0,22.32,50702.88,88,1364.82,Latin America
VH03822,BMW,7 Series,2023,Van,Diesel,AMT,1961.0,,,4744,1548.35,Asia Pacific
VH01566,Land Rover,Evoque,2024,SUV,Petrol,CVT,3499.0,17.2,46755.76,1373,1413.19,Middle East
VH03476,Volvo,XC60,2011,SUV,Hybrid,Automatic,4849.0,23.33,48684.6,4233,2558.97,Middle East
VH00840,Toyota,Prius,2020,SUV,LPG,AMT,,10.9,,136,955.0,North America
VH00501,Volvo,XC90,2014,Convertible,Hybrid,Automatic,2763.0,16.34,59451.68,583,3526.54,Asia Pacific
VH00142,Nissan,Sentra,2012,Truck,Electric,Automatic,0.0,6.09,36952.13,3814,1892.45,Latin America
VH01378,HONDA,Civic,2021,Wagon,lpg,Automatic,1617.0,17.61,24406.58,4341,719.99,Europe
VH03828,Porsche,Panamera,2013,Coupe,CNG,CVT,1696.0,16.08,46330.34,4695,2279.49,Asia Pacific
VH02216,Lexus,GX,2008,Hatchback,Diesel,AMT,3032.0,22.31,46507.63,220,2085.53,Africa
VH01139,Kia,Carnival,2010,Hatchback,Electric,Manual,0.0,7.94,31938.65,1144,1609.95,Europe
VH02631,Porsche,Macan,2024,Coupe,Diesel,AMT,1075.0,18.89,56844.72,2740,1643.2,Europe
VH01788,BMW,3 Series,2016,Sedan,Electric,Automatic,0.0,5.87,48969.5,4243,2036.76,Latin America
VH03067,Mercedes-Benz,AMG GT,2023,SUV,Electric,CVT,0.0,12.82,64715.59,3815,1653.6,North America
VH00551,Subaru,Legacy,2021,Sedan,LPG,DCT,2428.0,9.44,22738.6,4253,853.76,Middle East
VH03214,Land Rover,Freelander,2013,SUV,Petrol,DCT,2314.0,15.42,42052.38,3210,1651.15,South Asia
VH02020,Volvo,V60,2017,SUV,Petrol,Manual,2001.0,13.87,51582.49,1231,2141.14,Latin America
VH00949,BMW,X3,2014,Hatchback,CNG,AMT,1454.0,12.14,43138.46,2497,1878.96,Latin America
VH04224,Land Rover,Defender,2005,SUV,CNG,Manual,4642.0,21.54,56782.89,608,4062.51,South Asia
VH00533,Mazda,Mazda3,2020,Hatchback,Diesel,CVT,1658.0,16.28,29959.49,1750,1146.4,Africa
VH01830,BMW,X3,2009,Wagon,Diesel,Automatic,2301.0,18.61,47049.69,1128,1898.9,North America
VH03056,Toyota,RAV4,2018,Wagon,CNG,DCT,3036.0,21.94,23747.57,409,841.19,Latin America
VH04491,Subaru,WRX,2017,Convertible,Electric,Automatic,0.0,9.04,31459.7,2310,1229.82,North America
VH04007,Volkswagen,Tiguan,2015,Sedan,Diesel,Manual,2696.0,17.19,24913.23,1901,1182.84,Middle East
VH01603,Lexus,ES,2007,Convertible,LPG,CVT,1848.0,15.87,54887.56,1535,2914.38,Africa
VH00640,Mazda,CX-9,2009,Sedan,Hybrid,DCT,3214.0,16.28,27811.75,1163,1462.48,Europe
VH04911,Volvo,XC60,2020,SUV,Petrol,CVT,2561.0,13.53,47189.96,1076,1189.26,North America
VH00968,Subaru,Crosstrek,2009,Coupe,Diesel,CVT,1314.0,18.3,31273.94,3861,1650.3,North America
VH04307,Tesla,Model S,2012,Sedan,Electric,CVT,0.0,11.97,46493.29,4593,1981.8,North America
VH02715,Subaru,Legacy,2010,SUV,Petrol,AMT,2872.0,13.95,28140.5,3112,1222.71,North America
VH01684,Subaru,Crosstrek,2013,Van,CNG,Automatic,2879.0,21.64,29318.3,3678,1533.11,South Asia
VH04545,Ford,Edge,2010,Truck,Diesel,CVT,3247.0,21.68,30209.93,1004,1428.01,Africa
VH03832,Nissan,Rogue,2013,Truck,Petrol,CVT,5903.0,16.63,31203.8,666,1905.65,North America
VH00156,Ram,1500,2017,Truck,Electric,AMT,0.0,7.99,30258.67,3268,1379.12,Latin America
VH02570,Chevrolet,Silverado,2013,Sedan,Diesel,,2725.0,18.15,23817.7,3158,604.86,Latin America
VH02971,Toyota,Highlander,2012,Wagon,Electric,DCT,0.0,7.36,29463.06,3346,1408.04,North America
VH01090,Ram,Dakota,2007,Truck,Hybrid,Automatic,2628.0,29.63,30151.27,1009,1672.47,Asia Pacific
VH04698,Volvo,S60,2015,SUV,Hybrid,Manual,,25.36,51493.07,1320,1838.75,Latin America
VH04310,Mazda,CX-9,2017,Hatchback,CNG,Automatic,1260.0,19.15,21071.55,4403,872.32,Middle East
VH00289,Land Rover,Discovery,2023,SUV,Petrol,,4056.0,11.95,55245.76,1958,2136.18,Latin America
VH00931,Tesla,Cybertruck,2015,SUV,Hybrid,Manual,,24.49,53801.75,1915,2480.48,Africa
VH02621,Hyundai,Elantra,2012,SUV,Diesel,Automatic,2537.0,24.18,29165.66,4141,1473.89,South Asia
VH03001,Audi,A3,2018,Van,Electric,CVT,0.0,11.77,63893.24,181,2414.76,Middle East
VH03493,BMW,5 Series,2011,Convertible,Hybrid,Automatic,1547.0,26.64,64558.05,235,2409.0,Middle East
VH02446,Hyundai,Elantra,2014,Coupe,Petrol,Manual,2951.0,11.59,26762.16,4811,1256.15,Europe
VH03410,Land Rover,Evoque,2012,SUV,Hybrid,Automatic,4131.0,19.78,69435.76,176,3365.72,Middle East
VH00943,Mercedes-Benz,GLC,2021,Sedan,Diesel,DCT,3479.0,11.76,48219.22,2596,1469.39,South Asia
VH03070,Honda,Pilot,2024,SUV,Electric,CVT,0.0,8.31,30409.99,4138,746.89,Europe
VH04739,Ford,Bronco,2019,Sedan,Hybrid,CVT,2015.0,31.0,25408.19,3905,1254.9,Africa
VH01699,Volkswagen,Passat,2007,Coupe,LPG,AMT,3374.0,9.68,20305.13,65,918.06,North America
VH04786,  Jeep  ,Renegade,2012,SUV, Diesel ,Manual,2271.0,11.36,36726.53,4663,1975.97,Middle East
VH03065,Tesla,Model Y,2012,SUV,LPG,DCT,3590.0,17.59,55580.59,928,1849.15,Asia Pacific
VH02589,Porsche,Panamera,2006,Coupe,CNG,CVT,1132.0,14.42,49121.21,528,3082.84,Africa
VH02911,Hyundai,Elantra,2012,Hatchback,Hybrid,DCT,1140.0,22.39,24255.9,1610,1023.22,Latin America
VH04005,Ford,Bronco,2017,Sedan,Hybrid,DCT,2625.0,16.43,26744.03,473,1009.89,Asia Pacific
VH00986,BMW,7 Series,2021,Hatchback,Hybrid,DCT,,18.08,53597.12,1517,1651.03,Latin America
VH03971,Ram,ProMaster,2012,Truck,Hybrid,,3173.0,29.01,33167.93,195,1624.71,Europe
VH02285,  Ford  ,F-150,2006,Truck, CNG ,AMT,4254.0,18.61,20322.63,1341,1091.73,Middle East
VH02781,Tesla,Cybertruck,2016,SUV,Electric,,0.0,12.53,52138.63,1767,2200.18,South Asia
VH04856,Subaru,Crosstrek,2017,Wagon,Electric,AMT,0.0,9.61,36778.05,4136,1351.77,North America
VH00982,Honda,CR-V,2014,SUV,Diesel,Automatic,3036.0,16.48,30062.27,734,1587.78,Asia Pacific
VH02575,Honda,Ridgeline,2011,Van,LPG,DCT,1819.0,9.49,25291.03,409,1371.54,Europe
VH04855,Toyota,RAV4,2021,Convertible,Petrol,DCT,1092.0,9.49,29427.32,1385,1011.66,Europe
VH03278,Chevrolet,Equinox,2017,Truck,LPG,Automatic,5133.0,,27984.9,906,1086.8,Europe
VH03048,Ford,F-150,2014,Truck,Electric,Manual,0.0,8.71,33655.86,1403,1390.37,Middle East
VH03652,Mazda,CX-9,2015,Wagon,CNG,Manual,1904.0,15.4,25839.13,2504,1163.57,Europe
VH03978,Chevrolet,Malibu,2011,Sedan,Hybrid,Man,1378.0,23.19,26193.09,1265,1547.0,Europe
VH01458,Ford,F-150,2018,Sedan,Petrol,Automatic,2104.0,13.66,20140.8,1170,830.19,Asia Pacific
VH01396,Ford,Explorer,2008,Truck,Electric,Manual,,9.45,30192.62,1380,1701.34,North America
VH00265,Toyota,Highlander,2020,SUV,Electric,AMT,0.0,6.76,-38578.56,430,1603.44,South Asia
VH03849,Mazda,Mazda6,2019,Truck,CNG,Automatic,4704.0,14.3,29628.47,584,1034.49,Africa
VH00930,Volvo,XC90,2022,Wagon,Electric,AMT,0.0,12.96,56237.13,3,1806.55,Asia Pacific
VH03174,Honda,Accord,2010,SUV,Petrol,AMT,4698.0,15.78,29381.72,2805,1749.47,North America
VH02179,Chevrolet,Blazer,2010,Truck,Electric,AMT,0.0,6.27,36498.34,2940,2009.41,North America
VH04514,Volkswagen,Passat,2018,SUV,Petrol,CVT,1690.0,15.03,34218.33,4852,1314.65,Latin America
VH00247,Land Rover,Range Rover,2020,SUV,Petrol,AMT,2320.0,17.29,42879.18,692,1490.56,Middle East
VH03718,Tesla,Cybertruck,2012,Sedan,,Automatic,0.0,13.1,44357.99,67,2016.84,Asia Pacific
VH01759,Land Rover,Evoque,2019,SUV,Hybrid,Automatic,2588.0,32.52,54019.42,1637,,Africa
VH04944,BMW,7 Series,2010,Van,Hybrid,DCT,3188.0,21.4,61030.73,460,,South Asia
VH04378,Lexus,GX,2017,Sedan,Diesel,DCT,2073.0,,42310.86,1331,2105.18,Europe
VH00924,Chevrolet,Equinox,2022,SUV,Petrol,DCT,4197.0,14.0,28144.76,1591,739.78,Latin America
VH02423,Volkswagen,ID.4,2024,Truck,Electric,Automatic,0.0,14.69,35009.91,2616,892.72,South Asia
VH00269,BMW,5 Series,2010,Van,CNG,DCT,3049.0,17.66,40250.58,1920,2607.57,Middle East
VH00670,Chevrolet,Silverado,2017,Sedan,Petrol,Automatic,3187.0,15.36,26072.09,3719,1305.53,South Asia
VH04513,VOLVO,S60,2018,Convertible,diesel,CVT,1451.0,21.24,69668.34,1283,2770.49,North America
VH01911,BMW,X3,2016,Convertible,Electric,CVT,0.0,6.63,66436.93,135,1771.52,Latin America
VH03095,Audi,Q5,2007,SUV,Electric,Manual,0.0,9.4,57587.25,3387,3111.87,South Asia
VH01153,Tesla,Model 3,2010,SUV,Hybrid,DCT,3807.0,24.56,65390.74,1098,3510.8,Africa
VH04896,Mazda,CX-30,2014,SUV,CNG,Manual,3379.0,17.9,32611.94,4288,1848.35,Africa
VH04036,Tesla,Model X,2022,Sedan,LPG,Manual,1167.0,9.6,48094.06,298,1398.33,Middle East
VH04311,Toyota,Camry,2016,SUV,Petrol,CVT,4874.0,8.42,24273.71,4773,892.18,North America
VH04013,Volkswagen,Golf,2012,Hatchback,Petrol,Manual,2884.0,16.79,22620.1,309,1189.72,Europe
VH02245,Kia,Forte,2019,Coupe,LPG,Manual,2411.0,9.33,25939.58,1014,941.06,Middle East
VH03092,Porsche,911,2012,SUV,Petrol,Manual,3513.0,9.93,40706.31,4214,1898.71,Europe
VH01916,Toyota,Prius,2019,Truck,Unknown,,0.0,7.57,40968.23,561,,Latin America
VH00613,Lexus,RX,2008,Van,Petrol,DCT,3232.0,9.64,44984.56,3924,2330.28,Africa
VH02485,Hyundai,Elantra,2022,Sedan,CNG,DCT,1719.0,15.87,29902.08,2090,1300.63,Europe
VH03655,Chevrolet,Equinox,2022,Sedan,Hybrid,Automatic,2090.0,23.27,27497.91,4170,874.2,Europe
VH01899,BMW,3 Series,2012,Sedan,Diesel,Manual,3109.0,19.8,46990.53,110,2267.6,Asia Pacific
VH01650,Land Rover,Range Rover,2007,SUV,Electric,Manual,0.0,8.84,66471.95,2445,3730.03,North America
VH03162,Honda,Ridgeline,2023,Convertible,Diesel,,2387.0,15.71,31551.3,156,1032.71,Middle East
VH00259,Porsche,Panamera,2015,Convertible,LPG,CVT,2275.0,9.0,42654.57,265,,North America
VH00848,,Forester,2014,Van,LPG,AMT,3147.0,13.42,28367.82,3092,1260.16,Europe
VH04322,Land Rover,Freelander,2014,SUV,LPG,CVT,1520.0,11.14,56340.83,1448,2325.44,Asia Pacific
VH01234,Volvo,C40,2013,Coupe,Hybrid,Seq,2252.0,28.26,64416.23,1564,2748.23,Africa
VH01128,Hyundai,Kona,2016,Van,Diesel,AMT,3363.0,22.6,27795.98,2340,1199.46,North America
VH01968,Chevrolet,Equinox,2016,Truck,Electric,,0.0,6.03,32075.74,2781,1353.53,Europe
VH00559,Jeep,Wrangler,2023,SUV,LPG,Manual,4949.0,9.95,28728.65,1175,766.72,Latin America
VH04042,Kia,Sorento,2022,Truck,,DCT,5973.0,19.12,31927.27,471,1082.62,Europe
VH00485,Chevrolet,Silverado,2011,Truck,LPG,CVT,2862.0,11.48,27990.27,4259,1574.9,Middle East
VH02212,Ram,3500,2017,Truck,Diesel,Manual,3833.0,12.37,34543.52,2659,1552.62,South Asia
VH01321,Subaru,Impreza,2009,Coupe,Hybrid,AMT,1778.0,19.47,31884.26,3562,1297.02,North America
VH03338,Mercedes-Benz,GLE,2020,SUV,Electric,Automatic,0.0,10.62,68512.57,2444,2958.9,Africa
VH00008,Subaru,Legacy,2019,Coupe,Petrol,Man,2027.0,12.45,28190.34,1630,1236.16,Middle East
VH04890,Volvo,XC60,2015,Coupe,CNG,AMT,1738.0,12.55,47462.96,3982,2158.4,South Asia
VH04011,Lexus,NX,2023,Hatchback,Petrol,Manual,2246.0,19.62,35988.06,3173,1121.98,North America
VH01451,Chevrolet,Malibu,2013,Sedan,Hybrid,DCT,3138.0,19.99,22160.39,3092,,Europe
VH01202,Mazda,CX-30,2014,Van,Hybrid,CVT,3352.0,-30.06,27921.05,3133,1197.69,Europe
VH01815,Nissan,Altima,2007,Van,Petrol,AMT,3315.0,10.08,31448.66,4698,1552.84,Africa
VH00774,Porsche,Boxster,2016,SUV,Diesel,AMT,3586.0,13.96,46185.04,236,1566.8,South Asia
VH01012,Jeep,Cherokee,2020,SUV,CNG,CVT,3855.0,18.18,22154.22,2276,791.75,Middle East
VH02918,Toyota,RAV4,2018,Sedan,Petrol,CVT,2361.0,12.63,22729.26,4595,635.69,Europe
VH02529,Porsche,911,2017,Convertible,Electric,CVT,0.0,5.5,56631.12,3419,2401.43,Latin America
VH01992,Subaru,WRX,2005,Van,Diesel,CVT,2973.0,12.58,23270.02,731,1591.42,North America
VH01278,Volvo,XC90,2007,Van,Diesel,Manual,3316.0,18.18,52551.88,1207,2328.95,Asia Pacific
VH01784,Volkswagen,Golf,2013,Truck,Diesel,CVT,5846.0,19.83,23173.65,1419,923.52,Africa
VH04846,Toyota,Corolla,2014,Van,Diesel,Automatic,2571.0,14.25,26975.46,1505,1262.95,Middle East
VH00447,Audi,A6,2017,Coupe,Diesel,AMT,1310.0,20.39,36631.69,1290,1399.09,Europe
VH00881,Mercedes-Benz,S-Class,2013,Truck,Diesel,AMT,5699.0,15.19,53177.99,4335,2185.4,North America
VH04534,Hyundai,Kona,2021,Truck,Diesel,Manual,,22.43,29210.46,2442,906.47,Africa
VH00782,Tesla,Model S,2018,Sedan,Hybrid,CVT,2080.0,31.53,46563.62,866,2040.69,Europe
VH01750,Nissan,Frontier,2022,Hatchback,CNG,DCT,1235.0,13.95,20028.69,1356,507.77,Middle East
VH03510,Mercedes-Benz,C-Class,2020,SUV,CNG,Automatic,4370.0,12.34,53559.1,1594,1243.97,North America
VH02689,Audi,Q7,2020,Convertible,Diesel,Manual,1625.0,23.29,51340.87,1053,2297.61,Asia Pacific
VH04961,Volkswagen,Tiguan,2006,Coupe,,CVT,2028.0,9.75,26207.88,955,1897.49,Middle East
VH04393,BMW,X5,2016,SUV,Hybrid,Automatic,2370.0,26.32,32384.04,4109,1100.44,Middle East
VH00884,Volkswagen,Atlas,2030,Wagon,Hybrid,Manual,2242.0,20.27,20193.16,1451,1153.89,Europe
VH02526,Chevrolet,Malibu,2009,SUV,LPG,DCT,3889.0,9.45,27194.22,2371,1779.51,Asia Pacific
VH01092,BMW,M3,2017,Wagon,LPG,CVT,2379.0,13.55,42285.54,1394,1664.27,North America
VH03044,Jeep,Cherokee,2005,SUV,Diesel,DCT,2466.0,15.65,27042.85,3971,1853.54,Asia Pacific
VH00532,Toyota,Prius,2021,Hatchback,Hybrid,AMT,1726.0,32.73,,2389,,South Asia
VH04126,Honda,Accord,2005,Van,Diesel,DCT,2132.0,14.0,30050.34,2501,1635.11,North America
VH03444,BMW,M3,2022,Wagon,CNG,Automatic,3101.0,16.77,39976.52,329,1526.02,Middle East
VH04424,Porsche,Panamera,2017,Convertible,Petrol,CVT,3400.0,19.45,55293.91,3199,2431.39,Asia Pacific
VH02291,Jeep,Cherokee,2017,SUV,Electric,AMT,0.0,10.68,33681.05,3509,926.26,Middle East
VH01728,Toyota,Highlander,2016,Sedan,Petrol,,1106.0,14.63,24600.6,2642,1155.84,Africa
VH00611,Audi,Q5,2009,SUV,CNG,CVT,3340.0,12.12,41661.12,4955,2128.17,North America
VH00571,Toyota,Highlander,2018,Hatchback,LPG,Manual,1088.0,14.27,21470.99,4791,832.87,Latin America
VH04820,HYUNDAI,Santa Fe,2019,Hatchback,cng,AMT,1177.0,16.11,19731.95,1331,720.23,Latin America
VH03140,Volvo,C40,2024,Convertible,Diesel,AMT,1953.0,13.67,55453.57,3891,1183.3,Latin America
VH00344,BMW,5 Series,2007,SUV,Hybrid,Manual,2369.0,17.55,50382.32,1542,2346.71,Latin America
VH03350,Chevrolet,Silverado,2006,Sedan,Hybrid,AMT,1128.0,26.32,30812.99,1058,1854.06,South Asia
VH04904,Jeep,Renegade,2023,SUV,Diesel,CVT,1752.0,12.92,28127.33,3950,966.24,Asia Pacific
VH00435,Honda,Civic,2017,Wagon,Petrol,CVT,2305.0,16.54,28635.01,4053,1023.48,South Asia
VH01904,Chevrolet,Blazer,2018,Truck,LPG,DCT,5601.0,17.48,29061.98,1470,962.34,Europe
VH03936,Subaru,Impreza,2019,Coupe,CNG,Automatic,1234.0,20.1,24988.14,2666,1147.34,Africa
VH02464,CHEVROLET,Blazer,2013,Sedan,,AMT,2076.0,13.41,28465.42,1397,1406.26,Africa
VH02070,Ford,F-150,2011,SUV,Electric,Manual,0.0,11.87,32845.31,4899,1987.34,South Asia
VH01538,Nissan,Rogue,2011,Van,Diesel,,2037.0,15.05,30272.47,899,1834.14,Africa
VH02329,Ford,Edge,2009,Sedan,LPG,Manual,2373.0,11.2,18103.41,557,1012.68,North America
VH02424,Kia,Sorento,2020,Coupe,Diesel,AMT,1458.0,14.6,24118.77,1980,744.3,Asia Pacific
VH01518,Subaru,Crosstrek,2021,Van,Petrol,Manual,2892.0,17.98,,2431,995.37,Asia Pacific
VH00966,Porsche,Panamera,2009,Convertible,LPG,AMT,2112.0,14.3,48662.27,1496,1792.49,Asia Pacific
VH04478,Porsche,Panamera,2012,Coupe,Diesel,DCT,2929.0,20.65,55142.2,1617,2330.9,Latin America
VH00529,Hyundai,Palisade,2006,Hatchback,CNG,Manual,1222.0,12.24,20117.58,2721,671.51,Middle East
VH00177,Chevrolet,Tahoe,2017,SUV,Hybrid,Manual,3303.0,21.35,32561.97,2071,1386.17,South Asia
VH03607,Volkswagen,Golf,2010,Hatchback,Electric,AMT,0.0,6.74,30172.47,2434,1694.09,Latin America
VH04579,Kia,Telluride,2021,Van,LPG,Automatic,3181.0,14.85,22294.96,994,1035.54,Asia Pacific
VH04369,Lexus,NX,2020,Wagon,Diesel,Automatic,2125.0,22.05,50217.38,4055,1577.63,Africa
VH00573,Ford,Explorer,2013,Sedan,LPG,Manual,3075.0,13.75,23243.72,1250,1213.02,North America
VH02599,Audi,A3,2016,Wagon,,Manual,2388.0,13.45,43590.02,4925,1795.13,Africa
VH03633,Porsche,911,2015,Coupe,Electric,AMT,0.0,8.22,59738.99,4757,2599.22,Middle East
VH02686,Nissan,Sentra,2009,Coupe,Petrol,Automatic,2022.0,16.65,24476.24,547,1340.32,Latin America
VH03581,Ford,Edge,2018,SUV,Electric,CVT,0.0,9.55,31184.53,477,952.81,Middle East
VH03934,Mazda,Mazda6,2012,Wagon,LPG,CVT,3246.0,12.6,25436.56,1814,1352.59,South Asia
VH02209,Honda,Ridgeline,2014,SUV,Hybrid,CVT,3286.0,26.9,37312.07,4826,1835.16,Middle East
VH02652,Nissan,Frontier,2014,Truck,Electric,Manual,0.0,14.98,41184.15,4690,1944.76,North America
VH02852,Porsche,Macan,2013,Coupe,Petrol,Automatic,1955.0,,37481.82,2134,2121.63,South Asia
VH00384,Kia,Soul,2024,Convertible,CNG,AMT,2493.0,20.76,27500.0,2062,738.54,Middle East
VH00853,Nissan,Altima,2015,Coupe,CNG,Automatic,2622.0,19.78,26937.08,77,1185.93,Europe
VH01881,  Mercedes-Benz  ,S-Class,2016,Convertible, Petrol ,DCT,3099.0,10.06,49643.23,1564,,South Asia
VH00371,Lexus,GX,2009,Wagon,Electric,DCT,0.0,13.03,59359.39,4539,2998.39,North America
VH04759,Mercedes-Benz,E-Class,2012,Convertible,Petrol,CVT,1318.0,10.67,43383.82,159,1415.27,Middle East
VH04395,Land Rover,Freelander,2018,SUV,Electric,DCT,0.0,,75279.88,4763,3052.79,South Asia
VH01106,Land Rover,Freelander,2016,SUV,Hybrid,AMT,4579.0,24.49,51431.72,4247,,Asia Pacific
VH02659,Hyundai,Santa Fe,2017,Van,Diesel,DCT,2709.0,16.79,36009.36,4131,1502.92,South Asia
VH04083,Hyundai,Kona,2006,Hatchback,Petrol,AMT,2157.0,17.54,23170.46,4007,1297.6,North America
VH01337,Honda,Accord,2015,Convertible,Hybrid,Manual,2144.0,15.91,31807.35,1055,1474.62,Asia Pacific
VH02190,Mercedes-Benz,AMG GT,2021,Hatchback,Diesel,AMT,1050.0,19.06,37280.51,4897,1243.72,Latin America
VH04669,Honda,Ridgeline,2021,Wagon,Hybrid,Manual,2952.0,22.39,34172.17,4639,1218.57,Africa
VH03627,Nissan,Frontier,2007,Van,LPG,Automatic,3387.0,17.3,20072.07,2400,1002.58,Asia Pacific
VH04819,Toyota,Prius,2023,SUV,Diesel,DCT,2335.0,19.03,34557.81,3769,1121.08,South Asia
VH03035,Land Rover,Evoque,2021,SUV,LPG,AMT,,11.35,51739.32,1119,2119.5,Europe
VH04927,Kia,Carnival,2008,Truck,Diesel,Manual,3397.0,,32519.07,3647,1695.36,Europe
VH01172,Porsche,Panamera,2017,Convertible,Electric,DCT,,7.93,71132.33,190,3879.87,South Asia
VH03962,Ford,Escape,2016,Truck,Hybrid,CVT,3033.0,33.57,30633.81,2544,,South Asia
VH03091,Volvo,XC40,2011,Convertible,Hybrid,DCT,2515.0,25.46,55563.2,3761,2441.35,South Asia
VH01423,Lexus,LS,2013,Coupe,Hybrid,Automatic,2150.0,29.28,42922.29,755,2064.5,Europe
VH02419,Porsche,Boxster,2019,Coupe,CNG,DCT,1373.0,15.35,45427.74,509,1989.96,North America
VH03152,Audi,A6,2019,Hatchback,Hybrid,CVT,3342.0,23.6,46793.04,3961,1933.79,North America
VH04223,BMW,3 Series,2006,Van,Electric,Manual,0.0,8.02,63709.38,614,4115.79,South Asia
VH01465,Honda,Accord,2005,Wagon,Electric,CVT,0.0,5.84,30549.88,2565,2245.96,South Asia
VH00875,Tesla,Cybertruck,2021,Sedan,CNG,Manual,3311.0,18.2,38483.07,191,1307.98,South Asia
VH02298,Jeep,Cherokee,2018,SUV,LPG,Automatic,2372.0,16.39,28334.41,2576,1057.75,Europe
VH04586,Tesla,Model S,2012,Sedan,Petrol,AMT,1395.0,16.32,46826.52,1218,2035.9,Asia Pacific
VH04412,Kia,Soul,2023,SUV,Diesel,Automatic,4602.0,18.54,25737.44,4806,981.15,North America
VH01252,Nissan,Rogue,2007,Sedan,CNG,Manual,2712.0,20.63,25824.19,2507,1421.86,Latin America
VH02961,Toyota,Tacoma,2020,Wagon,Petrol,AMT,1705.0,19.74,23554.1,146,1028.14,Europe
VH00841,Ford,Explorer,2022,Sedan,Petrol,CVT,1036.0,16.6,25012.92,451,827.27,Africa
VH03183,Porsche,Panamera,2009,Convertible,Electric,CVT,0.0,12.38,56975.23,2186,2484.41,Europe
VH00582,Subaru,WRX,2017,Hatchback,LPG,Manual,2113.0,,19564.08,1001,856.79,South Asia
VH00205,Tesla,Model X,2024,Sedan,CNG,CVT,1887.0,12.72,44232.14,4765,1574.76,Europe
VH01642,Honda,Civic,2014,Truck,Electric,AMT,0.0,5.47,39857.83,2422,1675.28,South Asia
VH02015,Land Rover,Range Rover,2019,SUV,Petrol,DCT,4009.0,15.5,46871.01,4281,1704.13,Middle East
VH00906,Toyota,Camry,2020,Truck,Hybrid,AMT,4869.0,25.92,28445.46,3283,1214.05,South Asia
VH00632,Nissan,Sentra,2005,Van,CNG,Automatic,1876.0,20.73,21789.39,2093,1199.42,Latin America
VH03208,BMW,5 Series,2012,Coupe,Electric,Manual,,9.72,57802.41,4656,3109.16,Africa
VH01975,Tesla,Model S,2013,Sedan,,CVT,,9.53,47916.71,1401,2278.04,Asia Pacific
VH00163,Porsche,Taycan,2006,Coupe,LPG,CVT,1659.0,11.81,42650.27,2581,2055.17,Middle East
VH03290,Nissan,Murano,2007,Truck,Electric,CVT,0.0,6.95,39673.3,2300,2037.6,Latin America
VH02290,Audi,e-tron,2017,SUV,LPG,Manual,4230.0,15.92,44156.87,3257,2066.57,South Asia
VH04570,Porsche,Cayenne,2022,Coupe,,CVT,0.0,14.35,65308.21,3549,2134.95,Africa
VH00618,Toyota,Corolla,2009,Convertible,LPG,Automatic,2927.0,9.3,30061.12,2486,1126.11,Asia Pacific
VH00876,Hyundai,Santa Fe,2013,SUV,CNG,CVT,3409.0,13.43,25169.24,962,1077.88,Europe
VH01432,BMW,7 Series,2014,Hatchback,Hybrid,DCT,1343.0,28.17,44659.64,4360,2238.4,North America
VH00548,Nissan,Sentra,2019,Sedan,Electric,Manual,0.0,8.22,33815.14,953,962.06,Middle East
VH03455,Kia,Forte,2008,Hatchback,CNG,Manual,1822.0,21.46,18332.61,731,1094.38,North America
VH04621,Nissan,Frontier,2013,SUV,Electric,,0.0,7.91,33805.01,4368,1252.95,Middle East
VH04292,Volvo,XC40,2012,SUV,Diesel,DCT,4087.0,22.23,51445.15,1817,2408.11,Middle East
VH02465,Ram,Dakota,2023,Van,Hybrid,CVT,2783.0,21.76,27367.21,1704,846.26,Africa
VH04766,Mazda,CX-5,2011,Convertible,Diesel,Automatic,2220.0,11.46,25587.85,1873,1692.59,Latin America
VH02560,Ram,3500,2008,Truck,Diesel,Automatic,5968.0,16.24,27443.06,3072,1175.43,Africa
VH04148,Jeep,Grand Cherokee,2015,SUV,Diesel,Automatic,3392.0,15.97,29351.48,1148,1392.09,Middle East
VH01862,Mazda,Mazda6,2018,Van,,Automatic,3394.0,12.13,30178.58,13,1148.92,Europe
VH00641,Subaru,Forester,2017,Truck,Electric,CVT,0.0,9.31,33999.1,1902,1682.56,South Asia
VH03097,Nissan,Sentra,2017,Hatchback,CNG,Manual,1431.0,18.06,19197.9,3595,688.29,Asia Pacific
VH00638,Ram,2500,2014,Truck,Electric,Automatic,0.0,8.72,38334.87,1353,1605.06,North America
VH03642,Hyundai,Sonata,2022,Convertible,LPG,CVT,2162.0,12.03,26893.03,1325,975.84,North America
VH04047,Lexus,IS,2022,Convertible,Elec,CVT,1497.0,16.72,54405.5,3659,1746.47,South Asia
VH03096,Tesla,Model Y,2010,Sedan,Hybrid,DCT,1719.0,27.73,46880.66,1245,2303.93,Africa
VH02097,BMW,X5,2005,Truck,CNG,CVT,3802.0,18.3,44360.25,1002,2416.78,Middle East
VH02562,,GX,2006,SUV,LPG,CVT,2139.0,17.52,37173.67,2777,2160.7,Middle East
VH03269,Nissan,Sentra,2022,Convertible,LPG,Automatic,1187.0,9.93,24676.06,4285,712.05,Asia Pacific
VH03805,Audi,A4,2013,SUV,Petrol,Automatic,4890.0,18.71,46603.59,13,2085.15,Middle East
VH03795,Ram,ProMaster,2024,Van,Petrol,Manual,3389.0,9.84,24926.22,726,895.71,South Asia
VH00922,Ford,Escape,2014,Sedan,Diesel,Manual,1764.0,23.61,27057.85,4811,1532.26,Africa
VH00547,Ram,ProMaster,2021,Truck,Petrol,AMT,4837.0,17.09,27805.72,4460,738.73,North America
VH03797,Volkswagen,Jetta,2016,Coupe,Electric,AMT,0.0,10.72,,3216,1294.88,Latin America
VH01901,Land Rover,Defender,2021,SUV,Hybrid,CVT,2957.0,15.51,57451.76,1940,2164.68,Asia Pacific
VH02029,Ford,Explorer,1950,Sedan,Hybrid,DCT,1538.0,,32223.11,697,1557.87,Middle East
VH02302,Audi,Q5,2022,SUV,LPG,Automatic,2605.0,15.22,44941.5,496,1576.05,North America
VH01886,Tesla,Model 3,2021,SUV,Petrol,AMT,4917.0,10.27,42825.68,4127,1494.29,South Asia
VH01643,Lexus,LS,2012,Convertible,Electric,AMT,0.0,12.31,67281.99,834,3440.22,Middle East
VH03634,,Equinox,2019,Truck,Electric,DCT,0.0,,30739.23,3685,1154.77,South Asia
VH01240,Honda,CR-V,2017,SUV,Hybrid,AMT,2116.0,18.85,29278.93,3095,932.76,Europe
VH02098,Mazda,Mazda6,2011,Sedan,Electric,Automatic,0.0,11.98,30582.25,4168,1426.2,Latin America
VH04429,Subaru,Outback,2006,Wagon,Petrol,Automatic,2751.0,14.6,26413.58,3812,1754.73,South Asia
VH03689,Chevrolet,Equinox,2010,SUV,Diesel,Manual,3169.0,13.08,27574.36,3645,,Africa
VH04569,Audi,A6,2016,Van,CNG,CVT,2853.0,19.32,45736.55,2080,2734.1,South Asia
VH04844,LEXUS,GX,2010,Van,petrol,AMT,3161.0,15.1,53818.7,2395,1918.66,Africa
VH00837,Hyundai,Elantra,2021,SUV,CNG,Manual,4492.0,14.49,31344.07,4810,1066.72,Asia Pacific
VH00602,Lexus,IS,2009,Coupe,,CVT,2252.0,17.08,45020.98,3474,2120.9,Europe
VH02185,Mercedes-Benz,S-Class,2008,SUV,CNG,Automatic,2818.0,21.93,48783.5,25,3275.44,Europe
VH04479,Jeep,Compass,2024,SUV,LPG,CVT,3313.0,15.18,24969.36,2837,812.04,Africa
VH04336,Ram,1500,2010,Truck,Electric,Automatic,0.0,12.85,39844.96,2175,2265.28,Europe
VH04379,BMW,M3,2007,Van,Petrol,Automatic,3397.0,18.27,44741.89,673,2249.84,Europe
VH01583,Honda,Pilot,2011,Sedan,Electric,DCT,0.0,6.71,31859.02,2034,1547.23,Europe
VH04338,Volvo,XC90,2019,Van,Petrol,Manual,2225.0,8.11,42330.08,4981,1642.48,Africa
VH04775,Chevrolet,Equinox,2011,Truck,LPG,Automatic,3482.0,,23509.29,2049,884.68,Middle East
VH02819,Tesla,Model Y,2006,SUV,,CVT,3940.0,11.07,48145.09,3030,,Latin America
VH01071,Kia,Telluride,2008,Coupe,Diesel,,2096.0,14.09,26781.1,426,1661.35,North America
VH01776,,MX-5 Miata,2013,Coupe,LPG,DCT,3183.0,17.1,29153.3,3600,1658.54,Africa
VH04887,Lexus,RX,2014,Convertible,CNG,Automatic,3085.0,19.1,49910.34,2210,2509.64,Asia Pacific
VH01284,Kia,Telluride,2007,Coupe,LPG,AMT,2287.0,17.97,21322.34,4132,1085.4,Middle East
VH03163,  Jeep  ,Cherokee,2020,SUV, Petrol ,Automatic,4737.0,14.35,32444.0,2405,1263.03,Asia Pacific
VH04832,BMW,3 Series,2011,Sedan,CNG,Manual,1326.0,13.53,42553.48,1321,2103.44,South Asia
VH01837,Porsche,Panamera,2020,SUV,LPG,Automatic,2283.0,12.59,42477.89,170,2138.62,Africa
VH04312,Mazda,Mazda3,2023,Sedan,CNG,Automatic,2020.0,18.23,30013.69,3174,860.82,South Asia
VH01020,Audi,Q5,2015,Van,LPG,DCT,1834.0,16.79,44895.13,3332,2511.85,Africa
VH03324,Tesla,Model Y,2012,SUV,CNG,Manual,4681.0,16.8,47992.71,4030,2497.41,Middle East
VH01327,Hyundai,Kona,2007,Wagon,,,2558.0,11.63,23560.34,3597,1805.5,Africa
VH00476,Chevrolet,Colorado,2023,SUV,Petrol,AMT,2405.0,9.3,20973.43,198,634.74,Africa
VH03571,Porsche,911,2017,Coupe,Diesel,,1195.0,20.28,48922.64,4114,1709.56,Africa
VH01652,Nissan,Frontier,2020,Hatchback,Hybrid,AMT,1899.0,18.68,26859.1,4117,835.48,Europe
VH04723,Honda,CR-V,2006,Truck,Hybrid,Manual,3922.0,16.53,32646.64,4098,1358.79,Europe
VH04357,Ram,ProMaster,2020,Van,CNG,CVT,2093.0,14.19,22858.51,3073,793.09,Africa
VH02699,Land Rover,Evoque,2017,SUV,Hybrid,AMT,2629.0,15.43,56739.13,2673,2398.63,Middle East
VH03500,Porsche,Taycan,2023,SUV,Petrol,DCT,,14.77,47804.69,3257,1540.18,North America
VH02672,Ford,F-150,2007,Truck,LPG,DCT,3751.0,11.52,26015.31,2286,1193.37,Europe
VH01374,Tesla,Model X,2018,SUV,LPG,DCT,1961.0,16.77,46055.47,1150,1644.07,Asia Pacific
VH00740,Porsche,Panamera,2007,Coupe,Electric,Manual,0.0,8.53,49728.79,2167,3260.16,Africa
VH04664,Jeep,Wrangler,2006,SUV,Petrol,Manual,2203.0,19.86,27332.39,545,1730.42,Asia Pacific
VH02520,Honda,CR-V,2006,Van,LPG,Automatic,1976.0,15.46,22486.12,-1467,1655.19,Asia Pacific
VH00868,Honda,Accord,2005,Wagon,Diesel,Automatic,1859.0,24.24,23862.64,1391,1381.06,Asia Pacific
VH01141,Mercedes-Benz,E-Class,2007,Coupe,Petrol,Automatic,1874.0,16.61,42123.81,2072,,Middle East
VH00998,Ram,Dakota,2011,Van,CNG,DCT,2313.0,12.41,23528.27,767,1121.0,Europe
VH01338,Hyundai,Tucson,2017,Coupe,Electric,DCT,0.0,5.75,31305.78,1568,,Latin America
VH00542,Porsche,Panamera,2015,SUV,Diesel,DCT,3445.0,14.46,59517.18,2671,3198.71,Latin America
VH01100,Tesla,Model Y,2009,SUV,Hybrid,Automatic,3183.0,,53983.18,3114,2686.01,Middle East
VH01133,Tesla,Cybertruck,2008,Sedan,Diesel,CVT,2388.0,13.69,39226.0,1990,2474.88,South Asia
VH04931,Kia,Telluride,2007,Wagon,LPG,CVT,1980.0,17.73,23873.63,97,1634.39,South Asia
VH02808,Porsche,Taycan,2009,Coupe,Hybrid,Automatic,2706.0,15.09,58632.89,2408,2796.65,South Asia
VH02259,BMW,7 Series,2017,Van,LPG,CVT,3371.0,12.57,41673.39,831,1522.68,Africa
VH04111,Subaru,Legacy,2018,SUV,Diesel,CVT,3742.0,14.86,30377.86,588,1074.82,South Asia
VH00060,Subaru,Impreza,2010,Truck,Hybrid,AMT,4185.0,15.42,30614.06,578,1615.69,Latin America
VH02987,Porsche,Macan,2020,Coupe,LPG,DCT,2434.0,15.13,44601.93,2980,1469.99,Africa
VH01939,Subaru,Forester,2015,Coupe,Diesel,CVT,3474.0,10.86,23893.63,1027,1025.53,North America
VH02665,BMW,7 Series,2008,Wagon,Diesel,Automatic,3342.0,19.13,53837.99,194,2882.21,Africa
VH02590,Volvo,V60,2017,Coupe,CNG,CVT,3018.0,20.42,41851.95,1673,2062.07,Latin America
VH01079,Ram,Dakota,2016,Van,LPG,CVT,2542.0,10.88,22510.89,1582,,Africa
VH03039,,Sentra,2023,Convertible,Electric,DCT,0.0,14.78,38130.63,764,1436.16,Europe
VH03244,Mazda,MX-5 Miata,2023,Wagon,,AMT,2660.0,9.57,23714.15,3111,598.93,North America
VH02571,Chevrolet,Malibu,2024,SUV,Petrol,CVT,2647.0,17.0,26697.02,442,945.47,South Asia
VH00941,Porsche,Boxster,2023,Coupe,Petrol,CVT,2630.0,9.61,42910.43,521,1111.42,Africa
VH01081,Mazda,CX-30,2013,Convertible,Hybrid,AMT,2447.0,25.35,28053.43,4324,1375.12,Latin America
VH00188,Toyota,Prius,2024,Truck,Hybrid,Manual,5919.0,15.25,29431.89,2573,916.45,North America
VH03943,Hyundai,Palisade,2014,Sedan,Petrol,AMT,2450.0,18.93,28495.03,2786,1395.99,Africa
VH02086,Ford,Escape,2009,Truck,Petrol,AMT,3091.0,12.71,35215.76,3640,1944.27,Asia Pacific
VH02250,Mercedes-Benz,C-Class,2016,Hatchback,LPG,DCT,1536.0,10.16,36771.55,886,1549.04,Latin America
VH02898,Jeep,Renegade,2019,SUV,Petrol,Manual,3441.0,14.09,25161.74,111,831.13,Middle East
VH04970,Nissan,Pathfinder,2011,Wagon,LPG,DCT,2761.0,11.57,21780.18,1290,978.5,South Asia
VH02024,Mercedes-Benz,GLC,2012,Truck,LPG,Manual,5728.0,11.73,59005.4,4081,3011.58,Asia Pacific
VH03738,Ram,2500,2015,Truck,Diesel,CVT,2749.0,11.68,20962.68,4555,935.99,Africa
VH01493,Kia,Sorento,2015,Van,Electric,AMT,0.0,10.21,32701.02,2626,1258.63,North America
VH03735,Toyota,Tacoma,2015,Truck,Diesel,CVT,,19.4,26217.47,561,1336.87,South Asia
VH00227,Porsche,Macan,2014,Coupe,Electric,Manual,0.0,8.43,60688.95,454,2884.37,Africa
VH03423,Nissan,Frontier,1890,Truck,LPG,AMT,2881.0,11.87,26786.53,253,1229.98,Latin America
VH01930,Hyundai,Tucson,2020,Truck,CNG,Manual,2687.0,14.99,23563.97,2310,787.44,Middle East
VH03169,Chevrolet,Malibu,2015,SUV,Petrol,Manual,3224.0,,22027.71,4702,1002.9,Middle East
VH04564,Volvo,V60,2019,Sedan,Petrol,DCT,3042.0,8.23,52210.96,2789,1852.25,Middle East
VH01405,Porsche,Cayenne,2019,Convertible,Electric,CVT,0.0,13.85,61380.31,1227,2352.13,North America
VH02180,Kia,Soul,2023,Wagon,LPG,CVT,2079.0,16.32,24768.5,3064,643.44,Africa
VH00698,Audi,Q5,2010,Wagon,Petrol,AMT,2602.0,16.11,39127.87,3553,2322.26,Middle East
VH01125,Lexus,ES,2018,Convertible,CNG,AMT,2626.0,19.02,46892.57,1015,1982.26,North America
VH02895,  Honda  ,Civic,2017,Hatchback, Diesel ,Manual,2113.0,18.77,23007.63,1352,1340.45,Africa
VH03867,Nissan,Rogue,2008,Coupe,Hybrid,,1894.0,31.27,29162.63,878,1220.59,Asia Pacific
VH01779,Kia,Sportage,2008,Truck,Hybrid,Automatic,5177.0,15.1,33757.2,2202,1659.22,North America
VH04690,Hyundai,Tucson,2007,Truck,LPG,CVT,4831.0,17.16,23883.01,159,995.09,Africa
VH01038,Porsche,Boxster,2019,Coupe,CNG,DCT,2167.0,15.23,43474.2,2912,1941.4,Asia Pacific
VH04243,Volvo,XC40,2007,SUV,Petrol,DCT,3599.0,17.03,50976.15,1485,2118.08,Africa
VH02257,Audi,Q5,2099,Hatchback,Petrol,CVT,1034.0,12.66,55394.58,2365,2119.85,Latin America
VH00314,,Evoque,2008,SUV,Petrol,DCT,1742.0,14.81,47991.46,4579,2444.67,Middle East
VH02282,BMW,7 Series,2015,Hatchback,,AMT,0.0,14.53,49043.0,2318,2208.61,Latin America
VH01417,Volvo,V60,2011,Van,LPG,Automatic,3238.0,17.57,45453.74,695,2274.45,Europe
VH01037,  Mazda  ,Mazda6,2007,Truck, Electric ,Automatic,0.0,13.64,39169.94,4867,1845.22,South Asia
VH02160,Ford,Explorer,2005,Truck,Hybrid,,3121.0,29.65,26580.73,4443,1501.56,Europe
VH04231,Subaru,Outback,2005,Sedan,Diesel,AMT,2213.0,17.5,29272.08,178,1692.0,Middle East
VH01755,Hyundai,Palisade,2017,Hatchback,Diesel,,2445.0,14.76,23501.55,2848,,Europe
VH04215,Ram,2500,2021,Van,Petrol,CVT,3114.0,14.93,25919.31,4206,877.29,Latin America
VH04903,Jeep,Compass,2020,SUV,Hybrid,AMT,2567.0,24.97,31612.31,578,787.64,Middle East
VH02790,Land Rover,Range Rover,2022,SUV,CNG,DCT,3598.0,14.6,41420.19,2243,1525.41,Asia Pacific
VH04204,,Prius,2010,Truck,Petrol,DCT,3331.0,14.31,29256.86,1124,1270.11,South Asia
VH03806,Honda,Ridgeline,2024,Van,LPG,Automatic,3486.0,15.74,23354.75,206,630.33,Asia Pacific
VH03553,BMW,7 Series,2030,Sedan,Electric,Manual,0.0,6.91,43226.86,1565,1380.32,Latin America
VH01507,Mercedes-Benz,AMG GT,2017,Hatchback,Hybrid,AMT,2563.0,31.81,44579.62,3700,1511.48,Europe
VH01924,BMW,X5,2013,SUV,Hybrid,DCT,4827.0,25.49,51368.7,3175,2884.51,Middle East
VH00449,Hyundai,Palisade,2006,Van,CNG,DCT,3082.0,14.85,19621.63,3769,1008.72,North America
VH02523,Jeep,Gladiator,2017,SUV,Diesel,Manual,1980.0,21.89,28406.29,1751,984.08,Africa
VH04216,Lexus,GX,2010,Hatchback,Hybrid,DCT,3258.0,16.87,46388.52,2771,1591.78,Europe
VH04764,Chevrolet,Malibu,2009,Truck,Diesel,Manual,4566.0,16.06,35385.34,4234,2216.86,Middle East
VH02651,Mercedes-Benz,S-Class,2019,Sedan,CNG,CVT,1494.0,20.43,50382.33,4290,2175.43,Middle East
VH00362,Volvo,S60,2005,Coupe,Hybrid,Manual,2074.0,23.65,52131.73,3879,3205.93,Africa
VH02184,Tesla,Cybertruck,2021,Sedan,Petrol,Automatic,1687.0,,43460.83,1254,1458.99,North America
VH01135,Lexus,LS,2009,Truck,Diesel,Automatic,4309.0,11.8,57834.45,2793,2860.58,South Asia
VH04016,Toyota,Highlander,2023,Van,Diesel,DCT,2095.0,16.24,27223.48,4811,926.7,Middle East
VH02156,Audi,A3,2008,SUV,Hybrid,DCT,4936.0,18.66,56969.24,1961,3045.42,Middle East
VH01831,LEXUS,LS,2017,Convertible,cng,DCT,1628.0,14.15,56079.26,4357,1952.98,Europe
VH01054,Toyota,Camry,2010,Van,LPG,CVT,2570.0,16.71,25474.72,27,824.02,Latin America
VH02461,BMW,M3,2023,Van,Petrol,Manual,2118.0,19.56,43424.13,3984,1354.17,Asia Pacific
VH00023,Mazda,MX-5 Miata,2006,Wagon,CNG,CVT,1847.0,21.09,21592.77,4810,1160.97,Middle East
VH02067,Chevrolet,Blazer,2005,Truck,Electric,,,8.81,36382.87,4728,1771.42,Europe
VH01654,Mazda,Mazda6,2010,Sedan,Electric,Automatic,0.0,10.36,35957.78,1492,1782.09,North America
VH04938,,Ridgeline,2023,Coupe,CNG,Manual,2959.0,13.85,32089.98,3206,1155.16,Latin America
VH03472,Hyundai,Elantra,2016,Wagon,Hybrid,CVT,1131.0,31.52,32127.51,504,835.95,Asia Pacific
VH03484,Audi,A3,2007,Coupe,Electric,DCT,0.0,5.35,66729.64,4277,4439.56,North America
VH04136,Land Rover,Range Rover,2020,SUV,Petrol,,3320.0,11.26,50076.29,2281,1498.48,South Asia
VH02469,Ram,ProMaster,2005,Truck,Hybrid,CVT,4509.0,33.18,34141.91,2871,2008.15,North America
VH02326,Honda,Ridgeline,2022,Sedan,Diesel,Manual,2773.0,22.35,25094.88,4261,927.52,Middle East
VH00461,Volkswagen,Atlas,2015,Hatchback,CNG,CVT,1366.0,15.36,24254.67,951,879.26,Africa
VH01068,Jeep,Grand Cherokee,2008,SUV,Electric,Automatic,0.0,8.64,21407.38,4074,1074.18,Middle East
VH00088,Kia,Sorento,2005,Van,CNG,AMT,2966.0,12.12,28856.33,3613,1371.16,Latin America
VH01431,Nissan,Sentra,2009,Van,Electric,CVT,0.0,13.76,30207.35,4105,1420.93,Africa
VH03695,Honda,Civic,2021,Sedan,Diesel,Manual,1048.0,15.47,24747.23,3707,941.2,Europe
VH00283,Lexus,NX,2015,Sedan,Hybrid,Automatic,2106.0,23.03,53828.56,221,2139.01,Africa
VH02484,Porsche,Panamera,2016,Coupe,Hybrid,CVT,1702.0,19.44,47248.62,1649,2055.85,Latin America
VH00463,Chevrolet,Malibu,2010,Sedan,Hybrid,DCT,2187.0,17.62,28025.68,3944,1287.74,North America
VH00213,Mazda,Mazda3,2019,Coupe,CNG,Automatic,1621.0,14.45,23986.16,183,915.57,South Asia
VH02582,Chevrolet,Colorado,2020,Sedan,Electric,Automatic,0.0,13.86,30124.54,3065,860.76,Europe
VH01369,Subaru,Forester,2017,Sedan,LPG,DCT,2814.0,,,1873,959.15,Latin America
VH00235,Tesla,Model Y,2008,SUV,LPG,Automatic,1952.0,11.48,44174.27,1403,2507.02,South Asia
VH04023,Hyundai,Santa Fe,2006,Truck,Electric,Automatic,0.0,11.7,31368.73,1147,1882.34,Asia Pacific
VH00598,Jeep,Gladiator,2013,SUV,Petrol,,3479.0,9.27,25705.52,1575,1179.56,North America
VH04610,Kia,Sorento,2005,Sedan,Diesel,AMT,3476.0,22.45,26701.64,4738,1393.67,Middle East
VH02251,Ram,1500,2008,Truck,Hybrid,Automatic,3273.0,26.54,31584.22,3253,1362.46,Asia Pacific
VH04134,Honda,Civic,2009,Hatchback,Petrol,CVT,1342.0,19.17,22940.74,3351,1228.09,Latin America
VH02284,Porsche,Cayenne,2024,Convertible,LPG,Manual,1473.0,10.98,42321.64,2036,1074.97,South Asia
VH00663,Hyundai,Sonata,2005,Coupe,LPG,CVT,3394.0,16.88,25301.51,469,1511.59,Europe
VH00867,Hyundai,Santa Fe,2013,Truck,LPG,DCT,4107.0,,28086.23,408,1412.99,Asia Pacific
VH02286,Volvo,C40,2022,Van,CNG,Automatic,2161.0,12.49,43996.16,3732,1625.12,Africa
VH04794,Kia,Sorento,2014,Hatchback,LPG,Manual,1935.0,11.3,23169.98,2435,965.32,Europe
VH04100,Lexus,LS,2021,Hatchback,Electric,Manual,0.0,12.32,50448.82,1254,1742.62,South Asia
VH02586,Chevrolet,Malibu,2006,Sedan,LPG,Automatic,2011.0,9.49,18280.62,3185,1006.84,Europe
VH03554,Volkswagen,Jetta,2018,Van,Diesel,DCT,2394.0,13.9,23426.77,2767,1155.85,Asia Pacific
VH00780,Subaru,WRX,2006,Van,Diesel,AMT,2853.0,14.52,24011.23,3970,1205.29,Middle East
VH03807,Nissan,Altima,2021,Van,CNG,CVT,3202.0,14.05,26192.14,3322,801.64,Europe
VH03498,Volvo,V60,2016,Sedan,Petrol,Manual,2666.0,11.34,37313.64,4061,1641.68,North America
VH03964,Nissan,Sentra,2010,Convertible,LPG,Manual,1518.0,9.18,29713.52,29,1747.65,South Asia
VH03406,Land Rover,Range Rover,2020,SUV,LPG,Automatic,2641.0,11.72,43097.61,4146,1253.61,Asia Pacific
VH03713,Land Rover,Defender,2008,SUV,CNG,Manual,4141.0,15.58,49920.83,4893,2210.36,South Asia
VH04914,Volvo,V60,2012,SUV,Electric,DCT,0.0,7.67,54009.47,2666,2575.2,Africa
VH00686,Volvo,V60,2009,Truck,Electric,DCT,,5.98,63168.98,4433,3445.36,Asia Pacific
VH03287,Toyota,Prius,2007,SUV,Hybrid,DCT,4995.0,21.99,30287.06,1662,1628.11,Asia Pacific
VH02844,  Ford  ,Edge,2018,SUV, LPG ,CVT,2704.0,11.47,23586.04,4459,943.0,South Asia
VH00474,Honda,HR-V,2019,Wagon,LPG,DCT,2221.0,10.47,24795.51,1708,886.73,North America
VH02172,Jeep,Wrangler,2016,SUV,CNG,DCT,3370.0,16.02,32649.46,811,1640.63,Latin America
VH02759,Tesla,Model 3,2015,Sedan,CNG,CVT,1273.0,15.39,47702.2,4700,1878.4,Europe
VH01851,Honda,Accord,2008,Sedan,Petrol/Gas,Manual,2974.0,15.87,27999.49,366,1440.38,Asia Pacific
VH00488,Kia,Sorento,2011,Hatchback,CNG,DCT,1129.0,14.57,21303.13,2089,1085.06,Latin America
VH01689,Volvo,XC90,2009,Convertible,Diesel,AMT,2725.0,15.74,56452.34,3857,2138.02,Africa
VH02231,Chevrolet,Blazer,2012,Truck,Petrol,Automatic,5112.0,18.84,22943.15,2944,897.23,South Asia
VH03383,Honda,Accord,2007,Wagon,Diesel,,1458.0,17.92,31263.66,680,2119.42,Africa
VH02321,Mercedes-Benz,GLE,2005,SUV,Electric,Automatic,0.0,12.17,60308.77,1551,2618.07,Latin America
VH00783,Audi,Q5,2023,Sedan,CNG,Manual,1708.0,19.05,34974.5,2211,895.52,Middle East
VH00522,Nissan,Murano,2021,Hatchback,Hybrid,CVT,2240.0,33.38,25986.61,4765,981.43,South Asia
VH00523,Ram,Dakota,2006,Truck,Electric,Automatic,0.0,5.8,36484.61,1987,1680.93,South Asia
VH02938,Porsche,Macan,2012,Coupe,LPG,DCT,2910.0,16.45,35467.57,4313,1341.18,North America
VH04090,Hyundai,Sonata,2009,Truck,LPG,AMT,2800.0,13.42,24987.04,1522,1529.22,Africa
VH02399,,GLC,2016,Wagon,Hybrid,CVT,2326.0,31.56,60882.4,3508,2063.14,Latin America
VH02208,Jeep,Wrangler,2005,SUV,CNG,CVT,4473.0,12.09,21964.67,2080,1435.38,North America
VH03602,Volvo,XC40,2014,Truck,Petrol,AMT,,8.49,49934.56,1092,2900.45,Middle East
VH04282,Mercedes-Benz,E-Class,2006,Convertible,,Automatic,2098.0,17.97,44713.76,3308,2732.28,Latin America
VH03868,Honda,CR-V,2022,Hatchback,Diesel,Manual,2816.0,20.42,21303.86,1013,918.51,Asia Pacific
VH02922,Porsche,Panamera,2018,Coupe,LPG,Manual,2593.0,10.84,42459.92,1944,1442.41,Europe
VH01512,  BMW  ,M3,2009,Van, Hybrid ,DCT,3147.0,21.64,61252.48,673,2994.7,Latin America
VH01883,Nissan,Murano,2018,SUV,Electric,CVT,0.0,9.48,36691.76,2093,1668.38,South Asia
VH00652,Audi,e-tron,2007,Convertible,CNG,Automatic,1959.0,,49205.35,2138,2761.78,Latin America
VH03160,Mercedes-Benz,C-Class,2012,SUV,CNG,Manual,2913.0,12.08,54809.19,1665,3123.83,South Asia
VH03204,Tesla,Model Y,2019,Sedan,CNG,AMT,3426.0,17.57,36854.9,784,1148.43,Latin America
VH00370,Audi,A3,2014,Convertible,Diesel,Manual,1434.0,16.96,56146.51,927,2600.6,South Asia
VH02729,Hyundai,Sonata,2015,Truck,CNG,Manual,4858.0,20.45,32364.1,520,1082.79,Africa
VH00119,Volkswagen,Atlas,2019,Coupe,Electric,Manual,0.0,11.41,32473.48,3375,1280.71,Middle East
VH03440,Jeep,Compass,2024,SUV,Diesel,DCT,3883.0,17.76,23163.53,828,629.66,South Asia
VH04635,Toyota,Tacoma,2016,Sedan,CNG,Manual,2328.0,18.69,24204.68,4539,771.31,Africa
VH02217,Tesla,Cybertruck,2012,SUV,Electric,AMT,0.0,13.28,51664.64,1789,2683.56,Middle East
VH03668,Hyundai,Sonata,2011,Truck,Petrol,Manual,4430.0,19.07,34836.88,4703,1810.15,Africa
VH01614,Honda,CR-V,2011,Wagon,LPG,AMT,3389.0,,24067.92,1273,1084.07,Europe
VH03018,Chevrolet,Malibu,2023,SUV,Diesel,Manual,1942.0,23.27,31006.86,680,989.3,Europe
VH00963,Hyundai,Tucson,2012,Sedan,LPG,CVT,2953.0,17.07,24364.67,649,1105.02,Africa
VH02511,Toyota,Prius,2022,Van,CNG,AMT,2344.0,21.4,25050.83,1988,847.1,Africa
VH04709,Volkswagen,Jetta,2023,Van,Hybrid,Manual,3398.0,26.98,26528.7,3773,710.51,Africa
VH02923,Ford,Escape,2021,Sedan,Hybrid,Automatic,2519.0,17.25,30791.1,3420,763.4,North America
VH03568,BMW,X5,2022,Van,CNG,AMT,2255.0,18.43,47479.75,1178,1878.44,Latin America
VH03144,Hyundai,Sonata,2022,Hatchback,LPG,Manual,2485.0,17.6,22076.73,3937,708.96,Asia Pacific
VH02416,Chevrolet,Silverado,2023,Truck,Hybrid,Automatic,6077.0,19.29,23948.57,3431,762.28,Asia Pacific
VH04731,,Tahoe,2007,SUV,Hybrid,DCT,3214.0,20.99,28032.59,3371,1436.49,Europe
VH04306,  Toyota  ,Corolla,2020,SUV, Diesel ,Manual,1864.0,17.49,30378.62,4894,1001.87,Latin America
VH02186,Volkswagen,Golf,2006,Wagon,Petrol,AMT,2608.0,10.17,16841.71,122,1051.33,South Asia
VH04099,Land Rover,Discovery,2021,SUV,LPG,AMT,4777.0,11.41,41411.99,80,1756.29,Africa
VH02568,Kia,Telluride,2020,Van,Hybrid,Automatic,2362.0,20.48,27778.43,1607,,Africa
VH02038,Ram,Dakota,2016,Truck,Petrol,Manual,3834.0,9.41,30646.74,4416,1087.65,Latin America
VH04333,Lexus,ES,2019,SUV,Hybrid,CVT,1963.0,23.17,49925.69,3631,1899.62,Latin America
VH00773,Honda,Accord,2024,SUV,Hybrid,AMT,,21.58,30851.17,2810,917.77,South Asia
VH01285,Porsche,Macan,2019,Convertible,Petrol,AMT,2908.0,8.77,55136.41,3362,,Asia Pacific
VH04679,Land Rover,Evoque,2009,SUV,CNG,AMT,3898.0,17.6,47865.22,1147,2677.16,Africa
VH04815,Jeep,Cherokee,2021,SUV,Diesel,Manual,1946.0,25.0,33741.76,4586,1129.05,Latin America
VH02588,Tesla,Model 3,2015,Sedan,CNG,CVT,2505.0,17.78,45030.38,1048,1457.89,North America
VH04651,BMW,X3,2024,Wagon,Hybrid,Manual,2522.0,28.9,49826.61,952,1628.82,Middle East
VH01415,Land Rover,Discovery,2014,SUV,Diesel,Automatic,3613.0,20.84,44615.52,810,1946.15,Europe
VH01235,Ram,1500,2014,Truck,Electric,Automatic,0.0,7.51,43621.93,4303,2183.88,Asia Pacific
VH04965,Mazda,CX-30,2015,SUV,Electric,DCT,0.0,14.36,39931.66,1385,,Asia Pacific
VH00436,Hyundai,Santa Fe,2017,Van,Electric,DCT,0.0,7.46,31763.5,3018,1174.2,South Asia
VH01675,,Forester,2005,Sedan,Hybrid,AMT,2434.0,15.07,22346.73,4764,1413.96,Middle East
VH00366,Subaru,Crosstrek,2008,Truck,Electric,AMT,0.0,6.89,31689.71,1858,1594.32,Middle East
VH04070,Audi,Q5,2010,Sedan,Hybrid,CVT,2451.0,29.32,44749.19,4841,2067.29,Asia Pacific
VH00232,BMW,M3,2011,SUV,Hybrid,DCT,3125.0,17.52,56672.93,2201,3087.28,Africa
VH04339,Audi,Q5,2020,Sedan,Electric,DCT,0.0,,62871.94,3914,2672.01,North America
VH00148,Honda,Accord,2012,Truck,,CVT,4533.0,13.88,29212.01,4433,1512.49,North America
VH04471,Ram,ProMaster,2017,Truck,CNG,Automatic,4916.0,18.73,24405.9,171,,Middle East
VH00408,Ford,Bronco,2013,Sedan,Diesel,AMT,2927.0,22.45,24828.14,1186,1166.98,Latin America
VH02091,Audi,e-tron,2013,Sedan,LPG,CVT,3217.0,,43961.66,639,1625.0,Europe
VH00087,Porsche,911,2024,SUV,CNG,Automatic,,18.37,35719.12,4253,1329.44,Asia Pacific
VH00845,Mercedes-Benz,GLE,2014,Convertible,Petrol,AMT,1817.0,9.06,44066.48,4017,1778.66,Africa
VH01032,Ford,F-150,2015,SUV,Electric,DCT,0.0,11.44,34618.76,4260,,South Asia
VH03385,Ram,ProMaster,2023,Truck,,Automatic,4747.0,22.44,38128.68,1018,1160.07,North America
VH03320,Land Rover,Defender,2017,SUV,Hybrid,Manual,4458.0,15.11,50227.85,2587,2075.36,Latin America
VH04677,  Audi  ,A6,2007,Sedan, CNG ,DCT,2242.0,14.7,47550.55,622,2566.92,South Asia
VH03348,Jeep,Cherokee,2014,SUV,CNG,Manual,3048.0,13.99,29430.66,1495,1678.15,South Asia
VH02629,Tesla,Model Y,2017,SUV,,CVT,4953.0,15.27,57478.91,477,2574.58,Latin America
VH04063,Toyota,Prius,2018,Convertible,Petrol,Manual,,10.1,29195.44,1061,1037.04,Europe
VH00856,Audi,Q7,2010,Truck,Petrol,CVT,5453.0,14.81,51124.17,4394,2696.68,Europe
VH00079,Porsche,911,2016,Coupe,Petrol,AMT,2189.0,14.27,47658.43,2330,2125.92,South Asia
VH02248,Chevrolet,Silverado,2023,Truck,Diesel,AMT,2881.0,19.53,31031.11,2423,1124.53,Europe
VH04645,Honda,Accord,2016,Van,LPG,DCT,2250.0,13.18,21913.7,1708,874.83,North America
VH03787,Toyota,RAV4,2010,Convertible,Diesel,Automatic,1893.0,13.09,36724.25,735,1940.38,Europe
VH03017,Porsche,Cayenne,2007,Coupe,Petrol,CVT,1082.0,12.85,45180.49,4175,2109.22,Middle East
VH03014,Mercedes-Benz,E-Class,2008,SUV,Electric,Automatic,0.0,14.61,65987.65,4506,4108.01,North America
VH02280,Subaru,Crosstrek,2012,Coupe,CNG,Automatic,1724.0,19.91,27543.83,2439,1472.5,Europe
VH02687,MAZDA,CX-5,2008,Wagon,lpg,Manual,1830.0,15.97,27836.86,3239,1756.87,Africa
VH04227,Nissan,Sentra,2021,Truck,,,3422.0,21.26,32178.36,701,1144.85,South Asia
VH04006,Ford,Escape,2015,SUV,Diesel,Automatic,3188.0,,27819.14,4531,1217.58,Asia Pacific
VH04480,HYUNDAI,Sonata,2017,Truck,cng,CVT,4112.0,18.5,23777.72,3892,1019.08,Asia Pacific
VH02177,Porsche,911,2015,Coupe,Hybrid,Manual,0.0,23.5,50302.84,2325,1760.37,South Asia
VH00425,Volvo,C40,2015,Hatchback,Diesel,Seq,3126.0,16.69,32126.47,525,1163.08,Africa
VH00393,Mercedes-Benz,S-Class,2019,Hatchback,CNG,CVT,1257.0,16.5,,2381,1716.53,Latin America
VH04804,Hyundai,Sonata,2022,Wagon,Hybrid,Manual,1235.0,29.63,22059.05,491,538.14,Asia Pacific
VH03537,Hyundai,Santa Fe,2018,Coupe,Hybrid,Automatic,2142.0,31.94,31062.07,2290,1567.06,Europe
VH00105,Ram,ProMaster,2023,Truck,Diesel,DCT,4208.0,16.06,37255.04,2542,1539.14,South Asia
VH03081,Porsche,911,2014,Coupe,Petrol,Automatic,2934.0,18.86,39788.84,93,1614.35,Europe
VH02660,Porsche,Macan,2020,Coupe,Electric,Automatic,0.0,6.76,56151.02,4273,2020.13,Europe
VH03253,Mercedes-Benz,S-Class,2021,Wagon,Petrol,DCT,2678.0,17.28,50522.48,3198,1686.82,Latin America
VH02909,Ram,1500,2021,Truck,CNG,CVT,6080.0,20.45,26489.01,4541,936.25,Europe
VH01949,Lexus,NX,2009,Sedan,CNG,Automatic,2013.0,14.57,43746.51,3906,2689.42,South Asia
VH01460,Honda,Civic,2008,Coupe,CNG,AMT,1101.0,21.43,22530.04,3403,1433.49,South Asia
VH03376,Toyota,Highlander,2022,SUV,Diesel,DCT,2769.0,23.19,32493.9,4093,1199.09,Europe
VH02903,Mazda,Mazda6,2012,Hatchback,CNG,CVT,2432.0,16.74,19099.1,767,969.8,Asia Pacific
VH04374,Toyota,RAV4,2023,SUV,Petrol,Automatic,2969.0,18.23,23107.32,3905,742.45,Europe
VH04868,Toyota,Tacoma,2023,Truck,CNG,CVT,5515.0,17.82,22785.19,4428,786.47,Africa
VH01588,Honda,CR-V,2020,Van,Petrol,CVT,3175.0,18.07,28642.53,4405,1037.2,Europe
VH03790,Land Rover,Discovery,2010,SUV,Electric,Manual,-500.0,9.39,60945.39,4566,2521.18,Asia Pacific
VH01732,Volkswagen,Jetta,2021,Van,Hybrid,Automatic,2576.0,18.92,34253.95,2189,1256.46,Europe
VH04843,Tesla,Model X,2022,Sedan,Diesel,Manual,2902.0,22.99,36626.39,1990,1291.93,Europe
VH04526,Land Rover,Defender,2018,SUV,Electric,DCT,0.0,8.4,64231.69,3524,1762.83,Latin America
VH03812,Hyundai,Kona,2007,Van,Electric,Manual,0.0,14.57,32191.94,1844,1941.88,South Asia
VH01792,Audi,Q5,2017,Hatchback,Electric,DCT,,7.02,57742.01,3842,1918.77,South Asia
VH02356,Jeep,Wrangler,2010,SUV,LPG,AMT,2498.0,12.95,24479.27,4751,1594.66,Middle East
VH01941,Chevrolet,Blazer,2011,Sedan,CNG,AMT,1805.0,21.49,27727.95,2068,1099.19,Europe
VH00703,Mazda,Mazda6,2008,Van,Petrol,DCT,2230.0,16.27,22664.27,645,1142.78,Asia Pacific
VH02443,Lexus,NX,2007,Truck,Diesel,CVT,5384.0,11.59,61210.16,1868,2654.31,Africa
VH04638,Chevrolet,Equinox,2017,SUV,CNG,DCT,4542.0,13.63,28154.67,4684,1309.95,Latin America
VH00497,MAZDA,CX-5,2013,Convertible,petrol,Automatic,2782.0,20.0,29945.98,521,1664.27,North America
VH00465,Honda,HR-V,2015,Hatchback,LPG,Manual,3434.0,13.54,17576.65,1295,595.79,North America
VH02779,Toyota,Prius,2020,Wagon,CNG,DCT,1154.0,16.22,25354.33,3917,1103.14,Asia Pacific
VH04405,Jeep,Renegade,2005,SUV,Diesel,,2944.0,14.22,33628.09,997,1950.27,Africa
VH00173,Ram,ProMaster,2018,Truck,Petrol,AMT,5642.0,8.06,31961.39,2667,,Africa
VH04164,Lexus,LS,2020,Sedan,Electric,CVT,0.0,14.96,57171.52,2018,1822.82,Middle East
VH04875,Ford,Explorer,2019,Truck,CNG,Automatic,,16.82,25841.15,3966,999.98,South Asia
VH02541,Volkswagen,Tiguan,2018,Sedan,Hybrid,Automatic,2611.0,21.7,27293.62,1758,1548.22,Asia Pacific
VH04067,Kia,Soul,2018,SUV,LPG,CVT,1681.0,12.07,31716.77,3813,1129.63,Middle East
VH03059,Hyundai,Kona,2011,Wagon,Diesel,Automatic,2331.0,12.47,29467.44,2285,1637.17,Europe
VH02261,Lexus,ES,2015,Truck,Hybrid,DCT,3126.0,29.91,60611.93,2819,2932.1,Latin America
VH02113,Lexus,NX,2012,Wagon,LPG,DCT,2528.0,16.74,37266.45,4810,1857.68,Asia Pacific
VH00901,Volkswagen,Atlas,2010,Wagon,Diesel,CVT,1659.0,12.59,27813.07,2752,1184.07,Middle East
VH01447,Chevrolet,Blazer,2015,Truck,,DCT,4233.0,16.2,29006.14,564,,Middle East
VH04086,Volkswagen,ID.4,2018,Truck,CNG,CVT,5728.0,12.28,30195.93,1749,1059.55,Europe
VH00742,Honda,Civic,2020,Wagon,Electric,Manual,0.0,9.79,32850.69,679,1020.38,Africa
VH02294,Nissan,Pathfinder,2015,Truck,CNG,CVT,2500.0,12.59,30309.13,2140,1378.34,Africa
VH02453,Tesla,Cybertruck,2010,Sedan,Diesel,AMT,1953.0,23.79,45833.96,2790,1648.03,Europe
VH02949,Subaru,WRX,2023,Van,Petrol,AMT,2437.0,11.58,28427.62,1042,802.78,Asia Pacific
VH04154,Ford,Mustang,2019,SUV,Electric,CVT,0.0,7.39,27428.04,3330,1262.11,Europe
VH01207,  Porsche  ,Macan,2007,Convertible, Electric ,Manual,0.0,10.97,65456.07,2606,3579.92,Asia Pacific
VH00510,Kia,Forte,2006,Hatchback,Hybrid,CVT,1075.0,30.03,24458.72,633,1258.37,Europe
VH04222,Porsche,Panamera,2015,Convertible,Diesel,CVT,2984.0,20.29,56567.94,2643,2216.79,Asia Pacific
VH04340,Honda,Civic,2007,Wagon,CNG,Manual,2525.0,14.32,20739.51,4929,1325.34,Europe
VH04035,Land Rover,Defender,2010,SUV,Hybrid,Automatic,1854.0,17.37,56182.73,1206,3267.97,Africa
VH04140,BMW,7 Series,2005,Wagon,Diesel,DCT,99999.0,20.79,31560.55,2568,1547.73,Latin America
VH01550,Hyundai,Tucson,2019,Sedan,CNG,AMT,3020.0,15.7,,4937,908.86,Asia Pacific
VH00410,Mazda,CX-9,2023,Truck,LPG,CVT,6048.0,14.42,31429.47,2644,1110.2,North America
VH02203,Lexus,ES,2020,Truck,LPG,CVT,3650.0,12.43,48451.2,3256,1570.87,Middle East
VH02567,Audi,e-tron,2018,Convertible,LPG,CVT,2349.0,12.03,42662.44,1473,1821.11,South Asia
VH02771,Hyundai,Palisade,2016,Hatchback,Electric,DCT,0.0,9.2,26572.19,4001,1071.34,North America
VH02045,Hyundai,Kona,2019,Truck,CNG,DCT,4341.0,16.75,29164.71,2023,1124.77,South Asia
VH00768,BMW,3 Series,2024,Sedan,Petrol,Manual,1334.0,14.13,43667.15,2366,1098.0,Latin America
VH04952,Hyundai,Santa Fe,2011,Hatchback,Electric,Automatic,0.0,8.31,22138.88,2314,934.94,South Asia
VH03869,Volkswagen,Golf,2014,Hatchback,Petrol,Seq,1813.0,12.11,24887.98,3092,841.2,Latin America
VH00422,Lexus,LS,2024,Coupe,LPG,Automatic,2454.0,11.42,38050.72,3993,1212.52,Latin America
VH00124,Volvo,V60,2023,Convertible,Petrol,AMT,1111.0,10.79,54255.42,972,2003.3,Latin America
VH04230,Volvo,C40,2019,Coupe,Hybrid,CVT,1673.0,25.87,56688.53,391,1762.17,North America
VH02857,BMW,3 Series,2006,Convertible,LPG,DCT,1956.0,14.84,43697.84,2181,,Middle East
VH00820,Chevrolet,Colorado,2010,SUV,Diesel,Manual,2364.0,22.89,31360.61,4715,1717.09,Middle East
VH01404,Porsche,Panamera,2012,Coupe,CNG,Automatic,2450.0,18.51,58062.76,4599,3332.57,Latin America
VH01383,Honda,Pilot,2015,SUV,Hybrid,DCT,1650.0,15.08,,762,1360.29,Asia Pacific
VH02149,Land Rover,Evoque,2007,SUV,Electric,AMT,0.0,9.18,52617.56,3724,2698.8,Latin America
VH01576,Audi,A3,2018,Sedan,LPG,DCT,2530.0,17.1,41907.37,3013,2038.55,Latin America
VH01639,Land Rover,Defender,2005,SUV,CNG,Manual,1754.0,19.87,47131.23,854,2678.3,Latin America
VH01796,Tesla,Cybertruck,2024,SUV,LPG,Manual,1634.0,11.5,48118.36,4489,1545.66,North America
VH04894,Land Rover,Defender,2006,SUV,LPG,Automatic,3769.0,,43737.7,3597,2354.22,Middle East
VH00400,Mazda,CX-5,2019,Truck,Electric,Automatic,0.0,8.46,30036.56,342,987.87,Asia Pacific
VH02311,Hyundai,Santa Fe,2021,Sedan,LPG,Manual,3042.0,14.99,24208.65,307,,South Asia
VH00883,Lexus,GX,2007,Sedan,LPG,CVT,2630.0,14.27,41408.43,2658,2400.22,North America
VH02723,Ram,1500,2022,Van,Petrol,,1941.0,18.46,27106.02,385,1055.42,North America
VH03002,  Jeep  ,Gladiator,2021,SUV, CNG ,,2219.0,19.43,25368.22,2146,866.89,Africa
VH01353,Volkswagen,Golf,2022,Sedan,LPG,AMT,2609.0,,27584.45,4392,960.55,Middle East
VH04718,Land Rover,Freelander,2013,SUV,Petrol,AMT,3360.0,10.7,45579.05,1648,1876.49,Europe
VH04625,Tesla,Model 3,2024,Sedan,Hybrid,CVT,1074.0,21.79,47084.24,4742,1522.41,North America
VH02131,Lexus,GX,2008,SUV,LPG,Automatic,4596.0,14.31,36711.75,744,1605.02,Latin America
VH00983,Mazda,Mazda3,2013,Wagon,Diesel,Manual,,12.48,23296.26,1052,1382.93,Africa
VH00457,Land Rover,Freelander,2007,SUV,Petrol,Manual,1576.0,14.18,44942.73,4272,1985.39,Africa
VH03656,BMW,5 Series,2020,Sedan,Diesel,AMT,2440.0,24.4,48636.12,2343,1967.71,Asia Pacific
VH01080,Ram,2500,2014,Van,Hybrid,Automatic,3445.0,23.17,26820.51,3649,1407.36,Middle East
VH01951,Nissan,Altima,2005,Coupe,Diesel,,2457.0,12.25,34356.11,2449,2147.98,North America
VH04386,Subaru,WRX,2007,Sedan,LPG,AMT,1221.0,10.55,21184.5,4992,1552.25,Asia Pacific
VH00690,Porsche,Macan,2018,Convertible,Petrol,DCT,1454.0,16.78,55356.02,1584,2563.36,Africa
VH02430,Audi,e-tron,2024,Coupe,Petrol,AMT,1260.0,10.2,43159.15,3730,1322.28,Africa
VH00642,Mercedes-Benz,C-Class,2015,Hatchback,LPG,CVT,2895.0,17.46,35331.44,4787,1692.67,South Asia
VH02393,Ford,Edge,2020,Truck,Diesel,Manual,3094.0,11.98,24219.39,2391,647.24,South Asia
VH01954,Tesla,Model S,2017,Sedan,Petrol,AMT,1088.0,12.2,38915.29,2345,1507.04,Latin America
VH03167,Kia,Forte,2015,Truck,LPG,Automatic,5676.0,9.21,24190.61,1516,939.6,Africa
VH04059,Audi,e-tron,2006,Van,Diesel,DCT,1965.0,15.54,41353.26,685,2085.14,Europe
VH03558,Jeep,Compass,2018,SUV,Electric,CVT,0.0,14.15,39951.22,1976,1088.98,Latin America
VH02711,Toyota,Prius,1950,Wagon,Hybrid,Manual,2483.0,34.8,27957.9,2150,1120.4,South Asia
VH03457,Volkswagen,Golf,2020,Convertible,Electric,DCT,0.0,8.31,35120.53,4146,1339.94,North America
VH04845,Nissan,Sentra,2014,Wagon,Petrol,Automatic,1744.0,10.37,23287.4,215,916.63,South Asia
VH03036,Ford,Escape,2015,Sedan,Petrol,DCT,1264.0,15.27,22432.35,505,909.35,Middle East
VH01885,Volkswagen,Tiguan,2013,Sedan,Hybrid,AMT,2259.0,18.39,21882.11,2601,892.45,Africa
VH03587,Ford,Explorer,2023,Sedan,Hybrid,Automatic,1914.0,19.54,27024.86,4401,763.47,Africa
VH00390,Porsche,Boxster,2015,Coupe,Diesel,Automatic,3166.0,21.19,50674.75,1490,2339.99,South Asia
VH02495,Subaru,Outback,2020,Hatchback,LPG,AMT,2062.0,14.87,22560.33,4762,855.01,Asia Pacific
VH03802,Hyundai,Elantra,2008,SUV,Hybrid,AMT,2480.0,18.47,28719.96,3839,1746.07,Asia Pacific
VH02996,Volvo,XC40,2019,Convertible,Electric,DCT,,12.32,76592.9,669,2530.1,Middle East
VH00846,Volvo,XC60,2006,SUV,Petrol,Automatic,4417.0,12.04,52835.55,2563,3073.41,Middle East
VH00543,Volvo,C40,2023,Truck,CNG,Manual,5861.0,16.17,51996.23,4873,2259.93,South Asia
VH00092,Volkswagen,Passat,2024,Sedan,Petrol,Manual,1341.0,9.09,25687.63,3251,831.9,South Asia
VH04026,BMW,7 Series,2011,Truck,Electric,Unknown,0.0,8.1,69017.85,2754,2979.25,South Asia
VH01980,Tesla,Cybertruck,2020,Sedan,Petrol,Manual,2844.0,18.56,45096.16,240,1942.24,Asia Pacific
VH04881,Tesla,Cybertruck,2021,Sedan,Petrol,DCT,2429.0,19.9,36150.93,2981,1423.06,Asia Pacific
VH04403,Mazda,MX-5 Miata,2013,Convertible,Hybrid,CVT,2116.0,19.85,29804.35,1768,1235.06,South Asia
VH03007,Nissan,Pathfinder,2012,Wagon,LPG,CVT,0.0,11.03,27616.43,1060,999.94,Middle East
VH02530,Hyundai,Kona,2020,Coupe,Hybrid,DCT,,34.17,25903.34,1737,1149.97,Latin America
VH01677,Subaru,Crosstrek,2021,Convertible,Electric,DCT,0.0,9.61,34188.51,2235,1027.82,North America
VH01049,BMW,X3,2021,Wagon,hybrid,Automatic,3291.0,24.1,60326.99,2190,2225.63,Asia Pacific
VH01961,Audi,A4,2011,Convertible,Petrol,,2962.0,8.1,46916.39,3198,2435.76,Middle East
VH02531,Kia,Sorento,2006,Truck,Diesel,AMT,5394.0,11.9,29553.19,673,1970.83,Asia Pacific
VH02880,Ram,3500,2015,Truck,Electric,DCT,0.0,8.74,37786.35,674,1508.3,Asia Pacific
VH00238,Audi,Q7,2006,Coupe,Hybrid,AMT,1801.0,34.52,53239.71,2202,3255.51,Middle East
VH03075,Subaru,Outback,2011,SUV,Hybrid,DCT,1837.0,32.41,27858.92,307,1922.88,South Asia
VH03663,Kia,Carnival,2011,Convertible,Electric,DCT,,13.92,34976.95,1703,1680.45,Asia Pacific
VH01134,Lexus,ES,2021,Convertible,Diesel,Automatic,,12.39,62418.34,4034,2374.26,Africa
VH01806,Chevrolet,Equinox,2023,Sedan,Electric,DCT,,12.15,24902.9,1485,697.1,Latin America
VH04211,Porsche,Panamera,2024,SUV,Diesel,CVT,1754.0,23.81,52219.82,2454,1822.77,Asia Pacific
VH00164,Honda,Accord,2017,Wagon,CNG,DCT,1961.0,12.61,21387.89,2247,938.78,Asia Pacific
VH03617,Volvo,XC40,2008,Sedan,CNG,AMT,3316.0,20.71,52786.44,3553,3089.55,Latin America
VH04787,Chevrolet,Malibu,2017,Truck,Diesel,CVT,3148.0,10.41,29788.41,186,1380.95,South Asia
VH03464,Kia,Sorento,2015,SUV,CNG,Manual,2885.0,14.66,30846.13,4619,1390.71,Africa
VH03576,Honda,HR-V,2014,Wagon,CNG,Manual,1616.0,19.64,21680.75,287,884.12,North America
VH03318,  BMW  ,3 Series,2014,Truck, Hybrid ,Automatic,2936.0,31.43,42748.34,1722,2067.85,North America
VH03765,Nissan,Pathfinder,2016,Coupe,Hybrid,Manual,2881.0,28.9,25271.72,2952,774.87,Middle East
VH04076,Kia,Carnival,2007,Truck,Petrol,AMT,2857.0,11.56,27630.77,1961,1429.02,Europe
VH01812,Mercedes-Benz,GLE,2024,Van,CNG,Automatic,2186.0,16.49,41763.84,483,1264.37,Asia Pacific
VH03226,Chevrolet,Colorado,2019,Truck,LPG,Automatic,6092.0,14.77,24505.09,243,850.75,Africa
VH03266,MAZDA,CX-5,2024,Convertible,petrol,CVT,2042.0,14.33,26904.38,3647,792.21,Latin America
VH01429,Mercedes-Benz,GLE,2022,Wagon,LPG,CVT,2563.0,10.85,39504.04,2163,1181.32,Africa
VH03754,Chevrolet,Malibu,2022,SUV,,DCT,4096.0,14.99,22916.68,377,822.25,Africa
VH04263,Toyota,RAV4,2022,Hatchback,Diesel,DCT,1926.0,17.72,20591.31,3306,669.67,North America
VH04334,Audi,A6,2013,Wagon,Diesel,CVT,2984.0,24.09,39783.55,2832,1915.85,Latin America
VH04535,Subaru,Outback,2020,SUV,CNG,Manual,2250.0,13.15,28355.52,2033,967.94,Asia Pacific
VH04726,Tesla,Model 3,2018,SUV,Hybrid,CVT,4770.0,,62543.2,2700,2388.42,Asia Pacific
VH04391,Volvo,XC40,2022,Wagon,CNG,Automatic,1792.0,16.49,42057.7,2206,1324.08,South Asia
VH01453,Hyundai,Sonata,2024,Truck,Petrol,CVT,4630.0,8.55,29772.44,576,966.9,Asia Pacific
VH00594,Jeep,Compass,2012,SUV,Petrol,AMT,2194.0,16.6,27213.03,4960,1396.4,Middle East
VH02726,Toyota,Tacoma,2016,Convertible,,Manual,2604.0,18.29,29316.57,4734,1396.21,Europe
VH00042,Ram,1500,2005,Truck,Petrol,DCT,5356.0,15.94,32566.7,4432,2344.03,Latin America
VH00561,Nissan,Frontier,2007,Van,Hybrid,Manual,3332.0,23.04,32324.54,4796,1759.1,Middle East
VH03363,Lexus,NX,2023,Wagon,,DCT,1759.0,16.71,50004.05,4305,1653.21,Latin America
VH03154,Mazda,Mazda6,2024,Truck,Diesel,AMT,4415.0,15.65,26471.07,4567,812.51,Latin America
VH00244,BMW,M3,2014,Convertible,Diesel,AMT,2515.0,14.34,53671.56,3225,2576.34,North America
VH01340,Ford,Edge,2011,Truck,LPG,Manual,3327.0,15.96,25009.04,1204,1031.94,Africa
VH02878,Toyota,Camry,2011,Van,Petrol,CVT,99999.0,11.33,25490.53,3175,1348.38,South Asia
VH04806,HONDA,Accord,2009,Van,diesel,AMT,2235.0,17.01,25201.93,474,1252.28,Latin America
VH03931,Audi,A6,2010,Coupe,Petrol,AMT,2786.0,10.27,45441.68,473,1859.85,Asia Pacific
VH01443,Mercedes-Benz,GLE,2023,Truck,LPG,AMT,3004.0,12.7,50284.23,1584,1711.5,Africa
VH00262,Toyota,Highlander,2015,Van,Diesel,Manual,1873.0,15.92,31824.03,464,1397.16,South Asia
VH02861,Land Rover,Defender,2021,SUV,CNG,CVT,3934.0,15.43,41512.03,4255,1188.74,Asia Pacific
VH01690,Mercedes-Benz,GLE,2020,Sedan,Hybrid,CVT,1217.0,22.83,52662.46,1287,2285.67,Asia Pacific
VH01726,Honda,HR-V,2005,Sedan,Petrol,DCT,2276.0,10.7,19486.12,2042,1002.96,Africa
VH01204,Audi,A3,2013,Sedan,Petrol,AMT,1718.0,15.74,40234.06,4096,1965.13,Latin America
VH00835,Jeep,Gladiator,2021,SUV,LPG,Manual,2936.0,17.41,23571.57,4010,797.7,North America
VH01867,Chevrolet,Silverado,2011,Sedan,CNG,Manual,3426.0,17.44,,183,969.24,Latin America
VH02497,Mercedes-Benz,S-Class,2022,Truck,CNG,CVT,2785.0,,53412.76,762,1939.4,Middle East
VH03592,Ford,Edge,2017,SUV,Petrol,CVT,3495.0,17.62,34146.67,4973,,South Asia
VH02011,Subaru,Outback,2017,SUV,Diesel,DCT,4926.0,20.6,26454.2,1877,1210.22,Asia Pacific
VH02874,Audi,A3,2015,Hatchback,LPG,Manual,1257.0,10.32,38324.89,361,1799.25,Middle East
VH00341,Chevrolet,Equinox,2010,Truck,Petrol,Manual,2869.0,9.85,34635.19,4781,1885.62,South Asia
VH03098,Hyundai,Kona,2020,Convertible,CNG,DCT,1065.0,17.94,25972.93,2782,1017.2,Africa
VH01602,BMW,5 Series,2013,Coupe,Hybrid,Manual,1622.0,16.9,44230.28,3828,2796.31,Middle East
VH02797,,Cherokee,2020,SUV,Diesel,Manual,1821.0,15.29,28853.28,4041,890.58,Africa
VH03114,Porsche,Cayenne,2010,Coupe,Petrol,DCT,3400.0,17.37,59613.6,1358,3456.15,Europe
VH04771,BMW,7 Series,2020,Hatchback,Diesel,CVT,1291.0,21.7,42676.39,699,1662.11,Latin America
VH00481,Honda,Civic,2006,Van,Hybrid,DCT,3100.0,31.89,29331.94,850,1695.64,Middle East
VH02925,Porsche,Cayenne,2011,Convertible,Petrol,CVT,1877.0,9.43,50182.64,3264,2267.17,Latin America
VH03660,Hyundai,Elantra,2009,Truck,Petrol,AMT,3230.0,13.96,26439.07,706,1352.0,Latin America
VH04037,Mercedes-Benz,GLE,2012,SUV,CNG,AMT,2898.0,18.51,49031.95,1406,1888.6,Middle East
VH03516,Hyundai,Sonata,2019,Coupe,CNG,Automatic,1923.0,16.1,26363.65,3249,1070.17,Europe
VH04715,Jeep,Grand Cherokee,2006,SUV,Petrol,Manual,2048.0,10.37,24450.53,3755,1353.37,Middle East
VH03159,Audi,Q7,2012,Sedan,Electric,DCT,0.0,,58824.61,3065,,North America
VH00800,Mazda,CX-30,2023,Convertible,CNG,DCT,2245.0,21.26,19777.1,2141,729.32,South Asia
VH01767,Jeep,Wrangler,2021,SUV,Hybrid,AMT,1792.0,25.84,24734.58,183,917.77,Europe
VH04548,Toyota,Prius,2011,Sedan,Hybrid,Automatic,2914.0,30.88,29943.11,3989,1585.92,Middle East
VH02454,Nissan,Sentra,2007,Convertible,Electric,AMT,0.0,12.89,39045.19,1290,2143.16,Africa
VH02981,Lexus,RX,2005,SUV,CNG,CVT,1513.0,21.97,38330.08,1323,2366.44,Middle East
VH03948,Volkswagen,Golf,2010,Truck,Hybrid,DCT,4965.0,33.37,34992.01,3798,1998.51,South Asia
VH04467,Honda,CR-V,2013,Sedan,Petrol,CVT,2392.0,15.58,26819.63,3089,1198.34,Middle East
VH04754,Hyundai,Santa Fe,2014,Convertible,Diesel,Automatic,2752.0,10.98,27379.38,1097,1221.12,South Asia
VH03810,Audi,Q7,2018,Convertible,CNG,AMT,3003.0,12.2,41587.67,1353,1615.12,Africa
VH01272,Lexus,GX,2010,Hatchback,CNG,DCT,2320.0,13.3,35154.98,4965,1781.22,Africa
VH03528,Land Rover,Discovery,2015,SUV,Diesel,AMT,3317.0,22.56,47057.77,3470,2562.35,South Asia
VH04576,Ford,Escape,2005,Sedan,Electric,Manual,0.0,9.59,32342.18,2759,2200.64,Asia Pacific
VH03209,Volvo,XC40,2021,Truck,LPG,DCT,4065.0,12.34,52022.0,3489,1712.32,Middle East
VH04210,Porsche,Cayenne,2019,Coupe,Diesel,AMT,1391.0,20.43,49320.62,174,2092.26,Europe
VH00348,BMW,5 Series,2012,Truck,Diesel,DCT,5866.0,14.71,55200.47,3759,2676.61,North America
VH04017,Land Rover,Range Rover,2006,SUV,Diesel,,3715.0,,50679.75,1711,2371.37,Europe
VH04700,Mazda,Mazda6,2016,Coupe,Petrol,AMT,1735.0,8.78,27965.49,581,1443.2,Africa
VH02563,Volkswagen,Jetta,2020,Truck,Electric,Manual,0.0,14.42,45473.31,4078,1865.94,Europe
VH04665,Lexus,NX,2024,Sedan,CNG,CVT,2920.0,18.77,39524.0,868,1096.7,Middle East
VH01424,Land Rover,Defender,2006,SUV,Electric,AMT,0.0,9.52,60166.24,4405,3341.2,Latin America
VH00657,Mercedes-Benz,GLE,2022,Truck,,Automatic,0.0,11.74,57780.5,806,1486.71,North America
VH02103,Audi,Q7,2023,Sedan,Hybrid,CVT,2912.0,30.42,50159.3,4894,1432.04,Latin America
VH00633,Kia,Forte,2005,Truck,Petrol,,4261.0,11.39,32472.58,2794,1558.4,Africa
VH04072,Porsche,Taycan,2023,SUV,Hybrid,AMT,3030.0,15.77,43461.73,155,1589.1,South Asia
VH02494,  Mazda  ,Mazda3,2014,SUV, LPG ,DCT,1716.0,12.47,24775.43,1809,897.45,Middle East
VH02666,Audi,Q5,2017,Sedan,Hybrid,CVT,2276.0,22.54,42813.24,907,1572.57,North America
VH03334,Porsche,Taycan,2013,Convertible,Hybrid,AMT,2290.0,20.97,,2712,2128.93,Middle East
VH03793,Porsche,Cayenne,2007,Convertible,Petrol,DCT,1809.0,9.98,47197.51,567,2232.05,Middle East
VH03426,Ford,Bronco,2007,Sedan,Electric,Manual,,13.15,34867.97,3653,2031.37,Middle East
VH03211,Porsche,911,2006,Coupe,Hybrid,Manual,1842.0,27.42,54273.96,3600,2918.89,Europe
VH03723,Volvo,XC60,2007,Van,Petrol,CVT,3277.0,9.31,52065.27,3128,2697.38,North America
VH02501,,7 Series,2008,Coupe,Diesel,Manual,1255.0,20.76,48022.5,1463,2501.76,Africa
VH01466,Kia,Forte,2011,Coupe,CNG,CVT,2761.0,12.51,29758.12,2539,1941.53,South Asia
VH03193,Subaru,Impreza,2016,Van,Hybrid,AMT,2142.0,18.94,26499.72,2709,901.39,Latin America
VH00116,Subaru,Forester,2013,SUV,LPG,Automatic,4395.0,16.71,29760.69,3546,1234.52,Africa
VH01822,Hyundai,Tucson,2009,Van,Electric,DCT,0.0,8.33,31425.31,2912,1254.43,Latin America
VH01495,Jeep,Compass,2011,SUV,Hybrid,AMT,2643.0,31.99,30102.09,679,1684.05,Africa
VH02402,Jeep,Grand Cherokee,2017,SUV,Hybrid,CVT,1905.0,30.29,29403.24,4236,,Europe
VH01233,Porsche,Macan,2010,SUV,Hybrid,Automatic,4694.0,32.61,51172.36,3131,3362.83,Africa
VH02662,Mercedes-Benz,E-Class,2020,Wagon,Diesel,CVT,1557.0,18.19,38151.3,3998,1659.68,Africa
VH02818,Land Rover,Defender,2017,SUV,Electric,DCT,0.0,14.37,64363.41,4624,2252.93,Europe
VH04785,Hyundai,Tucson,2018,SUV,Electric,Automatic,,11.08,36061.71,2466,1562.07,North America
VH04648,Jeep,Cherokee,2021,SUV,LPG,AMT,4382.0,11.41,26053.83,1272,1058.5,Africa
VH01154,Hyundai,Elantra,2009,Convertible,CNG,AMT,1099.0,14.27,24970.67,3567,1484.68,Europe
VH04443,Lexus,GX,2023,Sedan,Hybrid,Automatic,2294.0,16.21,55053.46,854,1631.3,Africa
VH00058,Land Rover,Freelander,2014,SUV,Petrol,AMT,3580.0,9.75,59768.46,1594,2590.63,Europe
VH03517,,Sorento,2009,SUV,petrol,CVT,1939.0,11.37,24327.76,4120,1257.84,North America
VH04360,TOYOTA,Camry,2007,Van,petrol,AMT,3179.0,8.65,24234.81,4194,1225.94,Asia Pacific
VH04984,Toyota,Prius,2011,Convertible,Diesel,Manual,1692.0,12.66,32502.3,2222,1838.04,Asia Pacific
VH01736,Land Rover,Range Rover,2016,SUV,Petrol,Manual,4084.0,13.28,51137.6,180,2190.93,South Asia
VH02824,Mercedes-Benz,C-Class,2010,Hatchback,Petrol,,3465.0,10.14,46325.55,800,2358.1,Asia Pacific
VH02197,Ram,3500,2019,Truck,,CVT,3327.0,17.75,29526.9,2200,1108.17,Middle East
VH03679,Honda,HR-V,2016,Hatchback,CNG,CVT,1760.0,15.88,21454.34,683,873.56,Latin America
VH02476,MERCEDES-BENZ,AMG GT,2005,Truck,lpg,DCT,3803.0,17.43,47930.85,2469,2872.91,South Asia
VH02565,Lexus,GX,2018,Van,LPG,CVT,3381.0,9.67,45299.14,795,1781.5,Europe
VH03276,Hyundai,Kona,2013,Wagon,Hybrid,Manual,2840.0,34.52,27672.33,1703,1224.37,Middle East
VH03958,Kia,Soul,2015,Wagon,Electric,DCT,0.0,6.36,26613.17,1003,805.82,North America
VH02609,Porsche,Boxster,2014,Convertible,Petrol,Manual,1067.0,11.61,43036.7,4112,1364.25,Africa
VH03786,Kia,Carnival,2018,Sedan,,AMT,3479.0,21.79,25886.7,433,1153.39,North America
VH00708,Ram,2500,2019,Van,LPG,DCT,2051.0,10.65,24386.33,4293,677.82,Africa
VH04352,Nissan,Sentra,2016,Van,Petrol,DCT,2955.0,,28254.08,3906,1067.8,South Asia
VH01094,Hyundai,Sonata,2010,Van,Petrol,Manual,2148.0,,27841.59,2213,1115.45,Asia Pacific
VH04242,Ram,3500,2023,Truck,Petrol,DCT,3419.0,12.4,33173.48,3754,1222.15,Africa
VH01377,Tesla,Model S,2007,Sedan,Petrol,Automatic,1832.0,16.7,45977.18,3206,2361.95,Latin America
VH04993,,Civic,2018,SUV,Diesel,CVT,4900.0,13.88,31132.67,3678,1472.75,Middle East
VH00073,Audi,Q7,2018,Hatchback,Electric,Manual,0.0,10.33,51029.27,363,2285.55,Africa
VH01923,Chevrolet,Colorado,2012,SUV,Electric,DCT,0.0,14.44,32204.45,3140,1613.83,Latin America
VH03291,Mercedes-Benz,GLC,2016,Sedan,LPG,CVT,3381.0,9.8,38268.59,2361,1618.2,North America
VH01765,Subaru,Crosstrek,2014,Van,Hybrid,DCT,3073.0,15.35,26705.25,2321,1129.11,Latin America
VH00744,Land Rover,Evoque,2023,SUV,Hybrid,DCT,1716.0,15.51,64315.5,1604,2290.25,South Asia
VH03993,Audi,e-tron,2012,Wagon,Petrol,AMT,3233.0,12.87,51645.44,983,2166.78,South Asia
VH01006,Audi,A4,2017,SUV,CNG,Automatic,4780.0,18.55,40612.84,2479,2081.89,North America
VH02669,Subaru,Forester,2024,Wagon,LPG,DCT,,9.1,26825.14,3980,840.42,South Asia
VH01191,Hyundai,Kona,2006,Sedan,LPG,CVT,2533.0,15.53,21383.36,820,1207.82,Africa
VH03308,Honda,Civic,2008,Coupe,CNG,Automatic,2627.0,20.8,21305.75,1823,1218.18,Africa
VH02602,Volvo,XC40,2009,Sedan,Diesel,AMT,2923.0,16.25,44354.78,3354,2357.33,Asia Pacific
VH01126,Volkswagen,Jetta,2009,Convertible,Electric,Automatic,0.0,-7.04,30371.02,3775,1390.03,Europe
VH01242,Land Rover,Discovery,2022,SUV,Diesel,DCT,4703.0,14.6,59307.75,3650,2306.02,Asia Pacific
VH04757,,GLE,2011,Van,Petrol,DCT,2276.0,9.99,51666.95,716,2345.21,North America
VH04198,BMW,X3,2008,Hatchback,Hybrid,DCT,3230.0,33.45,39437.44,2358,2574.82,Africa
VH03712,Porsche,911,2021,Convertible,Hybrid,Automatic,,25.63,55973.55,1058,1997.6,Middle East
VH00999,Porsche,Macan,2022,Convertible,Electric,CVT,0.0,6.1,71480.69,3423,2187.33,Latin America
VH04481,Volkswagen,Jetta,2008,Wagon,Electric,AMT,0.0,5.51,29122.84,2679,1788.62,Latin America
VH02685,Tesla,Model 3,2009,SUV,Electric,,0.0,,61541.94,3897,3261.14,Middle East
VH01578,Kia,Soul,2021,SUV,LPG,AMT,4084.0,16.98,24687.55,567,776.89,North America
VH04869,Lexus,GX,2020,Coupe,Petrol,AMT,2981.0,12.83,52632.35,1110,1909.99,South Asia
VH01827,Tesla,Model X,2013,Sedan,Diesel,Manual,2924.0,14.85,50647.32,1494,2208.98,Africa
VH03411,Ford,Bronco,2018,Sedan,LPG,DCT,2060.0,12.92,22251.52,2259,867.43,South Asia
VH04456,BMW,3 Series,2017,SUV,Hybrid,CVT,3400.0,17.33,52420.31,3217,2230.42,Latin America
VH03661,Nissan,Murano,2009,Convertible,Electric,CVT,0.0,5.96,34666.39,727,2326.45,Africa
VH00441,Nissan,Rogue,2006,Wagon,Electric,,0.0,11.15,29518.61,3070,1941.34,Asia Pacific
VH04434,Ford,Explorer,2008,Sedan,Electric,DCT,0.0,12.01,34562.91,3800,1404.95,Latin America
VH01101,Land Rover,Defender,2022,SUV,CNG,CVT,3992.0,14.88,48792.19,2495,1626.56,Middle East
VH02638,Volkswagen,Passat,2005,Sedan,Diesel,Automatic,1286.0,19.33,27416.2,2086,1711.21,Africa
VH00976,Kia,Sportage,2021,Wagon,CNG,DCT,1044.0,17.69,21758.34,624,632.59,Asia Pacific
VH00650,Nissan,Sentra,2022,Sedan,Diesel,AMT,3453.0,19.26,21007.28,2721,598.07,Africa
VH01547,Mazda,Mazda6,2009,Coupe,Petrol,Automatic,,9.49,29746.99,2924,1990.71,Middle East
VH03876,Lexus,GX,2024,SUV,Hybrid,Manual,3696.0,18.88,56995.81,3600,1980.38,Asia Pacific
VH03686,Porsche,Boxster,2012,Coupe,,Automatic,3297.0,24.69,51890.43,3885,2346.32,Asia Pacific
VH04021,Mercedes-Benz,S-Class,2007,Coupe,Hybrid,Automatic,1853.0,25.72,39961.72,3678,,Africa
VH03304,Volvo,XC60,2007,Sedan,Diesel,DCT,1405.0,,35507.3,3370,1943.98,Asia Pacific
VH03872,Porsche,Boxster,2019,SUV,Hybrid,CVT,1979.0,23.75,55467.08,2352,1892.82,Africa
VH00631,Land Rover,Defender,2017,SUV,Electric,Manual,0.0,12.31,69641.94,1644,2621.71,North America
VH00673,Porsche,Boxster,2021,Convertible,Diesel,Manual,3284.0,18.45,44344.28,2745,1458.36,South Asia
VH01250,Jeep,Gladiator,2012,SUV,LPG,Manual,2439.0,17.39,28701.73,874,,Europe
VH00483,Tesla,Model Y,2023,SUV,CNG,Automatic,4979.0,19.7,37350.16,1383,1312.75,Middle East
VH01585,  BMW  ,3 Series,2019,Truck, Electric ,Manual,0.0,9.27,71994.98,463,2355.5,Europe
VH03188,Honda,Accord,2009,Hatchback,LPG,Automatic,2517.0,9.78,21356.86,2601,1001.94,Latin America
VH04704,Subaru,Forester,2005,SUV,Hybrid,Automatic,4122.0,19.55,30324.81,4232,2179.16,Latin America
VH03151,Toyota,Tacoma,2021,SUV,Petrol,Manual,3384.0,17.78,-28497.8,4315,1267.66,Europe
VH01463,Audi,Q7,2018,Truck,Petrol,CVT,3759.0,19.63,56309.53,1520,2573.86,Latin America
VH04066,Mercedes-Benz,C-Class,2021,Truck,Petrol,CVT,3336.0,18.4,43805.43,4247,1559.96,Latin America
VH03751,Kia,Soul,2021,Convertible,LPG,CVT,2530.0,14.88,36040.12,2659,1281.99,Europe
VH01321,Subaru,Impreza,2009,Coupe,Hybrid,AMT,1778.0,19.47,31884.26,3562,1297.02,North America
VH02579,Ford,Explorer,2022,Sedan,Hybrid,Manual,1260.0,15.53,,4877,,Africa
VH03933,Mazda,CX-30,2008,Sedan,CNG,CVT,2951.0,17.42,24454.56,1954,1330.06,Latin America
VH00050,Volkswagen,Golf,2012,Sedan,LPG,CVT,1330.0,14.97,26981.34,2443,1265.09,North America
VH04606,Porsche,Taycan,2022,Coupe,Hybrid,Automatic,2237.0,27.09,45706.6,3029,1159.51,Middle East
VH03170,Volkswagen,Jetta,2013,SUV,Diesel,Automatic,2515.0,22.98,30784.82,1168,1645.59,Asia Pacific
VH00859,Kia,Telluride,2007,SUV,Diesel,AMT,3384.0,10.47,34226.52,1838,1764.49,North America
VH01073,Land Rover,Freelander,2005,SUV,CNG,Manual,3063.0,12.06,43520.63,2445,1926.23,Europe
VH00720,Mercedes-Benz,AMG GT,2023,Truck,CNG,Automatic,3645.0,21.17,51343.58,4614,1779.48,Europe
VH03275,Lexus,RX,2024,Sedan,Electric,CVT,0.0,13.49,65458.91,4440,1825.78,Africa
VH02632,MERCEDES-BENZ,E-Class,2020,SUV,lpg,Automatic,1682.0,13.08,49236.24,-2378,1447.18,Latin America
VH04953,Kia,Telluride,2009,Convertible,Hybrid,CVT,3008.0,28.05,27868.77,3568,1573.55,Europe
VH01661,Subaru,Impreza,2008,Truck,CNG,AMT,3688.0,17.15,24732.72,4046,1082.61,South Asia
VH01657,Volkswagen,Tiguan,2006,Truck,Diesel,CVT,3356.0,18.24,30331.79,3949,1651.08,Latin America
VH02426,Kia,Forte,2006,Wagon,Electric,Automatic,0.0,10.84,30627.48,1718,1986.38,South Asia
VH03649,BMW,3 Series,2012,Convertible,CNG,CVT,1313.0,13.49,41852.31,3143,2365.86,Middle East
VH04659,Ford,Escape,2018,Sedan,CNG,DCT,1269.0,16.7,20381.64,4962,760.36,Europe
VH00431,Honda,Pilot,2022,Truck,CNG,DCT,3250.0,18.6,25292.93,983,701.39,South Asia
VH03428,Hyundai,Kona,2023,Truck,Hybrid,AMT,2839.0,29.5,30729.55,279,1140.16,Europe
VH04551,Honda,Pilot,2018,Van,,DCT,2647.0,24.32,,3120,960.14,Asia Pacific
VH03424,Porsche,911,2006,SUV,Diesel,Manual,4924.0,23.23,46173.07,3103,2447.23,Middle East
VH04830,Chevrolet,Colorado,2006,SUV,Diesel,AMT,2185.0,10.72,34264.4,3051,1851.2,Europe
VH02935,Land Rover,Range Rover,2009,SUV,Electric,CVT,0.0,13.67,70510.42,3621,4818.96,Latin America
VH04194,MERCEDES-BENZ,C-Class,2015,Wagon,lpg,AMT,2031.0,13.51,46151.19,4459,2272.6,South Asia
VH04595,LEXUS,GX,2021,Van,electric,Manual,0.0,12.36,64245.17,4485,2173.93,Middle East
VH02607,Honda,Pilot,2020,Wagon,Hybrid,Manual,2170.0,21.74,27338.3,725,941.76,Europe
VH01386,Jeep,Grand Cherokee,2018,SUV,LPG,DCT,2883.0,12.53,23599.31,2124,1038.37,South Asia
VH03968,Mazda,Mazda6,2007,Convertible,Diesel,Automatic,1556.0,22.63,26697.83,973,1308.74,Latin America
VH01400,Porsche,Cayenne,2021,SUV,Petrol,Manual,3840.0,18.06,45426.9,4829,1264.13,Asia Pacific
VH01196,Hyundai,Elantra,2012,Hatchback,Hybrid,Manual,1102.0,,25499.47,4610,1052.18,Africa
VH01409,Land Rover,Freelander,2019,SUV,LPG,AMT,3800.0,15.75,48299.92,3283,1753.97,Europe
VH03957,Subaru,Outback,2019,Convertible,Hybrid,DCT,2231.0,20.35,35006.87,1929,1638.17,Asia Pacific
VH01799,Ford,Explorer,2009,SUV,Hybrid,Automatic,1507.0,19.82,30808.29,891,1359.75,Latin America
VH01476,Tesla,Model 3,2017,SUV,Petrol,CVT,4787.0,19.63,47630.25,3789,1466.8,Latin America
VH03335,Mazda,CX-30,2013,Coupe,CNG,AMT,3172.0,17.76,22147.4,233,1005.56,Africa
VH00036,Audi,A4,2018,Hatchback,CNG,Manual,2825.0,19.69,43012.31,3635,1551.85,North America
VH03667,Mazda,Mazda6,2010,Hatchback,LPG,CVT,2646.0,12.64,21173.19,3558,901.57,Latin America
VH02346,Mercedes-Benz,S-Class,2021,Sedan,LPG,Automatic,1570.0,11.47,50090.63,235,1691.38,Africa
VH03567,Ford,Mustang,2016,SUV,CNG,DCT,2221.0,16.28,30735.79,1879,1319.52,Latin America
VH02360,Porsche,Panamera,2005,SUV,Electric,DCT,0.0,10.49,57358.64,1101,3104.87,North America
VH02207,Nissan,Altima,2023,Truck,LPG,DCT,3503.0,11.02,-30308.4,3971,1095.67,Africa
VH03319,Volkswagen,Golf,2006,Hatchback,Electric,DCT,0.0,7.83,25316.83,3412,1748.57,South Asia
VH03899,Honda,Ridgeline,2024,Convertible,Diesel,DCT,2207.0,18.47,28324.81,1740,747.94,Middle East
VH01287,Subaru,Crosstrek,2011,Sedan,Electric,CVT,0.0,7.76,30544.17,1494,1349.5,Europe
VH00350,Land Rover,Defender,2009,SUV,Electric,DCT,0.0,,71616.79,3143,2668.84,Latin America
VH02138,Land Rover,Evoque,2021,SUV,LPG,Manual,3288.0,9.77,38826.2,520,1178.22,Europe
VH02692,Ford,Mustang,2023,Truck,Petrol,AMT,4353.0,12.35,28995.62,4286,981.73,Latin America
VH03991,BMW,5 Series,2016,Wagon,Electric,DCT,0.0,9.29,44632.65,2379,2113.12,Africa
VH03791,Porsche,911,2014,Coupe,Petrol,CVT,1607.0,12.48,50527.11,2313,2175.19,South Asia
VH01682,Audi,Q5,2022,Coupe,LPG,CVT,3318.0,13.52,44874.62,1662,1373.52,Europe
VH04125,Mazda,Mazda3,2019,Convertible,Diesel,Automatic,3008.0,19.37,28239.47,586,1105.81,Africa
VH01444,Audi,Q5,2007,Hatchback,Petrol,DCT,2301.0,12.66,39921.05,2996,2462.75,Asia Pacific
VH03362,Audi,A4,2023,Wagon,Hybrid,Manual,2276.0,21.94,52306.23,908,1408.93,Africa
VH01672,Ram,2500,2017,Van,Diesel,CVT,2334.0,16.28,29785.65,3667,1289.6,South Asia
VH03322,Hyundai,Santa Fe,2005,Coupe,,CVT,0.0,9.51,33313.03,562,,North America
VH01180,Jeep,Renegade,2014,SUV,CNG,DCT,2862.0,20.04,26162.4,1291,1179.61,Africa
VH02799,Ford,F-150,2007,Truck,Petrol,Automatic,5299.0,16.8,23663.22,1065,1430.22,Asia Pacific
VH01693,Honda,Accord,2024,Truck,Electric,AMT,0.0,8.05,34184.99,1356,1215.61,Latin America
VH04010,Audi,e-tron,2023,Truck,Diesel,,2997.0,21.54,51954.35,747,1942.12,Europe
VH00373,Porsche,911,2013,Coupe,Petrol,CVT,2007.0,12.79,42939.72,4234,2169.63,South Asia
VH03739,  Tesla  ,Model S,2010,Sedan, CNG ,,3299.0,20.17,43170.29,216,2193.73,Asia Pacific
VH01917,Subaru,WRX,2010,Convertible,Diesel,CVT,1785.0,24.61,33382.49,2637,1389.62,Europe
VH01358,Subaru,Forester,2021,Hatchback,CNG,,1981.0,12.96,20760.13,2176,623.25,North America
VH01826,Kia,Telluride,2021,Truck,CNG,Manual,5489.0,16.19,29756.3,1293,1057.48,South Asia
VH00787,Honda,HR-V,2019,Sedan,Petrol,AMT,1850.0,18.25,25409.81,1961,1128.44,Middle East
VH00470,Mercedes-Benz,AMG GT,2019,Wagon,Diesel,AMT,2632.0,22.79,52014.6,1807,2096.23,Latin America
VH00141,Tesla,Model X,2010,SUV,Petrol,Manual,4736.0,17.87,52161.71,276,2874.94,Asia Pacific
VH00789,Subaru,Outback,2016,Hatchback,Hybrid,CVT,2073.0,28.63,26309.54,4050,1416.14,Middle East
VH00324,Kia,Sorento,2009,Sedan,Diesel,Automatic,1888.0,10.95,24420.95,769,1415.7,Asia Pacific
VH00051,Honda,HR-V,2024,Wagon,CNG,AMT,3312.0,12.25,24929.94,742,626.25,Europe
VH00715,Hyundai,Sonata,2012,Convertible,Electric,Manual,0.0,10.07,38185.08,3799,1477.26,Africa
VH04563,Ford,Escape,2022,SUV,Electric,Automatic,0.0,6.84,30217.35,454,1072.26,Middle East
VH02841,Hyundai,Tucson,2010,Sedan,Petrol,DCT,1426.0,16.76,21725.41,1000,1231.75,Asia Pacific
VH02447,Volkswagen,Atlas,2023,SUV,LPG,Manual,1864.0,10.46,23655.3,3434,557.77,Europe
VH04949,LAND ROVER,Defender,2021,SUV,hybrid,DCT,3913.0,29.75,46614.66,4748,1433.63,Middle East
VH04598,Hyundai,Palisade,2011,Wagon,Hybrid,Automatic,1822.0,18.86,27099.6,4238,1370.23,Latin America
VH04671,Honda,CR-V,2020,SUV,Diesel,CVT,3187.0,24.31,30016.45,4467,1030.03,North America
VH03126,Audi,A3,2016,Convertible,Electric,Automatic,0.0,10.54,67155.59,4424,,North America
VH02667,Ram,ProMaster,2005,Truck,LPG,DCT,5124.0,14.32,23268.13,3102,1479.13,Africa
VH00407,Volkswagen,Tiguan,2013,Convertible,Electric,Automatic,0.0,5.87,38536.93,1654,2547.17,Africa
VH03480,Hyundai,Santa Fe,2016,Hatchback,LPG,DCT,2876.0,9.79,24205.77,3418,1010.74,Europe
VH01005,Volvo,XC60,2024,Coupe,Electric,DCT,0.0,14.06,57792.66,96,1925.23,Latin America
VH04997,Land Rover,Range Rover,2023,SUV,Hybrid,CVT,3012.0,,61587.67,832,2190.02,Asia Pacific
VH00891,BMW,3 Series,2011,Wagon,LPG,Manual,2058.0,10.42,36933.59,2490,1915.84,Middle East
VH02412,BMW,7 Series,2020,Coupe,Diesel,AMT,2280.0,21.59,48580.36,4093,2302.82,Latin America
VH02546,Chevrolet,Colorado,2005,SUV,Petrol,Manual,2641.0,10.35,23441.68,4138,1665.82,Latin America
VH03559,Porsche,Cayenne,2021,Coupe,Petrol,Automatic,1249.0,15.98,44216.76,3730,1598.72,South Asia
VH02391,Mazda,CX-5,2010,Coupe,LPG,AMT,2280.0,13.0,28249.22,3625,1471.51,Latin America
VH04077,Jeep,Grand Cherokee,2014,SUV,Petrol,Manual,1731.0,18.06,23524.48,2325,1161.58,Europe
VH00043,,A4,2006,Hatchback,Diesel,Manual,1949.0,24.05,35543.28,1313,2527.68,Middle East
VH02831,Honda,Ridgeline,2023,SUV,Hybrid,CVT,2184.0,17.53,32603.8,4128,900.04,Latin America
VH03429,Nissan,Sentra,2023,Convertible,Petrol,Manual,2303.0,,22168.59,547,665.26,Africa
VH03023,Tesla,Model 3,2007,Sedan,Diesel,DCT,2690.0,20.93,43083.3,3255,2397.88,Europe
VH00304,BMW,M3,2006,SUV,Electric,Automatic,0.0,8.04,75508.98,1422,4172.99,Africa
VH04588,Toyota,RAV4,2016,Hatchback,Electric,DCT,0.0,5.71,34833.69,2080,1677.92,Africa
VH03878,Toyota,Tacoma,2010,Sedan,CNG,CVT,1323.0,,23255.93,1323,1383.79,Africa
VH00665,Porsche,Cayenne,2015,Coupe,CNG,CVT,1029.0,14.48,41449.69,733,1623.95,Africa
VH01178,Land Rover,Evoque,2023,SUV,Hybrid,AMT,2414.0,,52306.39,220,1521.49,South Asia
VH02677,NISSAN,Sentra,2022,Van,hybrid,Automatic,2124.0,21.98,27646.28,2291,983.58,Asia Pacific
VH01948,Jeep,Grand Cherokee,2012,SUV,LPG,DCT,3628.0,15.99,31847.9,2246,1535.52,North America
VH02502,Mazda,MX-5 Miata,2013,Van,Electric,Manual,0.0,6.23,30144.36,3415,1693.8,South Asia
VH01474,Chevrolet,Colorado,2016,Sedan,,Manual,2555.0,20.98,26135.23,3083,1026.06,Middle East
VH03608,Hyundai,Santa Fe,2023,Van,Petrol,Manual,1810.0,8.97,25564.12,1968,949.51,Europe
VH04388,Lexus,ES,2016,Convertible,Petrol,,1263.0,16.9,50589.28,558,2262.23,North America
VH02133,Porsche,911,2019,Coupe,Petrol,AMT,2591.0,15.57,41382.88,4655,1551.18,North America
VH01027,Subaru,Forester,2024,Truck,Electric,CVT,0.0,5.37,33276.78,3776,1145.98,Middle East
VH02990,Subaru,Crosstrek,2020,Wagon,CNG,Manual,1548.0,17.9,22981.04,3298,832.25,Latin America
VH00962,Kia,Telluride,2022,Truck,Diesel,AMT,3569.0,20.5,30474.46,4886,1361.03,Africa
VH02890,Audi,A4,2005,Van,Electric,Automatic,0.0,8.63,57135.23,4198,3782.68,South Asia
VH03022,TOYOTA,Corolla,2008,SUV,cng,AMT,1768.0,14.09,33214.38,2660,2256.46,Asia Pacific
VH03016,Mercedes-Benz,C-Class,2011,Van,Diesel,Automatic,2355.0,11.77,47821.5,1037,2419.71,Latin America
VH03251,Volvo,XC60,2009,Truck,Petrol,DCT,6196.0,10.93,45692.34,251,1238.42,South Asia
VH02010,Kia,Sorento,2012,SUV,Electric,AMT,0.0,11.51,34251.41,3190,1194.28,Asia Pacific
VH02150,Toyota,Corolla,2006,Van,Diesel,Manual,2825.0,20.24,37349.69,725,1917.33,Asia Pacific
VH03443,Subaru,Forester,2006,Wagon,Hybrid,AMT,3494.0,21.16,26941.41,27,1393.34,Middle East
VH02339,Tesla,Model Y,2011,SUV,LPG,Manual,4983.0,9.75,44898.59,2358,2066.16,North America
VH04025,BMW,X5,2013,Wagon,Electric,CVT,0.0,9.31,56644.73,4507,2793.41,South Asia
VH00305,Hyundai,Elantra,2023,Wagon,,Manual,2301.0,16.64,27685.53,2899,798.74,Africa
VH01441,Porsche,Cayenne,2018,Coupe,Diesel,Manual,2552.0,20.04,47695.34,2640,1679.2,Middle East
VH01497,Lexus,RX,2021,SUV,LPG,DCT,2358.0,13.59,51414.14,1604,1624.99,Europe
VH02653,Hyundai,Palisade,2019,Hatchback,LPG,Manual,1536.0,9.42,19062.85,1187,793.34,Middle East
VH02876,Volkswagen,Jetta,2006,Coupe,Diesel,DCT,2657.0,10.53,26963.43,4371,1168.69,South Asia
VH00917,Chevrolet,Equinox,2012,SUV,CNG,Automatic,2527.0,15.1,27013.59,3647,1095.52,Middle East
VH04701,Ford,Edge,2013,SUV,CNG,Automatic,4161.0,21.88,28014.39,1879,1039.0,Asia Pacific
VH04619,Volvo,XC90,2023,Van,Hybrid,AMT,1801.0,33.02,63037.01,1353,,Africa
VH02773,Volvo,XC60,2015,Truck,,CVT,5371.0,14.15,45887.04,3098,1824.92,North America
VH01625,Mazda,Mazda6,2005,Convertible,Petrol,AMT,2163.0,19.85,27712.48,39,1675.56,Africa
VH04652,Subaru,Impreza,2017,Van,Hybrid,Manual,3470.0,,35786.88,4287,1583.33,Europe
VH00822,Mercedes-Benz,GLE,2022,Sedan,LPG,AMT,2042.0,16.92,,1104,1345.45,Africa
VH03419,Honda,Civic,2020,SUV,Diesel,CVT,4613.0,13.61,31715.92,4335,,Middle East
VH01355,Kia,Carnival,2005,Sedan,Petrol,Automatic,2139.0,9.49,24246.37,4576,1423.88,Middle East
VH04572,Volvo,XC40,2016,Sedan,Electric,DCT,0.0,14.43,59732.21,3113,2725.34,Europe
VH00851,Volvo,XC90,2024,Coupe,LPG,Automatic,3316.0,15.28,39823.2,1746,1288.31,Asia Pacific
VH01001,Ram,3500,2017,Van,CNG,CVT,2910.0,18.6,24340.1,1179,998.92,South Asia
VH01444,Audi,Q5,2007,Hatchback,Petrol,DCT,2301.0,12.66,39921.05,2996,2462.75,Asia Pacific
VH00019,Nissan,Frontier,2020,Coupe,LPG,AMT,2022.0,16.33,-22473.39,2032,764.98,South Asia
VH01638,Lexus,ES,2014,Hatchback,Petrol,Automatic,1285.0,13.73,38597.15,4396,1528.06,North America
VH01668,Lexus,ES,2017,Wagon,CNG,DCT,1335.0,12.1,42003.77,4981,1517.58,Europe
VH00494,  Mazda  ,CX-9,2008,Truck, LPG ,AMT,5518.0,9.61,27146.14,1475,1626.73,Latin America
VH01348,Subaru,Forester,2015,Wagon,CNG,AMT,2138.0,13.19,22866.54,2775,904.05,Africa
VH03019,Land Rover,Freelander,2013,SUV,CNG,CVT,2036.0,17.35,,1851,1937.11,Africa
VH03858,Toyota,RAV4,2011,Van,Diesel,DCT,3285.0,20.93,28940.59,3552,1461.98,Europe
VH04653,Mercedes-Benz,E-Class,2017,Van,Petrol,DCT,2961.0,14.63,37304.42,4498,1614.43,South Asia
VH03743,Mazda,MX-5 Miata,2021,Convertible,Petrol,DCT,2066.0,10.12,24952.12,3976,966.29,North America
VH03606,Jeep,Wrangler,2018,SUV,Petrol,CVT,1520.0,15.77,28947.92,3239,895.75,North America
VH00688,Chevrolet,Equinox,2021,SUV,,Automatic,2254.0,14.7,30462.96,4012,1307.53,Europe
VH03862,,C40,2013,Convertible,Electric,Manual,0.0,10.46,56342.44,2014,2513.89,North America
VH01609,BMW,X3,2008,Van,,CVT,2904.0,15.58,45297.38,1803,1910.11,South Asia
VH04158,Hyundai,Sonata,2021,Coupe,CNG,AMT,2504.0,14.27,22192.49,3133,762.22,Latin America
VH03524,CHEVROLET,Equinox,2017,SUV,electric,AMT,0.0,6.0,32926.61,204,1116.47,Asia Pacific
VH01010,Land Rover,Defender,2015,SUV,Diesel,DCT,2241.0,11.61,53112.56,4981,2754.32,Africa
VH02409,Hyundai,Sonata,2007,SUV,Petrol,CVT,4637.0,14.23,24900.26,1553,1740.27,North America
VH01093,Lexus,LS,2023,Van,,AMT,3117.0,14.96,37455.22,3000,870.39,Middle East
VH01328,Mercedes-Benz,E-Class,2024,Truck,Hybrid,CVT,4547.0,20.45,58090.55,2646,2085.27,Middle East
VH01678,Hyundai,Sonata,2015,Hatchback,,Automatic,0.0,7.75,27365.89,1831,1199.15,Asia Pacific
VH02000,Subaru,Forester,2015,SUV,Electric,DCT,0.0,9.06,32408.64,4852,1530.91,Latin America
VH01311,Volvo,XC40,2006,Convertible,LPG,,3216.0,13.26,50240.23,2564,2872.42,South Asia
VH03166,  Tesla  ,Model X,2024,SUV, Hybrid ,Automatic,3263.0,19.4,58614.48,2480,1574.79,North America
VH04123,Porsche,Taycan,2019,Coupe,Electric,CVT,0.0,6.02,57833.05,4184,2847.28,Asia Pacific
VH01988,Hyundai,Elantra,2024,SUV,CNG,DCT,2386.0,14.07,22375.92,3954,557.55,Europe
VH03779,Jeep,Gladiator,2020,SUV,Petrol,CVT,4173.0,8.29,24071.15,1135,884.12,North America
VH00345,Ram,1500,2007,Van,LPG,CVT,1918.0,13.33,25358.14,2908,1557.68,Latin America
VH04254,Ram,2500,2013,Truck,Electric,CVT,0.0,,35937.0,1325,2280.92,North America
VH00987,Kia,Forte,2015,Truck,LPG,Automatic,3243.0,15.84,28065.33,1239,932.63,Latin America
VH03986,Jeep,Cherokee,2014,SUV,Hybrid,AMT,4417.0,17.4,33449.3,2153,1768.15,Europe
VH03939,Jeep,Cherokee,2005,SUV,CNG,Automatic,3353.0,20.48,25565.68,2177,1380.65,Middle East
VH04384,BMW,7 Series,2009,Wagon,LPG,AMT,3340.0,16.24,44664.17,4460,2098.68,South Asia
VH04807,Subaru,WRX,2017,Van,Electric,DCT,0.0,12.81,37455.94,866,1445.68,Latin America
VH04201,Lexus,IS,2013,Convertible,Hybrid,AMT,1477.0,21.93,44123.05,2046,1684.19,North America
VH04562,Hyundai,Kona,2022,Sedan,Electric,DCT,0.0,8.46,36751.6,2455,1161.15,Africa
VH01143,Volvo,S60,2024,Coupe,Diesel,CVT,2040.0,24.06,47632.59,4088,1390.8,Middle East
VH02359,Chevrolet,Tahoe,2015,Truck,Petrol,CVT,5297.0,15.0,30228.62,1780,1419.61,Latin America
VH01199,Ram,2500,2020,Truck,CNG,CVT,5165.0,20.29,29073.93,3330,934.56,North America
VH00086,,Gladiator,2007,SUV,LPG,Manual,2817.0,17.88,28204.5,4232,1695.46,Middle East
VH01519,Volkswagen,Atlas,2021,Convertible,Hybrid,Manual,1097.0,,33460.48,1743,921.61,Middle East
VH00517,Jeep,Compass,2010,SUV,Hybrid,AMT,1754.0,15.86,30051.42,3643,1800.6,South Asia
VH01382,Lexus,ES,2019,Convertible,CNG,AMT,3336.0,16.23,38453.0,1416,1594.39,North America
VH02717,Land Rover,Discovery,2022,SUV,Petrol,DCT,2958.0,15.21,57478.18,4917,1551.07,Latin America
VH04783,Land Rover,Discovery,2024,SUV,LPG,,3288.0,13.48,41654.15,1408,1116.0,Africa
VH01015,Mazda,Mazda6,2022,Hatchback,CNG,Manual,2477.0,15.0,23289.56,572,681.86,Middle East
VH00129,Audi,A6,2015,SUV,Electric,DCT,0.0,10.87,54210.45,1922,2043.77,Europe
VH01365,Tesla,Model X,2015,SUV,CNG,Automatic,3788.0,12.69,40696.0,1789,1973.18,North America
VH03753,Porsche,Macan,2021,SUV,Electric,Manual,0.0,12.26,59858.22,1949,2397.6,Middle East
VH04105,Mercedes-Benz,GLC,2018,Wagon,Hybrid,Automatic,2499.0,31.35,,1903,1811.42,South Asia
VH03241,Land Rover,Freelander,2013,SUV,Hybrid,DCT,1781.0,26.43,43053.4,2719,2121.56,Europe
VH00892,Volvo,XC90,2017,Van,CNG,DCT,,13.45,42255.21,3585,1794.43,Asia Pacific
VH02794,Mazda,MX-5 Miata,2014,Van,Diesel,DCT,2378.0,19.09,30111.7,3336,1091.12,North America
VH04793,BMW,3 Series,2014,Sedan,,DCT,3475.0,14.52,42119.9,3628,2037.35,Africa
VH01360,Volkswagen,Tiguan,2012,Truck,,Automatic,2641.0,13.34,29043.08,1185,1406.25,Latin America
VH00308,Mazda,Mazda3,2008,Convertible,Diesel,Automatic,1464.0,24.21,30352.9,485,1740.34,Asia Pacific
VH01662,FORD,F-150,2005,Truck,diesel,Manual,5268.0,18.84,33513.8,2879,1861.02,Europe
VH02432,BMW,7 Series,2005,Truck,Hybrid,Manual,5313.0,15.84,60893.16,955,3264.94,South Asia
VH04706,Porsche,Macan,2008,Coupe,LPG,CVT,2658.0,17.19,44704.52,4780,2398.3,Asia Pacific
VH01318,Mazda,Mazda6,2030,Wagon,Electric,AMT,0.0,6.28,37118.1,3035,1216.01,Middle East
VH04375,Ford,Mustang,2010,SUV,Electric,Manual,0.0,6.55,32561.96,3339,,Latin America
VH02475,Mazda,Mazda6,2021,Truck,Petrol,AMT,5340.0,10.91,31057.39,2610,1174.68,North America
VH02543,Volvo,XC90,2005,Sedan,Hybrid,AMT,3267.0,27.15,51552.49,4810,2838.57,Middle East
VH01247,Nissan,Murano,2007,Sedan,Diesel,Automatic,2136.0,14.32,22436.06,1654,1021.16,Africa
VH03780,Audi,A6,2021,Truck,Electric,AMT,0.0,5.89,59170.03,1294,1550.61,Asia Pacific
VH01209,BMW,7 Series,2021,SUV,LPG,DCT,3938.0,16.05,39177.24,1360,1400.1,Asia Pacific
VH00217,Ram,3500,2024,Van,Petrol,Manual,2153.0,11.04,29211.91,1901,904.17,North America
VH04454,Volkswagen,Atlas,2023,Truck,Hybrid,Manual,3511.0,26.63,30694.75,1947,793.19,Europe
VH04764,Chevrolet,Malibu,2009,Truck,Diesel,Manual,4566.0,16.06,35385.34,4234,2216.86,Middle East
VH01240,Honda,CR-V,2017,SUV,Hybrid,AMT,2116.0,18.85,29278.93,3095,932.76,Europe
VH02290,Audi,e-tron,2017,SUV,LPG,Manual,4230.0,15.92,44156.87,3257,2066.57,South Asia
VH02741,Toyota,Highlander,2014,SUV,Electric,AMT,0.0,6.48,33223.16,1659,1400.32,South Asia
VH00276,Land Rover,Range Rover,2011,SUV,,DCT,2253.0,18.79,44315.96,1506,2682.25,North America
VH00490,Ford,Edge,2021,Sedan,Electric,Automatic,0.0,14.7,29832.35,2485,905.89,North America
VH01036,Mazda,CX-9,2018,SUV,Diesel,DCT,4109.0,22.86,24343.93,1610,1062.91,Asia Pacific
VH01230,Volvo,XC90,2017,Van,LPG,Manual,2827.0,10.87,46601.24,4723,,Asia Pacific
VH04923,Tesla,Model X,2015,SUV,LPG,Manual,3354.0,10.48,33895.07,2986,1353.12,Middle East
VH01009,Tesla,Cybertruck,2008,SUV,Petrol,CVT,1892.0,11.46,47240.23,4990,2784.77,Europe
VH04784,Audi,e-tron,2010,Truck,Petrol,Manual,4499.0,18.55,56839.69,1005,3175.79,Europe
VH03239,BMW,X5,2021,Hatchback,LPG,Manual,1424.0,14.53,29784.98,3329,941.4,Asia Pacific
VH03300,FORD,F-150,2017,Sedan,cng,DCT,2327.0,19.42,22934.58,3822,919.65,Africa
VH02533,Kia,Sorento,2006,Sedan,Electric,CVT,0.0,7.85,29537.53,3950,1548.37,Latin America
VH04237,Porsche,Cayenne,2012,SUV,Hybrid,DCT,4378.0,16.01,60755.64,1849,2819.72,Asia Pacific
VH01059,Kia,Forte,2008,Wagon,Hybrid,Manual,1656.0,33.02,29161.81,3060,1853.59,North America
VH02167,Mazda,Mazda3,2014,Coupe,Electric,AMT,0.0,13.01,31181.36,2524,1154.72,Asia Pacific
VH04166,Tesla,Model S,2011,SUV,LPG,Manual,2586.0,,33365.85,2416,1845.45,Asia Pacific
VH03495,Volvo,V60,2021,Wagon,CNG,AMT,2445.0,14.87,43955.61,505,1467.32,Middle East
VH00282,Porsche,Boxster,2007,Coupe,Electric,AMT,0.0,12.54,68209.37,3460,4229.99,South Asia
VH03692,BMW,M3,2017,Wagon,Petrol,DCT,1785.0,17.12,52192.88,3823,2534.75,Africa
VH01317,Ford,Edge,2018,SUV,LPG,Automatic,4070.0,15.06,29096.3,1853,767.51,Middle East
VH00772,Jeep,Gladiator,2013,SUV,Petrol,Manual,4375.0,14.75,26360.98,4507,1111.52,Latin America
VH00969,Toyota,Tacoma,2023,Truck,Electric,CVT,0.0,10.2,38326.09,1164,1185.53,South Asia
VH04960,Hyundai,Palisade,2016,Convertible,Electric,Automatic,0.0,13.87,43315.17,2593,2006.11,Latin America
VH04057,Porsche,911,2007,Coupe,Petrol,CVT,2684.0,18.0,56111.92,2981,2575.54,Africa
VH04362,Nissan,Sentra,2023,Coupe,Diesel,CVT,1202.0,11.42,21243.76,1506,513.24,North America
VH04268,Land Rover,Range Rover,2013,SUV,Hybrid,DCT,2503.0,31.82,49439.62,192,1918.6,Latin America
VH00620,Volkswagen,Jetta,2020,Hatchback,Hybrid,DCT,2271.0,28.48,25182.52,3493,960.04,North America
VH03353,Volkswagen,Jetta,2007,Convertible,CNG,CVT,2142.0,15.23,31804.63,392,1866.96,Africa
VH01743,BMW,X3,2007,Hatchback,LPG,DCT,1943.0,17.8,41913.19,2204,1702.78,Africa
VH01391,Kia,Forte,2015,Sedan,Petrol,AMT,2214.0,8.53,24525.1,2367,1002.67,North America
VH04730,Land Rover,Freelander,2008,SUV,LPG,Manual,4502.0,9.27,43162.3,3576,,Middle East
VH01848,Kia,Sportage,2011,Coupe,LPG,AMT,2519.0,17.04,29222.53,4931,1474.13,South Asia
VH01580,Tesla,Cybertruck,2008,Sedan,Petrol,AMT,1954.0,11.91,43913.86,2426,1940.12,Europe
VH01656,Volkswagen,ID.4,2015,Convertible,,Automatic,1890.0,12.55,26238.09,1030,1362.19,Europe
VH02353,Kia,Sportage,2019,Hatchback,LPG,Man,1492.0,17.07,23955.96,1311,999.18,North America
VH02213,Lexus,NX,2006,SUV,CNG,Automatic,2359.0,17.19,47041.15,3064,2894.28,Latin America
VH02021,BMW,X5,2020,Van,,DCT,2999.0,11.77,56506.92,4317,1927.69,Asia Pacific
VH00227,Porsche,Macan,2014,Coupe,Electric,Manual,0.0,8.43,60688.95,454,2884.37,Africa
VH01957,Jeep,Grand Cherokee,2021,SUV,Diesel,Automatic,4435.0,21.26,29208.08,3640,1068.78,Europe
VH03709,Ford,F-150,2011,Sedan,Hybrid,CVT,1270.0,34.69,21318.1,2033,1013.3,Asia Pacific
VH01308,Mercedes-Benz,GLE,2007,Wagon,CNG,Manual,1434.0,15.66,46748.46,2369,,Middle East
VH02004,Mercedes-Benz,AMG GT,2012,Truck,CNG,AMT,5729.0,,47251.73,3053,2593.37,Latin America
VH04530,Tesla,Model S,2020,SUV,Diesel,Automatic,2116.0,13.66,50622.52,2847,2061.47,Latin America
VH00576,Ford,Mustang,2024,Sedan,Diesel,AMT,1062.0,13.94,,4365,1044.07,Latin America
VH02361,Nissan,Pathfinder,2008,Coupe,Hybrid,CVT,,18.43,32793.83,4596,1696.34,Latin America
VH04271,Land Rover,Range Rover,2006,SUV,Petrol,Automatic,2662.0,12.06,45764.82,2298,2906.28,South Asia
VH04511,Toyota,Tacoma,2024,Van,Petrol,DCT,3336.0,,30291.95,3781,792.59,Africa
VH01707,Porsche,Panamera,2024,SUV,Hybrid,AMT,1989.0,21.45,55759.41,326,1724.64,North America
VH03873,Ram,ProMaster,2014,Van,,CVT,2431.0,12.04,25712.88,828,1013.31,Europe
VH04056,Toyota,Prius,2011,Convertible,CNG,Manual,1951.0,14.08,27489.42,1560,1592.02,Europe
VH01281,Ram,ProMaster,2006,Truck,LPG,DCT,6049.0,13.83,29511.5,3794,,Europe
VH00862,Toyota,Tacoma,2010,Van,CNG,Manual,3011.0,12.4,23046.79,3428,1144.01,North America
VH04213,Lexus,ES,2012,SUV,CNG,Automatic,4824.0,14.1,42314.72,1853,2132.66,North America
VH01802,Ford,Explorer,2012,Sedan,CNG,DCT,1832.0,17.92,20010.8,4811,1141.54,Europe
VH01629,Audi,Q5,2022,Hatchback,Petrol,DCT,3326.0,8.27,37131.63,2734,1108.59,Europe
VH01994,Nissan,Sentra,2010,Truck,CNG,Automatic,4714.0,19.77,27813.53,1467,1715.66,North America
VH02640,Tesla,Model Y,2010,SUV,Diesel,AMT,4050.0,,,2148,2841.29,South Asia
VH00270,Ford,Escape,2021,SUV,LPG,CVT,3124.0,9.45,,133,542.94,Europe
VH00630,BMW,3 Series,2024,Truck,LPG,CVT,4752.0,14.36,43325.21,307,953.43,Africa
VH03082,Honda,CR-V,2012,Wagon,Petrol,Manual,2085.0,17.1,28017.38,453,1293.96,South Asia
VH02335,Tesla,Model X,2017,Sedan,Diesel,Automatic,3250.0,22.07,42123.61,4698,1692.37,Africa
VH02967,Mazda,CX-30,2017,Truck,Hybrid,Automatic,4412.0,26.09,29409.62,1927,768.03,Asia Pacific
VH00301,Porsche,Panamera,2016,SUV,Electric,DCT,0.0,6.01,66435.96,1873,3105.83,Middle East
VH00460,BMW,M3,2017,Wagon,Diesel,AMT,3457.0,10.64,44343.96,4906,1912.85,Latin America
VH01448,Jeep,Renegade,2010,SUV,,Automatic,4731.0,14.1,26937.36,2455,1137.81,Asia Pacific
VH01473,Kia,Sorento,2015,Truck,LPG,AMT,5993.0,12.94,30214.65,3590,1319.08,Africa
VH02047,Land Rover,Defender,2009,SUV,Petrol,Automatic,4860.0,18.47,41909.76,719,2550.71,Latin America
VH04297,Kia,Telluride,2024,Coupe,Petrol,AMT,1665.0,11.71,25689.72,1569,930.33,Latin America
VH03895,Toyota,Prius,2019,Van,,Manual,0.0,9.21,35739.48,4125,1464.13,Europe
VH02114,Audi,e-tron,2013,Wagon,Diesel,Automatic,,17.92,58625.18,329,2609.11,Asia Pacific
VH00028,Lexus,IS,2006,Hatchback,Diesel,CVT,2624.0,11.27,43439.84,3935,2980.89,Africa
VH03972,Ford,Explorer,2015,Sedan,Electric,AMT,0.0,7.15,28082.28,3468,1554.37,Middle East
VH04597,Volkswagen,Jetta,2024,Van,Diesel,CVT,2762.0,12.4,30017.49,3732,757.2,Latin America
VH03682,Land Rover,Defender,2013,SUV,CNG,DCT,2956.0,,56116.72,4934,2398.8,Middle East
VH00838,Jeep,Compass,2015,SUV,LPG,,4776.0,17.16,21041.14,3301,861.33,South Asia
VH03959,Honda,Civic,2020,Truck,Hybrid,AMT,3325.0,21.81,28533.42,1314,941.34,South Asia
VH04522,BMW,7 Series,2006,Truck,LPG,Automatic,4941.0,12.76,53590.22,4039,3578.6,Asia Pacific
VH02009,Ford,Escape,2014,Truck,Hybrid,CVT,3719.0,34.39,28661.17,3614,,Europe
VH04987,Chevrolet,Malibu,2007,Sedan,CNG,AMT,2533.0,16.45,28906.47,581,1519.28,Europe
VH00504,Mercedes-Benz,GLE,2012,Coupe,Electric,DCT,0.0,7.97,52463.52,2345,2532.15,Europe
VH04495,Volkswagen,Passat,2009,Hatchback,Diesel,CVT,3051.0,,27497.58,1755,1381.92,Africa
VH04376,Chevrolet,Silverado,2013,Sedan,Diesel,Manual,2357.0,10.41,28142.04,4829,1540.62,Africa
VH00381,Lexus,GX,2020,Sedan,Petrol,Automatic,2841.0,16.14,43723.19,3984,1665.76,Europe
VH01852,Volkswagen,Passat,2007,Hatchback,,CVT,1345.0,19.31,24615.83,347,1648.96,Asia Pacific
VH01526,Subaru,WRX,2008,Truck,Diesel,AMT,3676.0,17.4,30468.75,3320,1600.59,North America
VH02366,Ford,F-150,2008,Sedan,Diesel,Manual,1423.0,21.63,26801.9,3450,1574.1,Africa
VH03347,Jeep,Gladiator,2005,SUV,Diesel,,3851.0,17.05,31941.29,2665,1979.16,Middle East
VH03053,Mercedes-Benz,E-Class,2008,Convertible,CNG,CVT,1132.0,,39653.98,531,2284.05,South Asia
VH02885,Audi,Q7,2018,Truck,Electric,AMT,0.0,14.72,61757.85,3554,2446.37,Africa
VH02341,Audi,Q5,2010,Convertible,Hybrid,DCT,2095.0,17.23,52196.91,2429,,Africa
VH00375,BMW,X5,2023,Truck,Electric,CVT,0.0,13.48,77033.39,2616,2818.87,Africa
VH03379,,Atlas,2017,SUV,LPG,AMT,1571.0,16.99,23860.55,4215,1089.87,Asia Pacific
VH02382,Mercedes-Benz,E-Class,2023,Wagon,Petrol,CVT,2484.0,10.33,46139.72,1023,1426.55,South Asia
VH04656,Hyundai,Santa Fe,2007,Sedan,Electric,Manual,0.0,13.03,27717.58,531,1759.52,Middle East
VH00940,Mazda,CX-5,2020,Wagon,Diesel,AMT,1318.0,20.49,21260.69,2448,852.02,Europe
VH03985,Kia,Soul,2010,Convertible,Diesel,CVT,2702.0,13.32,28666.55,2462,1367.8,Latin America
VH04233,Mercedes-Benz,GLC,2017,Van,Diesel,DCT,2072.0,20.29,51524.69,2630,2308.11,Europe
VH02800,Ford,Explorer,2020,SUV,Diesel,Manual,1612.0,18.95,31010.61,1899,945.26,Europe
VH02148,Toyota,RAV4,2018,Coupe,LPG,CVT,3026.0,9.68,24839.8,3316,905.28,Middle East
VH03950,Mazda,CX-30,2006,Sedan,Hybrid,CVT,3427.0,29.2,28488.65,4191,1390.4,Latin America
VH04615,Volvo,V60,2007,Hatchback,Petrol,CVT,3280.0,9.86,35147.05,791,2164.28,Asia Pacific
VH04285,Chevrolet,Malibu,2010,Sedan,Hybrid,DCT,3294.0,21.3,30211.91,1475,1818.42,Europe
VH02069,BMW,3 Series,2024,Truck,Electric,CVT,0.0,6.62,,4413,1665.6,Europe
VH00530,Hyundai,Elantra,2022,Van,Hybrid,Manual,2599.0,23.52,27165.99,2742,1156.73,Africa
VH03861,Jeep,Gladiator,2020,SUV,LPG,CVT,2918.0,11.36,18353.25,1203,650.93,Latin America
VH00637,Porsche,911,2014,Coupe,Petrol,Automatic,,16.21,45864.66,4133,2013.21,Europe
VH01270,Kia,Soul,2008,Truck,LPG,AMT,3833.0,11.6,28791.91,3534,1752.73,Europe
VH00186,Mercedes-Benz,GLC,2022,Sedan,Diesel,AMT,2549.0,18.3,49203.91,3054,1716.11,Middle East
VH03951,Porsche,Taycan,2022,Convertible,CNG,DCT,1602.0,17.57,44471.43,3959,1265.4,Latin America
VH03297,Honda,HR-V,2018,Hatchback,Diesel,AMT,1231.0,12.99,22207.93,84,727.24,North America
VH03577,Ford,Escape,2008,Truck,Diesel,Automatic,4762.0,16.38,29578.9,1128,1792.58,Latin America
VH01798,Ram,2500,2021,Van,Hybrid,AMT,2327.0,29.39,30493.63,4830,1271.82,Africa
VH02980,Mercedes-Benz,AMG GT,2023,Van,Petrol,CVT,3187.0,11.72,52703.83,4885,1367.0,North America
VH01442,Mercedes-Benz,S-Class,2023,Van,Electric,Unknown,0.0,6.14,62101.64,113,2288.18,South Asia
VH03549,Mazda,Mazda6,2012,SUV,LPG,,4014.0,9.99,22176.06,287,906.27,North America
VH04954,Mazda,Mazda3,2021,SUV,CNG,DCT,4983.0,17.76,24892.05,3932,782.72,Europe
VH01536,Tesla,Model X,2020,SUV,CNG,Manual,1779.0,14.22,44780.24,2907,2040.77,North America
VH03566,Land Rover,Freelander,2005,SUV,LPG,Manual,4820.0,16.4,46090.98,4427,2478.27,Latin America
VH03189,Ford,Bronco,2010,SUV,Diesel,Manual,2623.0,23.17,26736.08,4302,1405.42,Asia Pacific
VH01274,Nissan,Rogue,2016,Convertible,Hybrid,AMT,3172.0,22.23,26319.67,1144,1166.94,Europe
VH02468,Porsche,911,2099,Coupe,CNG,AMT,2035.0,20.28,38437.31,4236,1559.76,Latin America
VH00608,Honda,Civic,2019,Hatchback,Petrol,DCT,3030.0,16.51,26407.06,2539,1233.92,Asia Pacific
VH04521,Chevrolet,Blazer,2016,Sedan,Electric,AMT,0.0,8.85,28100.29,2819,1096.57,Africa
VH01713,Volkswagen,Atlas,2022,Van,CNG,Automatic,2413.0,12.03,17944.8,582,493.96,Asia Pacific
VH02200,Porsche,911,2017,SUV,LPG,Manual,2055.0,9.52,49751.48,1434,2209.05,Asia Pacific
VH00956,Subaru,WRX,2011,Wagon,Hybrid,Manual,1382.0,25.62,32554.37,934,1865.83,Europe
VH02580,Mercedes-Benz,S-Class,2008,Coupe,CNG,Manual,3115.0,12.16,32655.35,1817,1683.37,Middle East
VH04244,Chevrolet,Blazer,2018,Truck,Diesel,CVT,3842.0,,21017.44,4334,839.18,Europe
VH04499,Chevrolet,Malibu,2013,Truck,,AMT,5383.0,24.89,37634.33,1131,1507.87,North America
VH03502,Ford,F-150,2020,Truck,LPG,AMT,3251.0,10.88,27483.29,1652,1081.79,Europe
VH03816,Toyota,Prius,2018,Truck,Petrol,DCT,3584.0,8.43,29662.79,3105,1078.57,North America
VH00404,Nissan,Altima,2007,Hatchback,LPG,Manual,1737.0,14.12,23685.07,1697,1651.69,North America
VH02072,Ford,Mustang,2017,Sedan,Hybrid,DCT,2981.0,26.94,28111.46,3830,1213.46,Asia Pacific
VH04834,Jeep,Cherokee,2015,SUV,Electric,DCT,0.0,8.33,41556.45,527,1625.51,Latin America
VH01978,Mercedes-Benz,GLC,2016,Sedan,,DCT,3372.0,11.82,52837.77,2745,2052.47,Asia Pacific
VH00159,Kia,Soul,2016,Coupe,Hybrid,Automatic,2686.0,31.29,27139.57,1336,1057.95,South Asia
VH01749,Audi,Q5,2022,Hatchback,Diesel,AMT,2587.0,21.03,51954.37,4442,1693.56,North America
VH02910,Lexus,RX,2017,Coupe,Petrol,Manual,1437.0,13.87,45623.06,3841,2467.11,Africa
VH03659,  Volvo  ,S60,2013,Truck, Electric ,CVT,0.0,13.04,61384.5,1133,3943.94,Middle East
VH00903,Mazda,CX-30,2014,Truck,LPG,Automatic,3699.0,11.0,24313.35,3607,920.75,Latin America
VH00353,Lexus,ES,2005,Truck,CNG,AMT,4234.0,16.07,50987.76,2472,3421.92,Europe
VH01231,Mazda,Mazda3,2023,Convertible,Hybrid,Automatic,1523.0,24.02,34464.35,3295,1053.13,Latin America
VH04747,Volvo,V60,2021,Sedan,Diesel,DCT,2469.0,18.76,,4076,1657.17,Asia Pacific
VH02141,Audi,A4,2012,Truck,Electric,Automatic,0.0,7.36,53700.4,1056,3416.68,Europe
VH00445,Ram,2500,2009,Truck,Petrol,Manual,4694.0,16.81,24092.16,4713,1569.2,Middle East
VH03736,Toyota,Prius,2006,Sedan,LPG,Automatic,1691.0,13.6,23978.34,1224,1612.22,North America
VH00755,BMW,M3,2011,Sedan,Petrol,Automatic,1748.0,14.73,-54415.56,1782,,South Asia
VH01738,Porsche,Macan,2018,SUV,,AMT,3539.0,14.5,51824.4,26,1836.35,Asia Pacific
VH02972,Lexus,LS,2011,Convertible,LPG,AMT,1782.0,17.93,45976.5,-3661,2477.88,North America
VH03887,Honda,Pilot,2023,Van,Diesel,DCT,2607.0,12.24,32170.7,3127,1013.74,Europe
VH02921,Porsche,Boxster,2024,Convertible,Electric,CVT,0.0,7.32,57857.82,4350,1550.98,North America
VH00312,Mercedes-Benz,S-Class,2019,Van,Petrol,CVT,2687.0,8.54,50438.09,4515,1524.9,Europe
VH00549,Kia,Sorento,2024,Wagon,CNG,DCT,1476.0,16.37,24094.2,3322,510.22,Middle East
VH00662,Volvo,C40,2021,Convertible,Elec,AMT,2659.0,16.27,58595.98,1419,2249.71,Africa
VH04840,  Honda  ,CR-V,2017,SUV, Hybrid ,DCT,1756.0,32.29,31518.0,1831,1216.11,Asia Pacific
VH01990,Volvo,XC40,2021,SUV,LPG,DCT,2921.0,12.63,49362.89,3820,1037.36,South Asia
VH00307,Jeep,Wrangler,2024,SUV,CNG,CVT,3327.0,14.14,25736.86,2872,554.6,Europe
VH02336,  Kia  ,Telluride,2008,Wagon, Electric ,Manual,0.0,,35040.55,648,1751.34,Latin America
VH00695,Volkswagen,Passat,2015,Sedan,Hybrid,Automatic,1976.0,33.32,20752.4,4375,736.8,Latin America
VH02357,Mercedes-Benz,C-Class,2011,Van,Diesel,AMT,2385.0,20.44,51879.46,2997,3338.2,Africa
VH01928,Lexus,RX,2012,Truck,Hybrid,AMT,5724.0,24.13,65995.02,1592,2815.89,South Asia
VH00685,Mazda,CX-9,2019,Wagon,LPG,CVT,1439.0,14.78,21978.78,2305,1108.51,North America
VH00750,Lexus,IS,2010,Convertible,Hybrid,Manual,1199.0,22.33,49608.39,1214,2401.97,Asia Pacific
VH03614,Volkswagen,ID.4,2010,Coupe,Electric,Automatic,0.0,5.29,31800.91,913,1835.22,Africa
VH03365,  Toyota  ,Highlander,2010,Wagon, Hybrid ,AMT,3383.0,23.64,30622.63,3959,1681.99,Asia Pacific
VH01267,Ram,2500,2019,Van,Electric,Manual,0.0,10.63,33486.26,623,1331.52,Asia Pacific
VH03404,Audi,A4,2023,Hatchback,LPG,AMT,2500.0,17.8,42811.7,2081,,South Asia
VH03654,Toyota,RAV4,2008,Wagon,,DCT,1606.0,16.09,30283.55,1120,1936.25,Africa
VH04826,Mazda,CX-30,2018,SUV,LPG,Manual,3252.0,15.88,21697.12,4213,1091.79,Latin America
VH02135,Mazda,Mazda3,2008,Hatchback,LPG,CVT,2478.0,12.93,20916.82,89,973.64,South Asia
VH03084,Ram,3500,2017,Van,Hybrid,CVT,2817.0,27.6,37296.0,4248,1509.85,Middle East
VH03062,,Q7,2011,Hatchback,Petrol,Manual,2847.0,12.88,38984.43,294,1993.44,South Asia
VH03026,Porsche,Taycan,2023,SUV,Hybrid,Manual,2018.0,22.88,49299.36,646,1586.69,Europe
VH00971,Jeep,Cherokee,2020,SUV,Petrol,AMT,2889.0,17.89,29290.3,207,865.84,Asia Pacific
VH00014,Hyundai,Kona,2005,Hatchback,Diesel,DCT,1349.0,11.72,21170.37,3273,925.84,South Asia
VH00874,Nissan,Murano,2015,Van,Electric,CVT,0.0,11.63,31943.67,713,1452.31,South Asia
VH00809,BMW,3 Series,2024,Van,Diesel,Automatic,2205.0,14.3,49254.74,2192,1480.43,Latin America
VH03199,Kia,Sorento,2014,Coupe,Electric,Manual,0.0,5.77,29410.99,1013,1598.43,South Asia
VH00515,Kia,Carnival,2006,SUV,Hybrid,DCT,3989.0,19.0,29142.95,3822,1967.47,Europe
VH04547,Ram,1500,2018,Truck,CNG,Manual,5062.0,12.58,27970.62,3411,1399.57,South Asia
VH00410,Mazda,CX-9,2023,Truck,LPG,CVT,6048.0,14.42,31429.47,2644,1110.2,North America
VH03530,Ram,1500,2016,Van,Hybrid,AMT,2923.0,27.19,26182.12,3790,1203.96,North America
VH04934,Land Rover,Defender,2018,SUV,Petrol,DCT,3991.0,19.29,,3345,2310.14,North America
VH00208,,911,2008,Convertible,Diesel,Automatic,1937.0,21.03,55961.05,2922,2325.81,Asia Pacific
VH03525,Volvo,S60,2014,Van,Electric,Manual,0.0,13.61,56368.96,664,2546.23,Europe
VH00459,Volkswagen,Tiguan,2009,Coupe,Petrol,,2909.0,11.42,27207.09,2509,1314.64,Europe
VH03596,Honda,HR-V,2020,Van,LPG,CVT,2123.0,11.44,27202.85,4092,936.29,Africa
VH02431,Volkswagen,Tiguan,2010,Hatchback,Hybrid,CVT,2543.0,25.53,28540.05,3454,1569.65,North America
VH03788,Jeep,Wrangler,2020,SUV,Petrol,Automatic,4081.0,19.22,30964.42,4985,1143.11,Middle East
VH00111,Volvo,XC90,2020,Van,CNG,AMT,2134.0,18.26,58879.87,2158,2190.6,Latin America
VH04185,Audi,A4,2012,Sedan,LPG,Automatic,3404.0,9.21,41893.96,4384,1855.28,North America
VH01108,Ford,Escape,2020,Sedan,Petrol,Seq,2654.0,11.01,24880.71,3938,919.19,South Asia
VH01884,Kia,Forte,2006,Hatchback,Petrol,AMT,2665.0,17.08,19008.67,2737,915.56,South Asia
VH01714,Ford,F-150,2016,Sedan,Electric,DCT,0.0,8.73,30024.9,2864,1325.07,South Asia
VH04096,Mazda,Mazda6,2007,Van,Hybrid,Automatic,2417.0,22.6,27113.6,4707,1866.61,Europe
VH03521,Subaru,Impreza,2021,Van,Petrol,Automatic,2315.0,17.93,26102.31,4891,1056.13,Africa
VH00553,Honda,Pilot,2020,Coupe,Electric,Automatic,,10.38,29402.86,3124,796.92,South Asia
VH01440,Mercedes-Benz,C-Class,2006,Van,Diesel,CVT,2564.0,13.04,49686.0,3072,2414.26,Asia Pacific
VH02271,Tesla,Model S,2013,Sedan,LPG,Manual,1327.0,13.05,38974.91,2714,2202.41,Europe
VH03145,BMW,X3,2023,Coupe,CNG,AMT,1944.0,14.92,51344.45,1292,1435.46,Latin America
VH02822,Volkswagen,Atlas,2019,Coupe,Electric,Automatic,0.0,11.29,39626.37,4569,1014.97,South Asia
VH01002,Toyota,Prius,2011,Van,LPG,Manual,2942.0,9.4,22213.33,2921,1238.75,North America
VH01926,Mercedes-Benz,GLE,2011,Sedan,CNG,Automatic,1004.0,20.48,32695.45,2412,1972.06,Africa
VH00635,Mercedes-Benz,C-Class,2006,Sedan,Petrol,Manual,3435.0,16.87,49801.29,4904,2607.89,Europe
VH04884,Chevrolet,Silverado,2013,Sedan,Hybrid,DCT,2825.0,31.08,22812.33,3879,,South Asia
VH00317,Hyundai,Palisade,2015,SUV,CNG,CVT,4405.0,21.76,27394.22,1810,1187.31,North America
VH04542,Chevrolet,Malibu,2008,Truck,CNG,CVT,2652.0,13.14,26337.02,3938,1573.56,South Asia
VH04777,TESLA,Model S,2024,Sedan,diesel,Manual,3038.0,23.18,43693.75,4548,1250.18,Latin America
VH01329,  Tesla  ,Model 3,2017,SUV, CNG ,CVT,4292.0,19.77,38349.21,1213,1432.51,South Asia
VH00428,Porsche,Taycan,2016,Coupe,Diesel,CVT,1055.0,12.33,41295.69,4244,1904.99,Africa
VH04120,Lexus,NX,2011,Coupe,Petrol,DCT,1768.0,17.65,38555.88,371,1991.21,South Asia
VH00106,Porsche,Boxster,2024,Coupe,CNG,DCT,1335.0,14.78,50684.67,3074,1596.51,South Asia
VH03042,Land Rover,Freelander,2006,SUV,Electric,Automatic,0.0,14.27,56003.67,2005,2471.3,Middle East
VH00143,Volvo,XC60,2019,Coupe,Petrol,,1020.0,16.87,51297.36,4328,1993.38,Middle East
VH02170,Jeep,Renegade,2010,SUV,Electric,CVT,0.0,5.76,29101.56,1335,1602.3,North America
VH04343,  Ram  ,1500,2013,Truck, Petrol ,Manual,2717.0,19.36,29586.75,1945,1497.43,Europe
VH00090,Tesla,Model S,2019,Sedan,Electric,AMT,0.0,,40656.8,3907,1537.06,Latin America
VH02919,Chevrolet,Tahoe,2020,Truck,Petrol,Automatic,6043.0,14.93,31182.87,2128,1107.95,South Asia
VH03238,Ford,Mustang,2018,Truck,Petrol,Manual,5931.0,-10.57,27242.26,3539,1063.11,South Asia
VH02242,Nissan,Sentra,2017,Truck,CNG,DCT,3756.0,15.35,28992.73,2456,631.21,South Asia
VH03175,BMW,X5,2010,Sedan,Hybrid,CVT,1740.0,16.02,51309.5,4549,2775.47,South Asia
VH04178,Audi,e-tron,2019,Hatchback,Electric,Manual,0.0,,52169.53,939,1856.2,South Asia
VH02164,Volvo,XC60,2016,SUV,LPG,CVT,,11.66,41467.59,3053,1656.52,Europe
VH02637,Honda,Ridgeline,2023,Van,LPG,Automatic,2068.0,,24771.62,764,1104.11,Africa
VH01950,Mazda,Mazda3,2020,SUV,Petrol,Automatic,3270.0,11.92,27111.74,3360,878.05,Europe
VH01769,Tesla,Model X,2007,Sedan,LPG,DCT,1823.0,15.38,45958.14,3281,2317.92,South Asia
VH04550,Mazda,CX-5,2006,Van,Petrol,DCT,2703.0,19.13,24278.25,1498,1642.65,Africa
VH02273,Lexus,GX,2008,Convertible,Petrol,AMT,1728.0,19.4,62262.86,56,3298.53,Latin America
VH00002,BMW,M3,2018,SUV,CNG,DCT,3342.0,19.61,45240.44,4879,1759.93,North America
VH03401,Ram,Dakota,2007,Truck,CNG,AMT,3555.0,18.71,27105.0,2004,1235.76,Middle East
VH03671,VOLVO,XC90,2012,SUV,cng,DCT,4401.0,18.5,48305.96,4457,2542.75,Europe
VH01952,,Camry,2009,Convertible,LPG,Automatic,1282.0,11.49,25276.51,2488,1726.85,Europe
VH00936,Volkswagen,Atlas,2012,SUV,Electric,CVT,0.0,7.49,33469.17,4946,1567.89,Middle East
VH04368,  Land Rover  ,Evoque,2011,SUV, CNG ,AMT,1999.0,18.66,46258.29,3409,2201.26,North America
VH02721,Jeep,Cherokee,2006,SUV,Petrol,Manual,3652.0,16.59,30127.37,1957,1993.92,Asia Pacific
VH03611,Mazda,CX-5,2018,Sedan,Diesel,CVT,,22.62,27698.29,4508,1164.85,Asia Pacific
VH01110,Lexus,NX,2012,Hatchback,CNG,Automatic,3145.0,12.53,35370.92,3146,1548.61,North America
VH03715,Mazda,MX-5 Miata,2015,Van,Diesel,DCT,2776.0,,24639.66,272,1123.59,Middle East
VH00592,Porsche,Cayenne,2009,Coupe,Electric,Manual,0.0,9.97,60358.91,2718,3350.07,North America
VH01696,Audi,A3,2010,Wagon,LPG,CVT,2546.0,17.04,38968.8,4272,,North America
VH04145,Volvo,V60,2010,Convertible,Diesel,CVT,2388.0,,57303.84,3519,2070.68,North America
VH02937,Mercedes-Benz,S-Class,2020,Convertible,CNG,Manual,2562.0,16.86,54274.85,2237,1975.87,Africa
VH04273,Ram,2500,2010,Van,Petrol,Manual,,17.15,26855.98,4307,1207.74,Africa
VH03533,Toyota,Corolla,2010,Coupe,Petrol,,2272.0,16.49,25017.9,318,1150.92,North America
VH01577,Chevrolet,Blazer,2009,Truck,Diesel,Automatic,4186.0,12.49,30148.15,620,1275.33,Middle East
VH04092,Jeep,Grand Cherokee,2017,SUV,Hybrid,Manual,2428.0,29.33,30350.21,2245,1105.43,Africa
VH00214,Subaru,WRX,2023,Coupe,CNG,DCT,1007.0,17.18,30569.91,3887,938.44,Africa
VH00779,Lexus,LS,2014,SUV,Hybrid,Manual,2720.0,20.76,54296.95,34,2259.88,South Asia
VH01416,Volkswagen,Golf,2013,Hatchback,Electric,DCT,0.0,8.49,22519.57,4244,991.49,South Asia
VH03890,Ford,Explorer,2017,Sedan,CNG,DCT,2372.0,17.35,24020.48,4527,1287.88,North America
VH02044,AUDI,A4,2009,Truck,hybrid,DCT,3658.0,22.63,51032.1,4056,3527.14,Asia Pacific
VH02849,  Mercedes-Benz  ,AMG GT,2017,Van, Hybrid ,Automatic,3372.0,33.68,55767.19,2876,2296.43,Africa
VH04674,Volvo,V60,2010,Convertible,LPG,DCT,3475.0,15.14,47208.48,4123,2180.63,Asia Pacific
VH03961,Mazda,CX-5,2021,Wagon,CNG,DCT,2774.0,15.18,25817.78,910,869.68,Asia Pacific
VH03945,Kia,Sportage,2015,Hatchback,CNG,,1811.0,13.13,17687.19,888,782.84,Africa
VH01568,Subaru,Impreza,2006,Coupe,Hybrid,Automatic,1179.0,33.14,28428.85,1289,1376.03,Africa
VH00166,Tesla,Model X,2013,SUV,Electric,CVT,0.0,5.01,60310.63,4314,2292.96,Latin America
VH04792,  Land Rover  ,Freelander,2014,SUV, Diesel ,AMT,3744.0,24.82,54353.63,4951,2275.11,Europe
VH03711,Toyota,Highlander,2011,Convertible,Petrol,DCT,,10.75,22660.92,1189,880.16,Middle East
VH01014,Lexus,RX,2007,SUV,LPG,Manual,2624.0,14.3,47387.19,4296,1960.28,Middle East
VH01344,Lexus,ES,2010,Convertible,,DCT,3068.0,21.73,61841.09,3394,3423.42,Asia Pacific
VH02014,Jeep,Renegade,2021,SUV,Hybrid,CVT,1955.0,16.56,31828.28,1491,1119.76,Middle East
VH00274,Mercedes-Benz,AMG GT,2005,SUV,Diesel,DCT,2242.0,23.42,54253.77,3891,3106.72,South Asia
VH00072,Hyundai,Santa Fe,2020,Van,Petrol,Manual,2358.0,14.43,31743.39,2447,,Latin America
VH04024,,Pilot,2013,Van,Electric,AMT,0.0,10.07,34593.42,3045,,South Asia
VH01088,Lexus,RX,2008,Truck,CNG,AMT,4123.0,14.75,55825.88,2125,2869.2,Europe
VH00395,Volvo,S60,2007,Convertible,LPG,CVT,1352.0,17.75,47584.06,3391,2431.59,Middle East
VH00584,BMW,7 Series,2019,Van,Electric,DCT,0.0,5.89,63417.34,4567,2603.33,Asia Pacific
VH01368,Kia,Telluride,2018,Hatchback,Petrol,DCT,1165.0,9.4,31162.03,664,1342.08,Latin America
VH04467,Honda,CR-V,2013,Sedan,Petrol,CVT,2392.0,15.58,26819.63,3089,1198.34,Middle East
VH04719,Honda,Ridgeline,2017,SUV,CNG,AMT,3300.0,20.58,24717.74,1790,872.16,North America
VH02549,Honda,CR-V,2019,SUV,Diesel,DCT,2051.0,17.78,,1646,1418.58,North America
VH01014,Lexus,RX,2007,SUV,LPG,Manual,2624.0,14.3,47387.19,4296,1960.28,Middle East
VH04977,Ram,1500,2006,Truck,CNG,DCT,2740.0,18.22,28117.37,4527,1406.34,Latin America
VH03004,Audi,A6,2010,Wagon,CNG,AMT,2078.0,14.48,40513.79,4856,1741.01,Europe
VH04867,Chevrolet,Blazer,2009,Sedan,LPG,Manual,2762.0,10.59,21899.57,4260,1084.61,Europe
VH01702,Volvo,V60,2020,Wagon,LPG,Automatic,3409.0,10.31,50612.06,1887,1417.18,South Asia
VH03657,NISSAN,Frontier,2012,Wagon,electric,Manual,0.0,13.99,26606.04,3801,1053.1,South Asia
VH01764,Mercedes-Benz,E-Class,2020,Sedan,Petrol,AMT,2532.0,8.47,45143.82,4486,2410.87,Latin America
VH01876,  Mercedes-Benz  ,GLC,2021,Wagon, CNG ,AMT,1429.0,21.01,51896.58,2144,1980.14,Latin America
VH01260,Honda,HR-V,2014,Truck,Diesel,Automatic,4712.0,16.44,32489.27,3024,1245.86,South Asia
VH03345,Audi,e-tron,2009,Convertible,LPG,,1384.0,16.36,39860.39,1243,1527.66,Middle East
VH04605,Porsche,Taycan,2005,Coupe,CNG,AMT,1089.0,20.85,43472.95,1856,3075.35,North America
VH02254,Mazda,CX-9,2005,Wagon,Petrol,Manual,1901.0,11.99,20314.04,3294,1209.35,Europe
VH02782,Mercedes-Benz,GLC,2015,Convertible,Diesel,Manual,1462.0,11.08,52983.32,273,2782.46,Asia Pacific
VH03721,Land Rover,Discovery,2009,SUV,,Automatic,2867.0,11.95,55563.68,1865,3174.48,Europe
VH00527,Ram,ProMaster,2018,Van,Petrol,CVT,1917.0,10.04,29845.66,2585,1089.5,North America
VH03543,BMW,M3,2019,Convertible,Hybrid,Automatic,1640.0,34.76,68566.6,2145,2188.23,Europe
VH02947,Toyota,RAV4,2017,SUV,Diesel,Manual,1937.0,11.86,29820.85,2813,1349.89,Africa
VH00378,Mazda,MX-5 Miata,2013,Wagon,CNG,CVT,1468.0,19.45,25687.36,2638,761.93,Africa
VH01560,Tesla,Model S,2013,SUV,Petrol,,4009.0,,47326.37,4847,1619.0,Latin America
VH04614,Land Rover,Discovery,2013,SUV,CNG,CVT,1965.0,16.76,48109.37,3608,2618.91,Africa
VH01964,Kia,Forte,2021,SUV,Electric,DCT,0.0,13.29,34772.08,3946,1527.74,Latin America
VH04811,Porsche,Taycan,2020,Convertible,Electric,AMT,0.0,13.16,49801.53,388,,Africa
VH00349,Subaru,Legacy,2005,Convertible,Hybrid,AMT,2097.0,21.06,23417.36,4504,1413.13,Europe
VH02435,Subaru,Outback,2009,Truck,Hybrid,DCT,2540.0,33.12,29059.38,1073,,Asia Pacific
VH02247,Honda,CR-V,2011,Van,LPG,AMT,1932.0,9.4,25210.21,2546,1126.33,South Asia
VH04234,Lexus,RX,2006,Coupe,LPG,CVT,1911.0,10.03,45956.89,3953,2505.7,Latin America
VH01710,Land Rover,Evoque,2015,SUV,Hybrid,Manual,2619.0,29.84,61499.11,3389,2376.18,Latin America
VH01051,Chevrolet,Colorado,2024,SUV,CNG,Manual,1622.0,14.81,27696.29,3391,447.89,Latin America
VH00591,Volvo,C40,2019,Truck,Hybrid,Automatic,4573.0,21.85,60131.2,3347,2471.37,North America
VH00520,Subaru,Forester,2017,Sedan,CNG,DCT,3245.0,21.95,-21513.38,1961,845.81,Africa
VH03381,  Porsche  ,911,2019,Coupe, Diesel ,DCT,1225.0,15.5,55739.45,4881,2156.29,Asia Pacific
VH04568,Tesla,Model S,2099,Sedan,Electric,CVT,0.0,12.81,52162.96,4424,2355.58,South Asia
VH04191,Land Rover,Evoque,2008,SUV,Hybrid,Manual,3934.0,33.9,56571.15,2396,2794.43,Middle East
VH02478,Lexus,IS,2023,Wagon,Petrol,Automatic,2091.0,14.63,53782.68,2279,1280.0,Asia Pacific
VH01084,Volvo,V60,2010,Sedan,CNG,,1938.0,16.11,40961.75,3521,1836.25,Middle East
VH03717,Volvo,XC40,2006,SUV,Hybrid,AMT,2266.0,15.8,52655.37,2288,3653.18,Latin America
VH04857,Porsche,911,2022,SUV,LPG,Manual,3615.0,10.58,48348.48,3459,1862.52,Middle East
VH04708,Volvo,XC60,2017,Truck,Petrol,AMT,5238.0,10.78,53445.74,4893,1789.55,North America
VH01295,Hyundai,Elantra,2023,SUV,Petrol,Manual,2754.0,15.4,32513.98,4165,1168.29,Asia Pacific
VH01810,,X3,2017,SUV,Petrol,,4145.0,19.27,48341.4,183,1792.55,Asia Pacific
VH00792,Audi,Q5,2015,Coupe,CNG,,2302.0,20.68,55564.95,2979,2440.27,Asia Pacific
VH00793,BMW,3 Series,2012,Truck,Hybrid,Manual,6167.0,17.17,54678.15,2162,2458.68,Africa
VH04182,,Model Y,2019,SUV,Diesel,AMT,1846.0,18.08,48982.42,3768,1839.41,Africa
VH01856,Volkswagen,Golf,2021,Coupe,LPG,Manual,1873.0,13.39,24990.58,1607,749.84,Latin America
VH04836,Lexus,GX,2021,Convertible,Electric,CVT,0.0,9.01,66063.16,2844,2313.4,South Asia
VH01981,Mercedes-Benz,C-Class,2019,Hatchback,Petrol,Automatic,2259.0,19.4,35146.38,894,1469.69,Middle East
VH03234,Land Rover,Discovery,2019,SUV,Petrol,Manual,3221.0,19.07,43870.82,1044,1563.42,Asia Pacific
VH04045,Volvo,XC60,2005,Hatchback,Petrol/Gas,CVT,0.0,5.8,56345.84,929,,Asia Pacific
VH04699,Hyundai,Kona,2015,Convertible,Petrol,CVT,1189.0,15.42,23971.61,3657,919.35,Asia Pacific
VH03329,Nissan,Frontier,2006,Convertible,CNG,Automatic,1419.0,,21932.47,4668,1309.95,North America
VH01531,BMW,3 Series,2014,SUV,cng,Automatic,1616.0,17.74,44750.45,3678,2337.47,Middle East
VH01411,Ram,3500,2021,Van,CNG,Automatic,3126.0,21.69,18699.32,2524,631.92,Middle East
VH04366,Porsche,Macan,2022,Coupe,Hybrid,CVT,1661.0,19.91,60399.89,2506,2154.8,Africa
VH04725,Hyundai,Santa Fe,2013,Sedan,Electric,Manual,0.0,7.93,35916.8,1530,2025.65,Middle East
VH00084,Kia,Soul,2024,Coupe,,DCT,1369.0,17.43,21311.52,3688,781.42,Asia Pacific
VH00869,Subaru,Forester,2016,Sedan,LPG,Manual,1413.0,13.2,18081.74,3101,651.75,Middle East
VH02351,Nissan,Altima,2018,Sedan,Petrol,AMT,1637.0,10.83,,61,946.19,North America
VH00021,Tesla,Model 3,2008,Sedan,Petrol,Manual,,16.36,48593.08,762,2585.26,Latin America
VH03546,Jeep,Compass,2013,SUV,Diesel,,4218.0,17.21,30002.25,3473,1545.39,South Asia
VH02796,Mercedes-Benz,AMG GT,2019,Van,CNG,Manual,2697.0,20.76,46155.01,1552,1707.2,Europe
VH03454,Toyota,Corolla,2010,Sedan,Petrol,Automatic,2393.0,18.73,19121.82,3564,683.13,Europe
VH04687,,Mazda3,2018,Sedan,petrol,DCT,2909.0,13.58,26298.13,3606,998.9,South Asia
VH01563,Hyundai,Santa Fe,2015,Truck,Hybrid,DCT,4711.0,26.35,33083.91,4456,1767.3,Europe
VH03094,Mazda,CX-9,2015,Truck,Hybrid,DCT,5101.0,26.22,37644.08,1247,1628.74,North America
VH03156,Tesla,Cybertruck,2010,SUV,Hybrid,CVT,3594.0,34.2,54960.03,1173,2277.8,Latin America
VH00974,Nissan,Murano,2011,Coupe,Electric,AMT,0.0,9.74,37652.97,339,2031.45,Africa
VH01711,Porsche,Cayenne,2007,SUV,LPG,Automatic,2696.0,17.53,43691.88,277,2615.82,Europe
VH03202,Chevrolet,Tahoe,2023,SUV,Electric,Manual,0.0,11.88,37124.5,3585,1146.93,South Asia
VH04205,Porsche,Cayenne,2005,SUV,Electric,Manual,0.0,9.27,57949.78,1502,3759.15,Middle East
VH04898,Land Rover,Defender,2019,SUV,Petrol,DCT,4152.0,9.53,38283.97,123,1373.93,Middle East
VH01099,Toyota,Tacoma,2012,Wagon,,Manual,3479.0,16.63,26013.44,1403,1382.56,Middle East
VH04229,Honda,Civic,2007,Wagon,Electric,Manual,0.0,9.0,31679.15,3508,1994.95,Asia Pacific
VH02845,Subaru,WRX,2010,Wagon,Electric,DCT,0.0,8.08,34169.62,3035,2052.29,Asia Pacific
VH00887,  Land Rover  ,Freelander,2009,SUV, Diesel ,DCT,4534.0,14.43,54437.44,4379,2337.24,South Asia
VH03320,Land Rover,Defender,2017,SUV,Hybrid,Manual,4458.0,15.11,50227.85,2587,2075.36,Latin America
VH03809,Ram,2500,2012,Truck,CNG,,5174.0,16.14,24155.65,3498,1063.15,Asia Pacific
VH04655,,GLE,2024,Coupe,CNG,DCT,1300.0,21.84,50450.74,73,1949.74,Africa
VH03693,Hyundai,Kona,2024,Hatchback,Diesel,AMT,3499.0,15.67,22352.68,1380,488.77,Africa
VH04473,Audi,Q5,2014,Sedan,Diesel,CVT,2805.0,24.29,42374.26,1843,2089.73,Middle East
VH00516,Kia,Sorento,2008,Coupe,LPG,Manual,2770.0,14.49,27173.83,3033,1330.81,Latin America
VH04697,Ford,Edge,2006,Truck,Hybrid,Automatic,4706.0,16.79,35890.52,4508,2461.27,Latin America
VH00738,BMW,M3,2017,Van,CNG,CVT,2929.0,12.34,46613.6,513,1732.57,South Asia
VH01454,Nissan,Murano,2014,Wagon,Diesel,CVT,1617.0,15.22,26575.9,493,1030.88,Middle East
VH02007,Volkswagen,Jetta,2010,SUV,Diesel,AMT,4177.0,21.79,25866.58,4720,1613.98,Latin America
VH04778,Land Rover,Evoque,2011,SUV,LPG,Manual,4474.0,15.49,54147.98,4390,2619.57,Europe
VH02507,BMW,X5,2016,Van,Hybrid,DCT,1860.0,29.56,49644.78,4419,2201.3,Europe
VH02995,Chevrolet,Tahoe,2021,Sedan,Electric,CVT,0.0,11.15,24782.22,1348,822.16,Africa
VH02127,Mazda,MX-5 Miata,2023,Van,CNG,CVT,2420.0,21.75,26651.16,4445,1017.86,North America
VH02927,Chevrolet,Equinox,2012,Truck,LPG,DCT,6109.0,13.21,32993.95,4382,1996.43,Africa
VH04824,Lexus,LS,2020,Wagon,Petrol,CVT,1352.0,18.63,44969.77,1427,1978.91,Latin America
VH00907,Ford,F-150,2011,SUV,Diesel,CVT,3363.0,22.32,22048.9,1895,1082.34,North America
VH04838,CHEVROLET,Silverado,2013,Truck,petrol,DCT,4822.0,9.03,34044.14,697,2008.24,Middle East
VH01031,BMW,7 Series,2019,Coupe,Petrol,AMT,-500.0,16.06,,357,1935.27,South Asia
VH02508,Toyota,Tacoma,2011,Hatchback,Diesel,AMT,2771.0,22.07,26817.82,4472,1302.23,Middle East
VH02429,Volkswagen,ID.4,2005,Van,Electric,CVT,0.0,7.65,39673.75,3634,1913.92,Europe
VH00948,Volvo,XC40,2006,Coupe,Electric,Automatic,0.0,5.71,51975.11,3395,3121.1,South Asia
VH03938,Chevrolet,Silverado,2018,Truck,CNG,CVT,2955.0,17.88,25914.84,889,1357.96,Asia Pacific
VH00763,Nissan,Altima,2013,Sedan,LPG,Automatic,3197.0,15.29,25658.19,692,1164.16,North America
VH00716,Chevrolet,Blazer,2010,Sedan,Petrol,CVT,3065.0,8.69,28646.45,869,1815.1,North America
VH00285,Nissan,Frontier,2024,Wagon,Hybrid,AMT,2327.0,34.42,28341.18,2469,891.94,Middle East
VH00687,  Hyundai  ,Sonata,2017,Sedan, Electric ,DCT,0.0,9.96,,3074,1528.43,South Asia
VH00704,Nissan,Altima,2009,Wagon,Electric,CVT,,5.98,30667.11,4506,1894.62,North America
VH03342,Toyota,Tacoma,2022,Wagon,Diesel,DCT,1933.0,,27437.07,3567,1170.29,Latin America
VH02354,Chevrolet,Blazer,2006,Truck,Hybrid,DCT,5625.0,20.23,31174.43,3229,1763.26,Europe
VH02258,Land Rover,Evoque,2024,SUV,LPG,Automatic,1828.0,16.32,44117.59,2421,1491.26,Africa
VH03677,Ford,Escape,2013,SUV,Diesel,CVT,,18.52,30286.26,2730,1319.67,Asia Pacific
VH00474,Honda,HR-V,2019,Wagon,LPG,DCT,2221.0,10.47,24795.51,1708,886.73,North America
VH00022,Hyundai,Palisade,2009,Van,CNG,,2312.0,18.3,19888.15,4799,836.97,South Asia
VH02753,Mercedes-Benz,S-Class,2017,Hatchback,CNG,CVT,2171.0,16.59,42714.68,1938,1401.64,South Asia
VH00886,Lexus,ES,2011,Truck,LPG,CVT,4750.0,10.6,48656.09,1610,1993.32,South Asia
VH02449,BMW,X5,2020,Van,LPG,Manual,3176.0,17.36,46760.91,2014,1810.33,South Asia
VH00918,Ford,Edge,2010,SUV,Electric,Automatic,0.0,11.17,36857.82,2697,1688.36,Africa
VH03888,BMW,M3,2022,Sedan,Petrol,AMT,1572.0,15.0,45117.5,4349,1614.89,Latin America
VH03882,Nissan,Altima,2022,Wagon,Electric,Manual,0.0,,31614.2,3830,1012.39,Europe
VH02240,Honda,Civic,2007,Sedan,Diesel,DCT,2046.0,10.18,31035.11,1406,1909.31,Europe
VH03977,Porsche,Taycan,2015,Convertible,Diesel,AMT,2352.0,16.04,61765.22,4758,2365.23,Europe
VH03396,Mercedes-Benz,C-Class,2012,Truck,Diesel,Manual,3036.0,24.42,49456.37,4754,,Latin America
VH01266,Land Rover,Evoque,2022,SUV,Hybrid,CVT,1896.0,28.37,54934.6,540,1673.22,Europe
VH00484,Honda,Accord,2018,Hatchback,LPG,AMT,2671.0,16.19,24442.61,3851,803.51,South Asia
VH04409,Honda,Ridgeline,2018,Coupe,Diesel,CVT,2828.0,10.63,27772.58,4779,1124.48,Africa
VH02964,Ram,3500,2013,Truck,Petrol,CVT,5994.0,18.7,27654.41,1959,1200.78,Middle East
VH01220,Mercedes-Benz,S-Class,2021,Van,Diesel,AMT,2049.0,15.36,60352.2,3006,2124.2,Latin America
VH00278,Subaru,Legacy,2013,SUV,Petrol/Gas,DCT,0.0,6.35,31691.43,902,1316.19,South Asia
VH00989,Kia,Sorento,2020,Convertible,Petrol,Manual,3119.0,17.58,33636.63,3892,1176.74,North America
VH02085,Mazda,CX-9,2013,Hatchback,CNG,,3340.0,20.66,19623.51,2027,811.52,Asia Pacific
VH01246,Jeep,Grand Cherokee,2016,SUV,CNG,Manual,3522.0,21.72,20973.42,1451,961.79,South Asia
VH02383,Hyundai,Santa Fe,2015,Wagon,Petrol,Automatic,2460.0,12.54,26724.93,905,923.55,Asia Pacific
VH00572,Kia,Sorento,2011,Coupe,Petrol,CVT,1030.0,14.12,26587.38,1,1588.06,Asia Pacific
VH01436,Jeep,Cherokee,2008,SUV,Petrol,,,9.93,31248.24,4069,1679.02,Latin America
VH00994,Land Rover,Range Rover,2011,SUV,Petrol,CVT,3300.0,10.74,45247.81,3068,2273.41,Latin America
VH03575,Jeep,Gladiator,2010,SUV,,Manual,4096.0,10.51,27009.93,1169,1425.5,South Asia
VH03896,Ram,ProMaster,2023,Van,Diesel,AMT,3006.0,17.32,29582.7,3684,1107.92,South Asia
VH00586,Volvo,XC40,2014,Coupe,LPG,Automatic,2226.0,10.3,54597.54,158,1817.49,Africa
VH03527,Mercedes-Benz,GLC,2008,Sedan,Hybrid,Automatic,3314.0,34.85,52491.52,1267,2709.98,Asia Pacific
VH03789,Kia,Carnival,2015,SUV,Diesel,CVT,1537.0,17.97,23874.3,4873,1257.92,Middle East
VH02515,Land Rover,Evoque,2022,SUV,Diesel,DCT,2124.0,11.77,58192.49,21,1902.65,Middle East
VH01350,Mercedes-Benz,AMG GT,2006,Truck,LPG,Manual,5671.0,15.84,62264.3,4602,3561.03,Asia Pacific
VH01008,Volkswagen,Golf,2017,Sedan,CNG,DCT,2780.0,20.64,24640.74,1208,1069.03,Latin America
VH00675,BMW,3 Series,2021,Convertible,Diesel,DCT,2168.0,,61947.9,1225,2008.57,Europe
VH02413,Toyota,RAV4,2011,Convertible,LPG,Manual,3088.0,12.82,25248.37,216,1197.7,Middle East
VH02904,Volkswagen,Tiguan,2024,Coupe,Hybrid,Automatic,1867.0,21.46,28101.31,1618,595.78,Latin America
VH00448,Jeep,Cherokee,2014,SUV,Petrol,AMT,1809.0,16.09,24499.96,1551,1433.41,Middle East
VH04363,Kia,Carnival,2010,Van,LPG,DCT,1923.0,9.93,18175.07,2113,1154.66,Middle East
VH03889,BMW,X5,2010,Convertible,Diesel,Manual,2202.0,12.18,52971.67,2276,2833.36,North America
VH03834,Mercedes-Benz,AMG GT,2022,SUV,Petrol,DCT,2339.0,15.81,41879.54,1406,1843.57,Asia Pacific
VH00360,Toyota,Camry,2024,Sedan,LPG,AMT,1661.0,17.22,23640.39,1498,587.21,Asia Pacific
VH02065,SUBARU,Forester,2015,Hatchback,lpg,Manual,,13.02,14103.27,135,744.7,Asia Pacific
VH04524,Mazda,MX-5 Miata,2020,Hatchback,Diesel,Manual,2874.0,23.22,23050.86,1299,912.16,Africa
VH03942,Toyota,Corolla,2006,Sedan,Electric,Manual,0.0,6.47,35750.96,1046,1284.42,South Asia
VH01691,Nissan,Pathfinder,2011,Van,LPG,DCT,2844.0,16.4,,2538,1253.33,Africa
VH04398,BMW,3 Series,2024,Truck,Electric,AMT,0.0,11.35,50270.84,3553,1691.45,North America
VH01549,Volkswagen,Golf,2021,Coupe,CNG,CVT,1792.0,16.78,26960.84,1336,1070.79,Africa
VH01248,Land Rover,Evoque,2012,SUV,Petrol,DCT,2301.0,18.55,53750.3,3311,2337.51,North America
VH01986,Hyundai,Tucson,2020,Van,Hybrid,DCT,2265.0,18.0,28420.73,1955,1108.5,Middle East
VH00295,Ford,Explorer,2023,Truck,CNG,AMT,,12.05,25346.82,4679,841.98,Africa
VH01548,Audi,Q7,2005,Truck,CNG,AMT,4427.0,15.6,48569.55,4738,2700.23,Asia Pacific
VH02013,Porsche,Panamera,2023,Coupe,,CVT,0.0,13.66,59385.39,4822,1678.36,South Asia
VH00589,Tesla,Cybertruck,2012,Sedan,CNG,Automatic,3152.0,20.23,-44591.45,1756,2566.81,Asia Pacific
VH03330,BMW,M3,2009,Convertible,Hybrid,Automatic,3115.0,29.88,61907.94,2988,3041.4,Middle East
VH02404,Toyota,Tacoma,2020,Coupe,Electric,Automatic,0.0,11.46,30818.25,2752,1282.59,Asia Pacific
VH02130,MAZDA,Mazda6,2017,Coupe,,AMT,1333.0,21.05,23987.87,4783,1132.34,South Asia
VH04460,Porsche,Taycan,2007,Coupe,Petrol,CVT,2682.0,14.33,50895.49,3025,3320.09,Europe
VH03509,BMW,M3,2011,Wagon,Hybrid,DCT,2511.0,18.39,43391.44,1043,2754.72,Africa
VH02411,BMW,3 Series,2005,Wagon,LPG,Automatic,,12.41,36759.24,4623,2339.92,Asia Pacific
VH02720,Audi,A6,2017,SUV,Electric,CVT,0.0,8.82,49920.51,3581,1608.01,Europe
VH04629,Hyundai,Palisade,2021,Coupe,Electric,AMT,,10.3,31099.13,3517,597.65,Asia Pacific
VH00426,Ford,Edge,2020,SUV,CNG,CVT,2118.0,,24113.76,106,,North America
VH02583,Ford,Bronco,2014,Sedan,,CVT,1009.0,16.74,24717.37,4133,752.42,Africa
VH01055,Subaru,Outback,2014,Sedan,Electric,DCT,0.0,12.27,34103.55,2150,1719.09,Europe
VH04631,Lexus,LS,2024,Convertible,CNG,Manual,2949.0,15.24,58289.06,4664,1571.93,Latin America
VH04959,Honda,Civic,2013,Hatchback,CNG,CVT,2126.0,21.32,17227.98,2462,957.75,North America
VH00557,Chevrolet,Colorado,2013,Sedan,Diesel,CVT,1089.0,17.8,31132.16,3617,1353.03,Latin America
VH04430,Volkswagen,Golf,2016,Wagon,Petrol,CVT,1065.0,13.1,24532.7,4292,672.8,South Asia
VH04075,BMW,7 Series,2005,Van,LPG,Manual,2715.0,16.48,40223.23,4689,1969.17,Europe
VH04790,Ford,Explorer,2022,SUV,LPG,CVT,,12.83,27066.97,1612,959.45,Europe
VH02470,BMW,X5,2005,Wagon,Electric,Automatic,,14.69,48118.14,1681,3089.05,Middle East
VH04788,Ford,Edge,2012,Sedan,CNG,Manual,1283.0,12.75,22617.61,4417,944.63,Middle East
VH00356,Lexus,ES,2022,SUV,Electric,Manual,0.0,9.02,61095.69,4111,1944.59,Latin America
VH01194,Chevrolet,Malibu,2018,SUV,Petrol,Automatic,2707.0,,29187.62,394,1235.68,Middle East
VH01717,Mazda,Mazda6,2013,Van,Petrol,Automatic,2697.0,,28895.09,1035,1502.61,Asia Pacific
VH03417,Honda,Ridgeline,2021,Coupe,Petrol,CVT,1885.0,18.7,24292.28,4795,742.75,Africa
VH02605,Subaru,Outback,2008,Truck,Hybrid,Automatic,3736.0,22.86,28287.18,3193,1520.85,Africa
VH04197,  Audi  ,A3,2013,Coupe, Electric ,CVT,0.0,,58367.01,2454,2481.49,Africa
VH02829,Mercedes-Benz,E-Class,2007,SUV,Diesel,Automatic,4717.0,12.36,46842.98,4648,2584.71,Latin America
VH01705,Ram,3500,2010,Truck,Petrol,Manual,4402.0,15.2,22711.76,2023,928.68,South Asia
VH02864,Volkswagen,Tiguan,2015,Hatchback,Electric,DCT,0.0,9.05,23591.02,1908,1139.15,Africa
VH02619,Volkswagen,ID.4,2019,Coupe,Electric,AMT,0.0,9.56,37058.79,2383,1426.11,South Asia
VH02401,Toyota,RAV4,2006,Wagon,,CVT,2940.0,10.0,25754.68,19,1463.89,Latin America
VH02140,Ram,2500,2014,Truck,LPG,DCT,6060.0,13.44,28777.51,4170,1449.87,South Asia
VH03240,Lexus,LS,2019,Convertible,Hybrid,Manual,,29.61,58037.75,3109,1907.88,Africa
VH02384,Volkswagen,Passat,2018,SUV,CNG,DCT,,16.86,28109.52,3889,1141.42,Asia Pacific
VH03219,Honda,Accord,2016,Wagon,,AMT,2432.0,16.88,30624.92,3032,1205.12,Latin America
VH03898,Ram,1500,2005,Truck,Electric,Automatic,0.0,,29863.83,3726,1881.67,Latin America
VH01286,Honda,HR-V,2022,Convertible,Petrol,Automatic,2936.0,15.81,31140.53,4408,1088.24,South Asia
VH03928,Nissan,Frontier,2017,Wagon,Diesel,Automatic,2085.0,23.01,27367.86,4200,1106.89,Africa
VH03973,  Volvo  ,XC40,2005,Convertible, CNG ,DCT,2145.0,16.01,42375.92,161,2642.23,Asia Pacific
VH04543,Volkswagen,Passat,2023,SUV,Hybrid,CVT,3923.0,33.91,31829.25,1937,832.17,Latin America
VH02088,Mazda,Mazda3,2021,SUV,Diesel,CVT,3494.0,10.2,32603.94,2727,1032.19,South Asia
VH01890,Jeep,Wrangler,2021,SUV,Petrol,Manual,3787.0,12.11,30489.83,4834,985.5,Africa
VH03631,Chevrolet,Malibu,2007,SUV,,Automatic,2390.0,13.85,23320.03,2324,1232.81,South Asia
VH01592,Ram,Dakota,2014,Van,Petrol,DCT,1933.0,8.12,29544.37,1175,1323.48,North America
VH01347,BMW,5 Series,2016,Sedan,,CVT,2911.0,31.32,56623.07,2904,2808.22,Asia Pacific
VH04505,Ford,Edge,2008,Truck,Hybrid,CVT,3094.0,20.8,24567.53,4236,1444.93,Middle East
VH02163,Chevrolet,Equinox,2009,SUV,Electric,AMT,0.0,11.45,33512.08,4998,2039.37,Latin America
VH02397,Tesla,Model X,2007,SUV,CNG,CVT,3198.0,19.5,52783.81,2498,2129.37,Middle East
VH03774,Audi,Q5,2021,Wagon,LPG,DCT,2271.0,13.57,44796.62,2428,1370.98,North America
VH02272,Land Rover,Defender,2015,SUV,Petrol,Automatic,2285.0,9.09,49578.37,1887,1954.47,Europe
VH04565,Land Rover,Freelander,2023,SUV,Diesel,CVT,3147.0,22.4,46743.03,1421,1377.38,Latin America
VH03112,Nissan,Sentra,2008,Convertible,Diesel,Manual,,23.65,23628.31,678,1401.48,South Asia
VH01138,Lexus,LS,2010,Coupe,Petrol,,2282.0,15.48,55103.29,1935,2799.61,Africa
VH04032,Porsche,Cayenne,2010,Coupe,Petrol,Manual,1579.0,15.65,56047.37,410,2218.68,North America
VH00973,Mazda,CX-9,2012,Hatchback,Electric,Automatic,0.0,14.2,32048.31,4201,1700.91,South Asia
VH00796,Audi,A4,2021,Van,Petrol,AMT,2062.0,11.64,45958.57,3663,1609.79,North America
VH03021,Nissan,Rogue,2014,Van,Diesel,AMT,2042.0,,26609.95,2499,1029.42,Middle East
VH01712,Hyundai,Elantra,2012,Coupe,LPG,Automatic,3095.0,13.58,27603.13,4694,1572.87,Latin America
VH03388,Hyundai,Kona,2021,Convertible,LPG,DCT,1517.0,12.3,20406.88,3059,637.33,Africa
VH00037,Ford,Bronco,2024,Sedan,Petrol,Manual,1575.0,8.45,22824.32,2735,600.37,North America
VH00454,Volvo,XC40,2015,Truck,Hybrid,Manual,4075.0,27.29,47769.03,161,2317.91,Asia Pacific
VH00914,Porsche,Macan,2018,Convertible,Petrol,Automatic,3205.0,12.71,48864.79,906,2118.5,North America
VH04156,Mercedes-Benz,AMG GT,2017,Truck,Petrol,Automatic,5450.0,11.89,56225.61,4052,2491.19,Latin America
VH01200,Chevrolet,Silverado,2018,Truck,Diesel,DCT,2656.0,23.03,33390.47,4246,1483.04,South Asia
VH01275,Porsche,Macan,2015,Convertible,,DCT,2451.0,14.94,50005.9,825,2720.25,North America
VH02376,  Jeep  ,Compass,2006,SUV, LPG ,AMT,4556.0,13.58,21353.57,2077,1371.82,South Asia
VH00038,Honda,CR-V,2012,SUV,CNG,,3110.0,15.17,29045.48,4042,1474.69,Asia Pacific
VH00975,Chevrolet,Tahoe,2010,Truck,Petrol,Manual,2567.0,8.3,28478.36,2914,1459.18,Europe
VH03196,Tesla,Model X,2017,SUV,Petrol,,1849.0,8.05,46541.41,2053,2423.64,North America
VH00984,Chevrolet,Tahoe,2008,Truck,Petrol,Manual,5202.0,18.76,31393.33,977,1634.34,South Asia
VH04041,Ram,2500,2021,Truck,Petrol,CVT,2502.0,14.52,28895.45,1853,966.96,Africa
VH04149,Toyota,RAV4,2005,Hatchback,,CVT,3416.0,19.81,24760.31,3450,1706.19,South Asia
VH01419,CHEVROLET,Blazer,2024,Sedan,,Seq,1577.0,15.68,32812.11,1391,711.63,Latin America
VH03333,Ram,3500,2024,Truck,Hybrid,AMT,3062.0,18.03,31694.47,2870,,Latin America
VH01561,Lexus,GX,2016,Van,Electric,AMT,0.0,14.09,48752.75,1671,2276.25,South Asia
VH00040,Tesla,Model S,2008,SUV,Hybrid,Manual,2545.0,34.85,55577.69,2176,3712.07,North America
VH01487,Subaru,Legacy,2023,Hatchback,Hybrid,DCT,2304.0,19.03,27630.6,2916,834.3,South Asia
VH04240,Audi,Q5,2018,SUV,LPG,Manual,4913.0,17.36,,2170,1584.46,Africa
VH00170,Toyota,Prius,2005,Wagon,Hybrid,Automatic,3159.0,18.01,29897.05,3558,1699.74,Europe
VH01356,Volkswagen,Jetta,2024,Hatchback,Diesel,CVT,2153.0,14.27,28370.72,4562,906.5,North America
VH02786,Subaru,Forester,2016,Van,Hybrid,DCT,1961.0,33.3,27923.23,3906,1187.36,South Asia
VH04251,  Mercedes-Benz  ,GLC,2020,Truck, Electric ,CVT,0.0,10.28,71733.32,4271,2436.48,Africa
VH04827,Chevrolet,Colorado,2021,Sedan,Electric,DCT,0.0,11.42,24165.21,1248,867.55,Asia Pacific
VH03613,BMW,X5,2006,Convertible,LPG,Automatic,3491.0,17.37,45387.76,2819,2802.76,Africa
VH00988,Volvo,XC40,2018,SUV,Electric,DCT,0.0,9.39,71388.9,2210,2972.55,Latin America
VH02683,Chevrolet,Equinox,2011,Truck,CNG,AMT,2806.0,21.92,26476.36,3784,1300.85,Latin America
VH04782,Hyundai,Elantra,2019,Truck,Hybrid,DCT,4936.0,33.97,31714.51,4894,1180.54,Europe
VH04129,Chevrolet,Malibu,2023,Sedan,Petrol,Manual,2005.0,14.12,25474.66,2598,646.98,North America
VH01641,Land Rover,Evoque,2016,SUV,Diesel,Manual,2103.0,23.04,54600.86,118,2583.11,Africa
VH01291,Subaru,Impreza,2006,Van,Electric,Automatic,0.0,14.54,38525.25,248,2067.22,North America
VH01381,Tesla,Model Y,2011,Sedan,Electric,DCT,0.0,12.33,59930.38,1446,2333.91,South Asia
VH01934,  Kia  ,Sportage,2022,Truck, Electric ,Manual,0.0,14.36,34629.74,3633,1303.3,Asia Pacific
VH00580,Kia,Sorento,2012,Van,Diesel,Manual,2726.0,19.3,26850.58,4006,1247.5,North America
VH04289,Volvo,XC90,2020,Truck,Electric,CVT,0.0,13.36,66451.06,4117,2140.49,Africa
VH03161,Tesla,Cybertruck,2010,SUV,Petrol,AMT,2159.0,13.94,52708.84,1912,2865.64,Africa
VH02031,Jeep,Cherokee,2024,SUV,Diesel,Manual,3156.0,18.72,26881.87,446,903.5,Asia Pacific
VH00893,Honda,Ridgeline,2008,Van,Diesel,DCT,2863.0,10.82,27748.19,1012,1277.89,Africa
VH04089,  Nissan  ,Murano,2010,Sedan, Electric ,AMT,0.0,6.83,28788.85,3446,1353.2,Latin America
VH00781,Honda,Civic,2024,Truck,CNG,DCT,4362.0,17.52,29282.58,2236,759.37,Africa
VH00160,Kia,Carnival,1950,Van,Electric,AMT,0.0,10.62,38712.35,2136,1304.85,Middle East
VH00003,Toyota,Camry,2021,Hatchback,Diesel,AMT,2125.0,15.56,25830.04,3908,1041.82,Middle East
VH02264,Honda,HR-V,2021,Coupe,Electric,CVT,0.0,13.29,31448.98,848,1159.26,Latin America
VH03217,Tesla,Model S,2007,SUV,CNG,Automatic,2852.0,15.42,46389.79,3132,2504.48,Latin America
VH02110,Mazda,CX-5,2024,Truck,Diesel,AMT,4971.0,19.97,27930.56,2145,948.07,South Asia
VH00850,BMW,5 Series,2013,Sedan,CNG,DCT,1565.0,17.25,37301.7,975,1721.4,Latin America
VH02738,Audi,A3,2012,Van,CNG,Manual,2280.0,13.46,45409.97,730,2045.28,Asia Pacific
VH02467,Mazda,CX-30,2012,SUV,,Automatic,4636.0,19.14,35100.84,2995,1722.72,Asia Pacific
VH03827,Volkswagen,Golf,2011,Van,CNG,Manual,2416.0,21.95,29862.5,850,1592.12,Middle East
VH03781,Ram,Dakota,2022,Van,Petrol,DCT,2294.0,14.88,23882.34,1962,764.74,Asia Pacific
VH01597,Nissan,Murano,2009,Van,CNG,DCT,3098.0,12.07,28527.17,1996,1936.98,North America
VH01777,Ford,F-150,2022,Sedan,CNG,CVT,3041.0,16.28,22915.89,4649,741.63,Africa
VH01914,Chevrolet,Colorado,2019,Truck,Hybrid,Manual,4713.0,15.76,28683.89,3211,1215.11,Asia Pacific
VH01044,Subaru,Impreza,2015,Hatchback,Electric,CVT,0.0,5.01,29361.39,1004,1102.01,Middle East
VH04791,Mazda,Mazda3,2008,Wagon,Electric,DCT,,13.1,28659.67,2735,1634.69,Middle East
VH01545,Toyota,RAV4,2019,Truck,LPG,DCT,6041.0,12.83,27538.36,3977,1025.51,South Asia
VH02737,Tesla,Cybertruck,2014,Sedan,CNG,Automatic,2635.0,13.36,34581.41,3688,1073.65,Latin America
VH03837,Volkswagen,Golf,2015,Coupe,LPG,Manual,2963.0,11.55,25864.33,2919,1246.98,Europe
VH04694,Ram,3500,2021,Truck,Electric,DCT,0.0,14.5,34976.45,3117,1317.38,South Asia
VH00054,Nissan,Murano,2020,Sedan,CNG,Automatic,2658.0,20.29,21885.68,546,534.11,South Asia
VH01797,Audi,A4,2005,Convertible,Petrol,CVT,2755.0,14.55,54723.88,2023,1880.72,Latin America
VH03589,Hyundai,Kona,2013,Van,CNG,AMT,2547.0,19.18,20935.57,242,1006.88,Europe
VH01912,Jeep,Grand Cherokee,2007,SUV,Petrol,Manual,2352.0,19.61,29799.83,1829,1618.28,North America
VH02307,Audi,Q7,2008,Truck,CNG,AMT,3071.0,16.69,52137.67,3721,3719.73,Asia Pacific
VH02554,Jeep,Renegade,2022,SUV,Hybrid,Manual,1973.0,20.75,31133.13,2986,888.74,Asia Pacific
VH02801,Kia,Sportage,2018,Convertible,CNG,CVT,2890.0,16.73,30766.34,4831,1275.87,Middle East
VH00937,Chevrolet,Equinox,2013,Sedan,Electric,Manual,0.0,9.6,26690.76,1002,754.81,Asia Pacific
VH04195,Volvo,XC40,2010,SUV,Diesel,CVT,,24.08,54790.22,1967,2487.64,Middle East
VH00825,Volvo,XC40,2016,Van,Petrol,CVT,3236.0,11.56,42715.94,3055,1646.86,Europe
VH04812,Ford,Explorer,2012,Sedan,LPG,AMT,1295.0,10.79,24636.09,2089,942.85,South Asia
VH03179,Volkswagen,ID.4,2015,Truck,Diesel,AMT,3343.0,13.98,37832.07,4189,1550.46,Europe
VH03402,Chevrolet,Equinox,2022,SUV,CNG,AMT,1694.0,20.93,26945.9,2507,803.53,Middle East
VH01390,Porsche,Panamera,2010,Convertible,LPG,CVT,,16.56,46535.95,3055,2685.49,Africa
VH03565,Porsche,911,2008,Convertible,CNG,DCT,1715.0,13.38,43038.99,2455,1885.47,South Asia
VH04956,Porsche,911,2006,Convertible,LPG,DCT,1393.0,10.5,52248.68,3121,3102.92,Middle East
VH00885,Jeep,Renegade,2017,SUV,CNG,Manual,4294.0,12.73,27978.12,467,1007.0,Middle East
VH03937,Hyundai,Palisade,2017,SUV,Electric,Automatic,0.0,8.71,35077.69,4924,1651.02,South Asia
VH03647,Mazda,Mazda6,2012,Convertible,CNG,Automatic,2661.0,13.75,28650.05,341,933.58,South Asia
VH01608,Ford,Edge,2008,Truck,,DCT,4216.0,,28971.28,110,1818.46,Latin America
VH01595,Mercedes-Benz,GLE,2016,Van,Hybrid,Automatic,2793.0,28.58,47448.08,3886,1935.27,Africa
VH00772,Jeep,Gladiator,2013,SUV,Petrol,Manual,4375.0,14.75,26360.98,4507,1111.52,Latin America
VH02612,Lexus,ES,2012,Wagon,Electric,AMT,,14.12,50943.33,3550,1963.34,North America
VH03989,Mercedes-Benz,AMG GT,2016,Hatchback,CNG,Automatic,3068.0,16.26,29028.68,1896,1323.33,Africa
VH02274,Nissan,Altima,2023,Coupe,Electric,Automatic,0.0,6.07,30650.16,4398,773.68,Latin America
VH01869,Subaru,WRX,2016,Hatchback,LPG,AMT,2928.0,10.73,20397.55,2379,690.28,South Asia
VH01086,Kia,Telluride,2016,Truck,Hybrid,CVT,2650.0,29.8,34921.27,3412,1387.93,Middle East
VH00011,Nissan,Sentra,2013,SUV,Diesel,Automatic,4316.0,15.81,29632.76,1198,1424.14,South Asia
VH03740,Chevrolet,Silverado,2022,Truck,Petrol,DCT,3187.0,15.32,23730.93,1356,701.99,Middle East
VH01326,Mazda,Mazda3,2005,Sedan,Hybrid,CVT,2955.0,24.3,27153.55,3990,,South Asia
VH03391,Audi,Q7,2007,Sedan,Electric,Manual,,9.91,53327.46,2489,3112.03,Middle East
VH01464,Lexus,GX,2023,Truck,Electric,Automatic,0.0,8.42,79020.49,1098,2392.56,Asia Pacific
VH00807,Subaru,Legacy,2012,Wagon,,AMT,2864.0,14.93,25811.87,3897,,Latin America
VH03866,Mazda,CX-5,2007,Hatchback,Diesel,AMT,3336.0,14.77,25317.06,4099,1337.37,Asia Pacific
VH04110,Mazda,MX-5 Miata,2018,Van,Diesel,AMT,2819.0,21.0,28246.15,3993,1395.41,Africa
VH03903,Audi,Q7,2018,Hatchback,Petrol,DCT,3327.0,16.75,46926.49,340,1863.64,North America
VH02109,Ford,Explorer,2009,SUV,LPG,AMT,2209.0,14.09,30393.94,3348,1410.59,Africa
VH04305,Jeep,Cherokee,2011,SUV,Hybrid,Manual,4363.0,21.13,37461.37,3595,1440.22,Europe
VH02276,BMW,3 Series,2018,Wagon,Petrol,AMT,3387.0,8.09,52692.22,232,1674.58,North America
VH02235,Mazda,CX-9,2009,Truck,Hybrid,DCT,2997.0,,26830.96,1209,1231.59,Middle East
VH03212,BMW,M3,2023,Coupe,LPG,DCT,2723.0,16.77,45430.03,4850,1405.05,Asia Pacific
VH00964,Audi,Q7,2024,Wagon,CNG,CVT,1540.0,21.94,48854.38,986,1592.33,Middle East
VH03416,Mazda,CX-30,2012,Truck,LPG,Manual,5210.0,11.56,20612.03,4202,773.21,Asia Pacific
VH03884,BMW,X3,2007,Sedan,LPG,CVT,3021.0,16.59,41706.33,2736,2607.52,Latin America
VH00399,Chevrolet,Malibu,2013,Truck,CNG,AMT,5764.0,18.38,26609.89,4694,1141.49,South Asia
VH02633,Mazda,CX-5,2019,SUV,Diesel,Manual,3246.0,15.66,23507.49,4290,645.75,Asia Pacific
VH04930,Jeep,Compass,2008,SUV,Hybrid,Manual,3352.0,16.53,35351.59,2987,1694.97,Asia Pacific
VH02997,Tesla,Model Y,2021,Sedan,Hybrid,CVT,1848.0,16.69,44846.44,1066,1893.63,North America
VH00705,Audi,Q5,2015,Coupe,Electric,DCT,0.0,13.43,60270.98,3806,2507.71,Africa
VH00432,Porsche,Cayenne,2016,Convertible,Hybrid,CVT,3178.0,21.01,67474.35,2471,,Latin America
VH04744,Volkswagen,Atlas,2005,Convertible,CNG,DCT,2062.0,14.35,28329.01,4124,1557.93,Latin America
VH00293,Subaru,Outback,2020,Convertible,Electric,Manual,0.0,13.27,37780.74,908,1481.2,Europe
VH04946,Chevrolet,Equinox,2021,Truck,Diesel,Manual,4806.0,15.09,31979.44,3870,1130.05,Europe
VH00146,Audi,A6,2017,Sedan,Electric,DCT,0.0,7.38,39963.73,3359,2009.63,North America
VH04214,Kia,Forte,2024,Sedan,Diesel,CVT,1888.0,16.32,27184.2,4563,832.42,Europe
VH02034,Land Rover,Discovery,2008,SUV,LPG,AMT,4257.0,10.76,38208.7,1351,2354.98,Middle East
VH03742,Ram,2500,2019,Truck,Diesel,DCT,5007.0,18.74,28458.85,3980,649.17,North America
VH04275,BMW,5 Series,2011,Van,CNG,Automatic,1806.0,16.37,51678.35,4102,3102.36,Latin America
VH01166,Volvo,S60,2016,Van,CNG,AMT,2153.0,13.22,42311.86,3409,1764.08,South Asia
VH03501,  Subaru  ,Forester,2013,Hatchback, LPG ,AMT,,14.5,20915.66,159,804.49,Africa
VH02051,Nissan,Pathfinder,2017,Van,Petrol,Manual,3401.0,13.23,29049.86,730,926.25,Africa
VH02625,Honda,HR-V,2008,Van,CNG,AMT,2321.0,20.46,27025.05,4495,1611.52,Europe
VH04450,Audi,Q7,2017,Wagon,Petrol,DCT,1428.0,18.19,,1961,,Middle East
VH00340,Mercedes-Benz,S-Class,2012,Convertible,Hybrid,CVT,2567.0,,54170.91,3663,3417.71,Latin America
VH04773,Mazda,MX-5 Miata,2009,Sedan,Electric,DCT,,5.57,31767.7,33,1905.88,North America
VH03803,Hyundai,Kona,2019,Sedan,LPG,Manual,1780.0,16.97,31294.36,415,1214.58,Latin America
VH02974,Jeep,Wrangler,2022,SUV,,CVT,2371.0,,25320.52,3808,457.34,Latin America
VH00266,Porsche,Panamera,2006,Convertible,LPG,DCT,1996.0,17.91,48405.53,4939,3047.92,Asia Pacific
VH02425,Jeep,Grand Cherokee,2022,SUV,Electric,Manual,0.0,7.5,28904.8,737,993.29,Europe
VH01263,BMW,X3,2006,Hatchback,petrol,Manual,1693.0,15.7,29056.88,1559,1604.71,Latin America
VH01772,Mercedes-Benz,GLE,2020,Hatchback,CNG,,2639.0,17.84,33107.89,3832,1030.11,Latin America
VH03512,Honda,Civic,2024,Sedan,Hybrid,Manual,1852.0,27.84,25880.44,4522,736.29,Latin America
VH00272,Lexus,NX,2021,Convertible,Electric,Manual,0.0,8.85,,662,1819.58,Europe
VH00697,Ford,F-150,2012,SUV,CNG,DCT,4784.0,13.95,23488.62,4767,1173.62,Middle East
VH00748,Mercedes-Benz,C-Class,2016,Van,CNG,AMT,2827.0,20.47,45888.5,463,1914.38,Asia Pacific
VH00245,Porsche,Taycan,2012,Convertible,,,0.0,7.19,59549.08,2050,3343.81,South Asia
VH00318,Lexus,IS,2023,Sedan,Hybrid,DCT,3307.0,25.91,50552.93,3979,1661.98,North America
VH00477,Jeep,Grand Cherokee,2021,SUV,Petrol,AMT,1614.0,11.35,23255.77,4563,808.79,Europe
VH02033,  Jeep  ,Cherokee,2024,SUV, Petrol ,AMT,3039.0,18.28,29027.73,4175,715.45,Africa
VH00958,Ford,Mustang,2010,Truck,,Automatic,5196.0,20.66,27307.83,4439,1178.73,North America
VH03949,Nissan,Altima,2023,Truck,Diesel,DCT,3032.0,12.89,34183.4,354,1159.03,Latin America
VH00814,Kia,Carnival,2009,Sedan,Hybrid,DCT,1693.0,24.02,24813.24,2014,1371.48,South Asia
VH04239,Chevrolet,Colorado,2007,Sedan,Hybrid,CVT,2901.0,17.7,22350.58,3649,1270.88,Africa
VH01915,Tesla,Model X,2005,SUV,,Automatic,0.0,7.31,78491.77,3697,5716.32,North America
VH04678,Jeep,Renegade,2007,SUV,CNG,CVT,2467.0,21.96,21905.89,1561,986.77,Middle East
VH03488,BMW,5 Series,2024,Wagon,CNG,AMT,2702.0,17.75,31140.48,1280,1067.1,South Asia
VH01298,Volvo,XC60,2022,Wagon,Electric,DCT,0.0,14.96,65152.16,439,1508.92,South Asia
VH04620,Toyota,Highlander,2017,Van,LPG,CVT,3475.0,9.59,27553.43,1305,871.29,Latin America
VH01805,Jeep,Gladiator,2005,SUV,Diesel,CVT,2937.0,22.6,30921.58,2113,2146.78,South Asia
VH00759,Mercedes-Benz,GLC,2022,SUV,CNG,AMT,4493.0,13.63,46681.21,3629,1575.5,North America
VH00251,Hyundai,Elantra,2014,Coupe,Electric,CVT,0.0,,35384.65,560,1526.22,North America
VH02462,Mercedes-Benz,S-Class,2015,Van,LPG,DCT,2677.0,17.5,49289.89,2567,2254.49,North America
VH00546,Mazda,MX-5 Miata,2020,Wagon,Hybrid,DCT,1383.0,29.51,29747.96,4502,958.64,South Asia
VH03242,Land Rover,Evoque,2009,SUV,Electric,CVT,0.0,7.67,58003.89,1589,3315.4,Middle East
VH00739,Honda,Accord,2006,Truck,Diesel,CVT,5602.0,19.43,32738.28,3194,1579.12,South Asia
VH00311,Land Rover,Defender,2012,SUV,Petrol,CVT,4977.0,19.5,51441.45,1018,2808.43,Europe
VH03912,Lexus,IS,2010,Truck,Petrol,CVT,3499.0,11.94,50793.24,1744,2371.19,Asia Pacific
VH02942,Mazda,MX-5 Miata,2015,Van,Diesel,AMT,3066.0,22.87,31995.15,1686,1393.77,Asia Pacific
VH01132,Honda,Accord,2016,SUV,Hybrid,AMT,4595.0,30.26,33781.24,1094,1595.02,North America
VH01450,Ram,ProMaster,2019,Truck,Diesel,Manual,3089.0,20.73,29325.3,3695,921.62,Europe
VH04999,Kia,Forte,2020,Wagon,Hybrid,Automatic,3066.0,32.51,26718.77,2168,,Europe
VH00016,  Audi  ,A4,2020,Hatchback, Petrol ,CVT,1759.0,8.37,38252.97,4914,1337.59,South Asia
VH03233,Mercedes-Benz,GLE,2024,Wagon,Petrol,DCT,1210.0,15.19,33394.93,1311,1048.21,Europe
VH02770,Mazda,Mazda6,2006,Coupe,CNG,Automatic,2788.0,18.2,16036.61,3632,922.77,Europe
VH03469,Jeep,Cherokee,2017,SUV,Diesel,Manual,2280.0,16.03,26955.16,2965,1052.58,Latin America
VH00921,Ram,Dakota,2017,Truck,Hybrid,Automatic,4397.0,20.9,33407.5,4526,1182.93,Asia Pacific
VH03030,  Lexus  ,ES,2017,Convertible, Petrol ,DCT,1768.0,14.8,58430.05,129,2180.49,Middle East
VH01373,Land Rover,Evoque,2012,SUV,Diesel,DCT,2205.0,,53074.54,4761,2471.2,Latin America
VH03588,Ford,Mustang,2024,Sedan,Gas,AMT,2195.0,25.58,30895.1,1225,743.95,Asia Pacific
VH02545,Nissan,Rogue,2009,Wagon,Diesel,Automatic,,13.26,30266.55,2539,1699.92,Middle East
VH03599,Lexus,ES,2013,Truck,Petrol,DCT,3648.0,16.88,54057.39,4479,2777.59,North America
VH00039,Tesla,Model S,2017,Sedan,LPG,AMT,2287.0,11.3,38561.66,904,1455.16,Middle East
VH00364,Ram,ProMaster,2016,Van,Hybrid,Manual,2770.0,34.88,30072.94,1045,1234.07,Asia Pacific
VH04168,Ram,1500,2013,Van,CNG,CVT,3367.0,14.62,23964.57,4011,1542.19,Latin America
VH00183,Volvo,V60,2022,Wagon,Electric,Manual,0.0,10.36,49922.49,912,1463.07,Latin America
VH03034,Chevrolet,Equinox,2007,Sedan,Electric,Manual,0.0,10.74,25443.32,4305,1330.59,South Asia
VH02984,Tesla,Model S,2010,Sedan,Diesel,DCT,1848.0,17.71,45136.31,1141,2134.27,Middle East
VH01195,Hyundai,Kona,2023,Truck,LPG,DCT,5326.0,9.78,26966.25,1641,700.14,Asia Pacific
VH02853,Tesla,Model S,2008,SUV,Electric,Manual,0.0,7.54,63200.93,2407,3637.14,North America
VH03980,Volvo,XC60,2006,Truck,Diesel,Automatic,4380.0,24.0,57430.75,2934,2687.73,Middle East
VH01122,Audi,e-tron,2019,Wagon,Hybrid,Automatic,2653.0,19.47,47798.02,2978,2044.34,Latin America
VH02236,Mercedes-Benz,C-Class,2014,Wagon,Petrol,AMT,2392.0,19.72,46129.19,716,2034.17,Asia Pacific
VH02668,Kia,Sorento,2016,SUV,Petrol,AMT,4822.0,11.77,26521.12,3789,950.02,Middle East
VH03830,Tesla,Model S,2017,Sedan,Petrol,,2057.0,19.24,43863.89,2662,2247.59,Middle East
VH03224,Audi,A6,2007,SUV,Petrol,CVT,3365.0,11.4,54089.74,2170,2844.66,Africa
VH01183,Subaru,Outback,2010,Wagon,LPG,Automatic,1124.0,11.95,18928.92,641,1194.93,Europe
VH04252,Hyundai,Tucson,2013,Coupe,Petrol,Manual,2119.0,9.31,24826.34,418,968.88,Africa
VH04729,Ram,1500,2022,Van,Hybrid,Automatic,2914.0,17.1,26457.87,2003,962.94,Africa
VH00615,Toyota,RAV4,2011,Hatchback,Electric,AMT,0.0,9.6,27316.29,286,1669.73,Africa
VH04988,Toyota,Camry,2018,Van,Hybrid,Manual,2177.0,31.27,29171.15,1694,842.39,Europe
VH01467,Hyundai,Elantra,2008,Wagon,Diesel,AMT,3364.0,17.58,24652.24,2936,1359.84,Africa
VH00402,Tesla,Model S,2018,Sedan,CNG,CVT,,18.86,38776.04,4408,1583.45,Middle East
VH03043,Chevrolet,Tahoe,2015,Truck,Electric,Unknown,0.0,13.53,29888.94,530,1042.96,Africa
VH00935,BMW,M3,2009,Wagon,,Automatic,0.0,7.8,51701.03,1583,2676.03,North America
VH02420,BMW,3 Series,2014,Truck,LPG,Automatic,3260.0,13.18,35859.85,2424,1646.32,Europe
VH04756,Toyota,Corolla,2019,Van,Petrol,DCT,2487.0,17.14,25510.17,3963,832.64,Africa
VH04589,Jeep,Wrangler,2010,SUV,Petrol,Manual,2283.0,19.45,28710.62,2744,1173.69,Latin America
VH02642,Ram,1500,2020,Van,LPG,AMT,2851.0,12.39,-24634.22,1114,951.25,Asia Pacific
VH04122,Mazda,CX-30,2023,SUV,Hybrid,CVT,3100.0,33.07,27154.17,4349,770.52,Africa
VH00727,Kia,Sorento,2009,Truck,CNG,Manual,2914.0,17.18,22537.23,2572,1174.05,North America
VH00827,VOLKSWAGEN,Jetta,2022,Wagon,cng,Automatic,1133.0,19.38,22982.1,4954,556.49,North America
VH01522,Tesla,Model S,2010,Sedan,Electric,Automatic,0.0,11.55,56031.36,305,3330.9,Latin America
VH04823,Tesla,Model 3,2019,Sedan,Diesel,Manual,,18.39,49968.7,4921,,South Asia
VH02931,Subaru,WRX,2005,Convertible,LPG,AMT,3106.0,13.96,23131.51,2007,1229.37,Middle East
VH00137,Tesla,Cybertruck,2007,SUV,Hybrid,AMT,4946.0,20.76,66350.37,4852,3448.29,Asia Pacific
VH03591,Honda,HR-V,2019,Convertible,Unknown,Automatic,1452.0,,36040.79,1242,1013.28,Asia Pacific
VH00629,Volkswagen,Atlas,2022,Coupe,Hybrid,CVT,1883.0,28.59,28060.2,1685,1119.34,Africa
VH00335,Honda,Civic,2019,Van,Electric,AMT,,13.22,32398.18,302,1142.9,Africa
VH00391,Audi,Q7,2009,Truck,,Manual,4015.0,19.91,45054.67,3897,2437.62,South Asia
VH04459,Subaru,Outback,2024,Coupe,Electric,AMT,0.0,9.72,40659.28,4151,866.78,South Asia
VH04955,Tesla,Model S,2006,SUV,Diesel,Automatic,4749.0,11.68,56558.05,3518,2878.25,Middle East
VH03965,Volkswagen,Golf,2020,Van,Electric,AMT,0.0,14.18,38383.28,2446,1459.03,South Asia
VH01818,Audi,Q5,2015,SUV,Electric,AMT,0.0,14.32,66143.57,3675,2390.23,South Asia
VH00401,Ford,Explorer,2008,SUV,LPG,CVT,4234.0,10.38,30109.12,1304,1749.44,Latin America
VH00711,Toyota,Corolla,2007,Hatchback,,Automatic,3410.0,12.14,26373.28,389,1317.7,Europe
VH01040,Mercedes-Benz,GLC,2020,Hatchback,Hybrid,DCT,2596.0,32.99,35254.29,3172,1418.66,Latin America
VH00778,Porsche,Boxster,2008,Convertible,Diesel,CVT,3255.0,10.31,-54983.15,1288,2671.18,Middle East
VH03360,Toyota,Camry,2020,SUV,Hybrid,AMT,3747.0,32.23,28038.72,3567,721.01,North America
VH00047,Tesla,Model Y,2007,Sedan,Hybrid,Automatic,3423.0,25.13,44491.21,610,2017.83,Europe
VH01562,Jeep,Compass,2008,SUV,LPG,DCT,3029.0,9.86,23355.09,1980,1273.5,Africa
VH04878,Porsche,Cayenne,2018,SUV,N/A,Manual,,17.28,55369.54,4497,2106.77,Europe
VH03643,BMW,X5,2016,Convertible,CNG,AMT,1972.0,20.15,51509.67,3799,2614.22,Asia Pacific
VH03727,Mercedes-Benz,GLC,2009,Coupe,Hybrid,AMT,2156.0,28.77,49352.68,1738,3166.05,Europe
VH04922,Tesla,Cybertruck,2019,Sedan,Petrol,CVT,3349.0,10.24,40636.22,4210,1747.83,Middle East
VH01113,Lexus,IS,2009,Convertible,Diesel,AMT,2565.0,13.55,48257.87,1139,1767.88,Middle East
VH02514,Toyota,Corolla,2008,Wagon,Hybrid,Manual,1611.0,29.71,35704.91,490,1860.66,Latin America
VH03609,  Tesla  ,Model Y,2022,Sedan, Electric ,Manual,0.0,,64568.89,3471,2715.69,Europe
VH01224,Mercedes-Benz,AMG GT,2009,Convertible,Hybrid,Seq,3066.0,22.04,51083.11,3320,2690.59,North America
VH04936,BMW,X5,2009,SUV,LPG,CVT,2839.0,9.62,53745.54,2550,2963.06,North America
VH03024,Nissan,Pathfinder,2010,Truck,Diesel,Manual,4150.0,18.89,34175.01,1748,1765.1,Asia Pacific
VH02422,Subaru,Crosstrek,2019,SUV,LPG,Manual,1743.0,10.58,26325.75,152,795.39,Asia Pacific
VH01509,Toyota,Camry,2007,Truck,Diesel,DCT,2607.0,10.52,29587.02,1948,1640.25,South Asia
VH01751,Audi,A6,2018,Wagon,LPG,Automatic,2208.0,11.01,46949.55,2606,2208.2,North America
VH04916,Ram,ProMaster,2015,Van,CNG,Automatic,2539.0,14.24,24548.52,1778,1215.94,Africa
VH04163,Ford,Escape,2017,Truck,Petrol,CVT,5867.0,12.02,34272.97,1956,1170.08,North America
VH01800,Mazda,CX-5,2019,Hatchback,LPG,Manual,2442.0,,20446.88,3128,899.28,Africa
VH00339,RAM,3500,2019,Van,hybrid,Automatic,2705.0,29.9,29254.37,1078,1282.17,Middle East
VH00216,Volvo,S60,2007,Hatchback,,Automatic,1223.0,17.58,39064.42,2411,2359.8,Latin America
VH03664,Mercedes-Benz,E-Class,2007,SUV,Petrol,Manual,3707.0,11.84,48986.27,3378,3411.67,Europe
VH01342,Audi,e-tron,2015,Coupe,Electric,CVT,0.0,14.69,53600.31,3393,1832.64,North America
VH00012,Chevrolet,Tahoe,2018,Sedan,Electric,Manual,,7.0,31503.42,3985,1344.98,Asia Pacific
VH01521,KIA,Carnival,2015,Van,hybrid,CVT,2653.0,22.61,29096.36,3615,1585.36,Africa
VH03641,Subaru,Impreza,2024,Van,Hybrid,Manual,3419.0,25.98,29213.8,2799,864.71,Africa
VH04074,Mazda,CX-5,2015,Van,LPG,CVT,1875.0,10.26,28891.0,3183,1390.24,Africa
VH03907,Subaru,WRX,2006,Truck,CNG,DCT,4283.0,12.21,32600.0,3612,1773.49,Europe
VH03005,BMW,M3,2014,Coupe,LPG,Manual,2821.0,16.82,44829.3,3967,2704.66,Europe
VH02865,Chevrolet,Colorado,2021,SUV,,CVT,2997.0,19.19,29928.8,2794,1152.54,Latin America
VH03116,,A3,2005,Hatchback,LPG,,2424.0,17.92,36593.69,1746,2206.58,South Asia
VH04919,Porsche,911,2008,Coupe,Diesel,DCT,2472.0,19.0,51653.57,2777,2934.34,Latin America
VH02323,Audi,Q5,2014,Wagon,LPG,AMT,2361.0,14.08,54489.29,1534,2396.73,Latin America
VH02572,Mazda,CX-5,2016,Hatchback,Diesel,AMT,1133.0,23.47,23487.16,504,926.88,Middle East
VH02914,Land Rover,Defender,2009,SUV,Petrol,AMT,2403.0,15.3,48030.99,3748,3032.65,North America
VH00102,Chevrolet,Malibu,2020,SUV,CNG,Automatic,2142.0,21.8,24073.82,2716,842.06,Europe
VH03550,Toyota,Tacoma,2011,Van,Diesel,CVT,3487.0,10.41,33141.66,3017,,Middle East
VH01459,Nissan,Pathfinder,2016,Convertible,CNG,AMT,1169.0,17.79,26696.55,1635,1080.19,Latin America
VH00172,Honda,Accord,2005,Coupe,CNG,,2765.0,14.42,28491.77,3101,1411.6,Asia Pacific
VH00108,Volvo,XC40,2023,Hatchback,Hybrid,Manual,2470.0,21.34,42097.92,1494,1711.42,Asia Pacific
VH04265,Mazda,MX-5 Miata,2021,Van,Petrol,DCT,2468.0,16.58,28867.15,3797,820.1,Europe
VH03570,VOLKSWAGEN,Atlas,2013,Coupe,petrol,DCT,2852.0,9.05,28789.92,3302,986.33,South Asia
VH03895,Toyota,Prius,2019,Van,,Manual,0.0,9.21,35739.48,4125,1464.13,Europe
VH04094,Volkswagen,Passat,2024,Wagon,Hybrid,Automatic,2007.0,19.76,27073.56,1915,774.79,Middle East
VH04367,Kia,Carnival,2023,SUV,Petrol,Automatic,1785.0,19.94,22731.41,2901,863.97,Latin America
VH00025,,Blazer,2013,SUV,Petrol,CVT,1777.0,18.83,30273.02,482,1042.96,South Asia
VH03996,Audi,Q7,2006,Van,Diesel,Automatic,2869.0,22.45,47569.48,2882,2309.1,North America
VH04190,Chevrolet,Blazer,2021,Sedan,CNG,,1617.0,15.68,22444.11,3363,685.88,Middle East
VH00939,Jeep,Grand Cherokee,2016,SUV,LPG,CVT,3448.0,14.89,24437.59,4930,1184.37,Asia Pacific
VH00061,Kia,Soul,2021,Sedan,LPG,AMT,1133.0,14.32,26075.48,4016,947.07,Asia Pacific
VH01241,Porsche,Cayenne,2016,Coupe,Petrol,DCT,1714.0,13.15,,1248,1864.21,Middle East
VH04714,Jeep,Gladiator,2011,SUV,Diesel,Manual,,21.69,29728.08,3606,1144.81,Asia Pacific
VH01041,Porsche,Macan,2017,Convertible,CNG,AMT,3174.0,13.95,47087.78,1655,1928.49,Europe
VH04255,Toyota,Camry,2021,Wagon,LPG,AMT,1068.0,12.09,23447.94,357,,Africa
VH02761,Volvo,S60,2020,Coupe,CNG,CVT,2027.0,13.45,46852.11,1012,,North America
VH02121,Mazda,CX-9,2015,Hatchback,Hybrid,Manual,1637.0,21.96,26143.94,1237,1138.36,North America
VH01525,Volkswagen,Jetta,2015,Sedan,,CVT,2931.0,10.28,23037.18,4760,948.3,Asia Pacific
VH03522,Volkswagen,ID.4,2007,Convertible,Diesel,AMT,1179.0,14.62,29460.47,4881,1934.95,South Asia
VH00154,Hyundai,Tucson,2020,Van,Hybrid,AMT,3466.0,32.94,22964.92,1423,626.38,South Asia
VH02249,Kia,Carnival,2010,Hatchback,Petrol,CVT,2706.0,11.42,24487.16,850,907.05,Latin America
VH00482,Tesla,Model 3,2013,Sedan,,Manual,2785.0,11.78,37809.67,4032,1281.3,North America
VH04302,Land Rover,Discovery,2021,SUV,Electric,Manual,0.0,9.79,62345.13,4984,1589.14,Asia Pacific
VH04377,Toyota,Camry,2011,Van,Petrol,CVT,3113.0,10.27,20931.56,4037,1008.76,Middle East
VH03579,Land Rover,Freelander,2017,SUV,Diesel,,3707.0,22.01,49913.86,1742,2454.19,North America
VH04193,Lexus,NX,2013,SUV,CNG,Automatic,3227.0,16.5,45949.76,4162,2561.81,Europe
VH03563,Nissan,Frontier,2024,SUV,Electric,Manual,0.0,11.3,30614.32,1736,882.45,North America
VH03316,Subaru,WRX,2022,Sedan,Electric,Manual,0.0,9.98,28314.13,213,927.22,South Asia
VH01763,Tesla,Model 3,2010,SUV,Diesel,DCT,2600.0,13.63,53282.79,985,3220.35,Europe
VH03539,Volvo,XC90,2016,SUV,CNG,Automatic,3612.0,16.9,47983.27,1077,1585.48,North America
VH04882,Chevrolet,Blazer,2013,Sedan,LPG,DCT,,9.56,23229.68,2152,,North America
VH00751,Tesla,Model X,2016,Sedan,Diesel,DCT,3207.0,14.39,49124.05,939,1911.42,North America
VH03620,BMW,5 Series,2006,Convertible,CNG,Unknown,2522.0,13.11,50920.44,1239,3445.09,South Asia
VH01786,Kia,Sportage,2013,Van,Petrol,CVT,1978.0,19.29,,1432,1488.28,North America
VH04763,Lexus,GX,2024,Sedan,Electric,Manual,0.0,7.57,58167.71,3946,1710.16,Europe
VH03384,BMW,X5,2017,Wagon,CNG,Automatic,2666.0,17.74,56189.98,3978,2839.84,Europe
VH04206,Jeep,Compass,2006,SUV,Diesel,CVT,4592.0,20.23,35923.33,2367,2283.97,North America
VH00406,Mercedes-Benz,C-Class,2017,Truck,Hybrid,DCT,4996.0,28.65,49703.58,3757,1969.43,South Asia
VH00758,BMW,M3,2018,Coupe,CNG,AMT,1995.0,,47871.37,676,1703.72,Latin America
VH02712,Volkswagen,ID.4,2014,Wagon,Electric,AMT,0.0,13.77,27735.66,4510,,Latin America
VH02671,Lexus,ES,2019,Van,LPG,CVT,2234.0,,36986.69,2554,1608.87,Asia Pacific
VH04654,Ram,Dakota,2015,Van,Electric,AMT,0.0,13.97,32798.09,536,1331.01,North America
VH00098,Land Rover,Range Rover,2007,SUV,CNG,AMT,,18.3,42299.56,3726,2138.31,South Asia
VH01334,Subaru,Legacy,2024,Wagon,CNG,DCT,3090.0,18.93,27474.54,3995,777.6,Africa
VH04526,Land Rover,Defender,2018,SUV,Electric,DCT,0.0,8.4,64231.69,3524,1762.83,Latin America
VH02792,Volvo,C40,2006,Wagon,Electric,AMT,0.0,10.45,53541.09,3927,2993.61,South Asia
VH02855,Nissan,Rogue,2010,Wagon,CNG,DCT,3191.0,15.98,27705.07,3666,1364.65,South Asia
VH00187,Audi,A4,2015,Wagon,Petrol,AMT,2814.0,14.8,,3589,1870.91,South Asia
VH01137,Land Rover,Defender,2006,SUV,,Automatic,,21.04,52722.29,806,2663.97,North America
VH02724,VOLVO,XC90,2008,Convertible,,Manual,1212.0,18.44,51812.97,4004,2509.98,North America
VH03584,Subaru,Crosstrek,2010,Sedan,CNG,Manual,3265.0,17.79,26128.14,3618,1579.58,North America
VH02059,Hyundai,Sonata,2008,Convertible,CNG,Manual,3406.0,16.88,29805.46,4988,1528.53,South Asia
VH01320,Jeep,Cherokee,2015,SUV,Electric,Automatic,0.0,6.76,39045.8,3037,1847.16,Asia Pacific
VH04267,Ram,2500,2016,Truck,Diesel,Automatic,5656.0,14.55,25688.84,2808,1149.7,North America
VH00149,Nissan,Altima,2013,Van,CNG,AMT,3019.0,,31080.16,3192,1372.1,Africa
VH00029,Hyundai,Kona,2005,Sedan,CNG,CVT,1470.0,13.45,27920.41,1650,1342.1,South Asia
VH04208,TOYOTA,Prius,2024,Convertible,diesel,Manual,1363.0,14.1,,3319,616.17,Latin America
VH01395,Nissan,Frontier,2010,Coupe,CNG,Automatic,1388.0,17.33,27089.93,1884,1181.95,Latin America
VH03364,Mercedes-Benz,C-Class,2007,Convertible,,,2507.0,17.4,46454.34,4034,2708.92,Asia Pacific
VH00693,Porsche,Taycan,2010,Convertible,LPG,AMT,1562.0,14.93,44503.17,570,2310.06,Europe
VH02867,Porsche,Taycan,2007,Coupe,Diesel,DCT,1674.0,20.43,46587.32,1334,2165.67,Middle East
VH03777,Hyundai,Tucson,2020,SUV,LPG,Manual,2060.0,12.66,26987.59,3093,1087.71,Europe
VH01387,BMW,7 Series,2009,Wagon,LPG,AMT,3476.0,15.36,50982.46,4861,2833.08,Latin America
VH01846,Volvo,S60,2009,Sedan,Petrol,Automatic,1669.0,9.65,47845.08,784,2715.84,Middle East
VH04809,Land Rover,Evoque,2012,SUV,Petrol,AMT,1846.0,15.27,39324.06,4650,2323.9,Europe
VH00130,Ram,Dakota,2011,Van,Electric,Automatic,0.0,8.99,34128.79,3145,1495.38,South Asia
VH01600,Mazda,CX-5,2024,Hatchback,CNG,AMT,2055.0,15.09,19527.31,2832,378.86,Asia Pacific
VH03630,Nissan,Pathfinder,2006,Truck,Petrol,AMT,,13.77,25198.95,3905,1656.47,Middle East
VH04578,Nissan,Pathfinder,2016,SUV,Electric,DCT,0.0,10.08,33369.13,3040,1684.81,North America
VH00702,Tesla,Cybertruck,2021,SUV,Petrol,Manual,2659.0,13.45,55415.4,3418,1652.72,Asia Pacific
VH03548,Lexus,ES,2017,Wagon,Electric,Manual,0.0,11.16,47674.53,1839,1914.48,Africa
VH03029,Volvo,S60,2013,Hatchback,LPG,DCT,2303.0,9.86,33135.24,2131,1359.38,South Asia
VH02970,Hyundai,Santa Fe,2016,Truck,LPG,AMT,4185.0,,21504.96,3265,1064.44,Middle East
VH04428,Chevrolet,Tahoe,2009,SUV,Hybrid,Manual,4840.0,27.85,20744.19,2069,,North America
VH01709,Kia,Telluride,2013,Truck,Hybrid,Manual,3759.0,28.7,37106.78,1469,1920.3,Europe
VH02954,Mazda,MX-5 Miata,2019,SUV,Hybrid,AMT,1620.0,15.46,34753.85,1927,1216.68,Middle East
VH00455,Volkswagen,Tiguan,2020,SUV,,CVT,,15.28,35967.55,1680,1327.97,North America
VH02869,Mercedes-Benz,S-Class,2015,Convertible,Petrol,AMT,1250.0,16.82,43922.89,2542,2522.05,South Asia
VH02041,Subaru,Impreza,2009,Sedan,Electric,CVT,0.0,11.0,37979.61,585,1829.79,Middle East
VH01773,Hyundai,Tucson,2024,SUV,Petrol,DCT,2753.0,15.48,32377.5,1795,869.22,South Asia
VH02316,Volvo,XC40,2012,Truck,Petrol,AMT,3781.0,14.11,42114.63,891,2565.0,North America
VH00610,Jeep,Grand Cherokee,2011,SUV,Diesel,DCT,2373.0,12.09,33333.03,4808,1644.86,Latin America
VH00168,Mazda,MX-5 Miata,2021,Sedan,Hybrid,Automatic,1572.0,19.85,22561.09,1613,670.61,Asia Pacific
VH00731,Volkswagen,Tiguan,2021,Hatchback,LPG,AMT,1754.0,17.74,23092.21,2363,817.85,Latin America
VH04319,Porsche,Taycan,2022,SUV,LPG,Manual,1601.0,9.42,38461.29,1584,1152.59,Europe
VH03359,Ford,F-150,2016,Sedan,Diesel,,2111.0,10.38,23463.45,3026,1091.05,Asia Pacific
VH03897,Mazda,CX-30,2022,Convertible,Hybrid,Manual,3325.0,31.06,29738.55,160,773.74,Europe
VH02075,Subaru,Crosstrek,2008,Sedan,Diesel,AMT,,17.06,28657.5,1989,1213.95,Latin America
VH04502,Tesla,Model Y,2017,Sedan,Petrol,DCT,1092.0,19.82,48820.66,1155,2200.48,South Asia
VH03946,Jeep,Renegade,1950,SUV,Hybrid,AMT,4447.0,,28439.39,3099,1543.92,Middle East
VH03701,Kia,Forte,2015,Hatchback,LPG,Automatic,2114.0,16.15,21721.85,4254,1053.01,Middle East
VH01623,Tesla,Model X,2016,Sedan,LPG,Manual,2954.0,12.28,41984.56,4116,1581.25,North America
VH00588,Honda,Accord,2021,Wagon,Hybrid,Automatic,1778.0,20.42,20984.07,3865,815.12,Europe
VH01402,Subaru,Crosstrek,2010,Hatchback,Hybrid,Automatic,3343.0,34.27,27715.45,-1193,1344.67,Africa
VH03046,Honda,HR-V,2022,Truck,Electric,AMT,0.0,,33002.19,926,1146.8,South Asia
VH03225,Land Rover,Freelander,2006,SUV,Petrol,DCT,3218.0,14.65,52720.03,3775,2351.74,Latin America
VH01701,Audi,Q7,2007,Van,Diesel,Automatic,2239.0,22.7,53020.38,4501,2605.33,Europe
VH03089,Chevrolet,Silverado,2013,Truck,CNG,Manual,3656.0,18.56,32215.53,99,1503.17,Africa
VH04462,Hyundai,Santa Fe,2014,Sedan,Diesel,DCT,3478.0,19.28,29554.1,4514,1673.34,Middle East
VH02982,Lexus,RX,2024,Coupe,Diesel,CVT,1473.0,24.51,43157.39,4520,1333.59,Europe
VH00041,BMW,M3,2021,Van,Electric,DCT,0.0,13.93,61088.29,4454,2520.41,South Asia
VH01380,Land Rover,Defender,2010,SUV,LPG,AMT,3642.0,14.85,45740.32,3659,2545.06,Africa
VH02090,Subaru,Impreza,2007,Truck,Electric,Automatic,0.0,10.71,37912.2,1271,1864.23,North America
VH03925,Mercedes-Benz,GLE,2005,Truck,LPG,Manual,3390.0,16.07,54977.79,4533,2848.3,Europe
VH02176,  Nissan  ,Murano,2006,Convertible, Diesel ,AMT,1464.0,21.04,31706.1,4517,1852.97,Middle East
VH03218,Ford,F-150,2005,Sedan,Diesel,Manual,3231.0,22.94,26815.91,4887,,South Asia
VH02886,Honda,Ridgeline,2009,Coupe,,AMT,0.0,5.77,31136.19,191,1844.18,Africa
VH00075,Ram,3500,2017,Van,Diesel,Manual,1961.0,20.89,29979.54,2617,1201.98,North America
VH04696,Ford,F-150,2022,Sedan,Hybrid,DCT,3459.0,33.33,21415.87,814,740.35,Asia Pacific
VH04027,Subaru,WRX,2008,Hatchback,CNG,DCT,2555.0,14.63,21327.39,4178,1193.31,Europe
VH02658,Ford,F-150,2023,SUV,Diesel,Manual,4206.0,23.7,31504.23,79,986.15,South Asia
VH03181,Volvo,XC60,2021,Sedan,Hybrid,Manual,2144.0,24.75,41717.83,405,1220.64,Middle East
VH02077,Toyota,Tacoma,2011,Truck,Diesel,CVT,5553.0,,28330.81,1016,,North America
VH00442,Volkswagen,ID.4,2015,SUV,Petrol,DCT,2037.0,16.88,23890.67,3515,739.71,Middle East
VH04389,Volkswagen,Atlas,2020,Convertible,Diesel,CVT,1728.0,13.24,27893.45,4484,,Middle East
VH02052,Tesla,Model 3,2006,SUV,Hybrid,DCT,3865.0,16.0,64994.25,2314,2792.86,Africa
VH02542,Lexus,RX,2018,Coupe,CNG,AMT,1373.0,15.41,47084.06,2477,1571.65,Africa
VH03307,Volkswagen,Atlas,2012,Convertible,CNG,CVT,2162.0,21.57,27035.68,3038,1332.49,Europe
VH01302,Mercedes-Benz,GLE,2017,Truck,Electric,Manual,0.0,14.07,66583.43,2856,2812.39,South Asia
VH01782,Hyundai,Palisade,2024,Truck,Diesel,DCT,3120.0,15.44,34906.9,1050,728.03,Europe
VH04893,Mazda,CX-30,2006,SUV,Diesel,Automatic,2927.0,12.22,31688.46,3369,1774.63,Latin America
VH03431,Tesla,Cybertruck,2009,SUV,Hybrid,AMT,2278.0,28.45,53388.88,311,,Asia Pacific
VH01305,Hyundai,Santa Fe,2006,Truck,Diesel,Manual,5518.0,11.12,28346.83,2569,1216.88,North America
VH00237,Ford,Mustang,2015,SUV,CNG,AMT,4191.0,18.1,26238.05,4765,1140.56,Middle East
VH02600,Porsche,911,2011,Convertible,CNG,Manual,3339.0,21.72,46028.13,4329,3090.11,Europe
VH00521,Audi,Q7,2012,SUV,Petrol,Automatic,4167.0,11.45,53114.2,1761,2467.54,Asia Pacific
VH02574,Audi,e-tron,2008,Wagon,LPG,AMT,3039.0,15.81,44257.54,3426,2662.34,South Asia
VH03281,Kia,Sorento,2014,Sedan,Diesel,DCT,3027.0,22.57,22385.53,229,929.43,Africa
VH03187,Porsche,Cayenne,2021,Convertible,Diesel,Manual,2893.0,24.48,58128.7,4779,2090.5,Latin America
VH03954,Land Rover,Defender,2015,SUV,Electric,CVT,0.0,6.63,66709.17,2223,2584.78,Europe
VH02769,Subaru,Crosstrek,2008,Hatchback,LPG,Automatic,1753.0,9.79,16310.14,723,894.96,South Asia
VH00736,Chevrolet,Colorado,2011,SUV,Hybrid,Automatic,3581.0,27.83,33969.87,2844,1536.81,South Asia
VH04781,Mazda,CX-9,2022,Van,CNG,AMT,3131.0,17.1,25087.49,4237,1046.95,Latin America
VH02525,Ford,Escape,2023,Sedan,,Manual,2321.0,24.25,29620.5,1643,719.02,Africa
VH02107,Volkswagen,ID.4,2014,Convertible,CNG,Automatic,3170.0,20.18,34126.1,4434,1589.5,Latin America
VH02680,Kia,Telluride,2040,Sedan,LPG,DCT,1530.0,13.09,29011.89,2700,763.69,Africa
VH03230,Hyundai,Tucson,2019,SUV,LPG,AMT,3863.0,17.08,30602.22,1401,1268.9,North America
VH02762,BMW,X5,2024,Hatchback,Petrol,AMT,3196.0,13.38,41640.25,697,1388.53,Africa
VH00593,Honda,Pilot,2017,Coupe,LPG,AMT,1462.0,13.18,28122.14,2143,1373.4,Africa
VH01304,Ram,2500,2011,Truck,LPG,AMT,5189.0,15.35,24956.06,1837,1240.56,Asia Pacific
VH01388,Volvo,XC40,2012,Wagon,Hybrid,AMT,1056.0,25.56,48654.63,184,2525.93,Africa
VH04772,Land Rover,Evoque,2019,SUV,LPG,AMT,2444.0,13.89,46290.1,1324,1323.9,South Asia
VH04601,,Blazer,2008,Sedan,Hybrid,Automatic,3198.0,24.58,26292.3,1021,1828.98,Middle East
VH04084,Honda,Accord,2012,Van,Hybrid,DCT,2125.0,16.59,24238.48,3593,1236.08,North America
VH01891,Chevrolet,Equinox,2016,SUV,Hybrid,CVT,2318.0,34.28,27808.29,880,1247.18,Asia Pacific
VH02988,Subaru,Forester,2020,Coupe,Hybrid,Automatic,1019.0,21.44,31222.52,1483,,Africa
VH04595,Lexus,GX,2021,Van,Electric,Manual,0.0,12.36,64245.17,4485,2173.93,Middle East
VH03298,Volkswagen,Atlas,2014,Hatchback,Diesel,DCT,1861.0,17.95,26482.28,4951,1581.37,Latin America
VH00905,Mazda,CX-5,2018,Sedan,Diesel,DCT,2504.0,23.58,26464.52,2401,1261.32,Latin America
VH04685,Chevrolet,Silverado,2015,Sedan,Diesel,CVT,3113.0,21.19,28767.01,480,1310.76,Europe
VH01280,Kia,Sorento,2018,Wagon,CNG,AMT,3135.0,12.54,25705.0,222,820.11,North America
VH00934,Lexus,ES,2013,Van,LPG,Manual,3343.0,9.64,40504.05,1154,1934.7,South Asia
VH04979,Ram,1500,2013,Van,LPG,AMT,2687.0,10.09,25356.56,2747,1091.57,Latin America
VH02309,Porsche,Taycan,2024,Convertible,CNG,AMT,1826.0,20.9,46782.86,926,1154.9,Africa
VH01556,Porsche,Boxster,2005,Coupe,LPG,DCT,3263.0,14.07,53814.98,4373,3983.27,Middle East
VH04608,Ford,Escape,2023,Sedan,Petrol,AMT,1417.0,15.66,23558.84,3349,789.94,South Asia
VH03191,BMW,M3,2005,Sedan,Hybrid,Automatic,2058.0,34.46,50727.74,3743,3125.29,Asia Pacific
VH04516,Chevrolet,Equinox,2012,Sedan,Diesel,Automatic,2586.0,17.19,24826.07,4627,838.46,Middle East
VH00707,  Audi  ,Q5,2006,Van, CNG ,Automatic,1908.0,20.27,46006.55,170,2925.53,Europe
VH04767,Audi,e-tron,2015,Wagon,CNG,Automatic,2097.0,19.98,48027.62,1543,2292.88,Asia Pacific
VH03071,Kia,Soul,2006,Truck,Petrol,Automatic,,8.33,36415.87,745,1545.02,Europe
VH00746,Subaru,Outback,2014,Convertible,CNG,Manual,1159.0,19.37,30154.8,485,1409.79,North America
VH03595,BMW,X5,2009,Van,Diesel,CVT,3051.0,11.14,44411.64,2594,1852.73,Latin America
VH01940,Volvo,C40,2011,SUV,LPG,DCT,3721.0,11.23,54118.45,3424,2784.84,Latin America
VH04472,Nissan,Murano,2011,Sedan,LPG,DCT,3449.0,14.17,22115.58,4135,864.33,Africa
VH02863,Ford,F-150,2014,SUV,Electric,DCT,0.0,12.98,,4643,2214.15,Europe
VH01921,Kia,Carnival,2013,Wagon,Diesel,AMT,1609.0,23.01,33469.6,2761,1364.01,Latin America
VH00514,Volvo,XC90,2022,Wagon,LPG,,1847.0,15.33,37956.53,3459,1245.22,South Asia
VH00082,Jeep,Wrangler,2013,SUV,Electric,DCT,0.0,11.71,38782.45,3692,1866.79,North America
VH02641,Ram,2500,2008,Van,CNG,CVT,3390.0,12.68,28004.45,51,1485.72,Middle East
VH01309,Kia,Sportage,2018,Sedan,Petrol/Gas,DCT,1861.0,30.84,32242.95,2627,1381.76,Africa
VH04623,Porsche,Boxster,2022,Convertible,Diesel,AMT,2987.0,19.18,45426.82,1744,1225.34,North America
VH00915,Volvo,S60,2024,Convertible,Electric,CVT,0.0,5.29,61067.36,875,1733.77,Europe
VH03453,Land Rover,Defender,2024,SUV,LPG,DCT,3568.0,12.47,42745.29,1464,1073.47,Asia Pacific
VH03696,Toyota,Camry,2010,SUV,LPG,AMT,3481.0,,24063.08,1866,882.46,South Asia
VH04883,Volvo,S60,2008,Wagon,Hybrid,AMT,2865.0,23.74,51041.63,159,2682.26,Asia Pacific
VH03157,Subaru,Forester,2017,Sedan,Petrol,DCT,2154.0,,30220.43,3597,1109.87,Europe
VH02199,Lexus,RX,2010,Truck,LPG,Manual,2630.0,9.4,53455.26,1062,2627.07,Asia Pacific
VH04422,Volvo,XC90,2016,Wagon,Hybrid,CVT,1882.0,15.48,41140.75,1593,2097.46,Africa
VH00775,Subaru,Legacy,2005,Sedan,LPG,Manual,1254.0,12.03,24095.65,4395,1435.96,South Asia
VH00330,Lexus,ES,2013,SUV,LPG,DCT,4186.0,10.52,44538.34,3610,1782.44,North America
VH02055,Nissan,Altima,2019,Van,Petrol,Automatic,2584.0,9.29,25090.64,1047,1103.53,North America
VH02002,Mazda,CX-9,2018,Sedan,Electric,Manual,0.0,5.07,28475.55,3737,1316.47,Europe
VH00944,Mercedes-Benz,AMG GT,2022,Convertible,Hybrid,CVT,1255.0,19.1,60600.92,4237,2382.74,Asia Pacific
VH00823,Kia,Telluride,2009,Convertible,Petrol,CVT,2192.0,16.15,23505.85,4451,1353.46,Middle East
VH04602,Mazda,CX-30,2008,Wagon,,DCT,1010.0,12.67,28948.41,196,1366.32,South Asia
VH00910,Toyota,Corolla,2008,Coupe,Diesel,Automatic,2672.0,18.21,24821.0,3274,1609.79,Africa
VH02517,Ford,F-150,2019,Sedan,Petrol,DCT,1781.0,8.96,23076.71,4691,871.26,Africa
VH00182,Volvo,V60,2005,Convertible,Electric,AMT,0.0,10.85,63086.53,2864,3715.04,Africa
VH00165,Hyundai,Kona,2009,Van,LPG,DCT,2633.0,12.75,24372.52,1971,1414.23,North America
VH01524,Tesla,Model 3,2012,SUV,Hybrid,CVT,1762.0,26.64,53702.15,3572,2774.76,Europe
VH00452,Volvo,V60,2014,Hatchback,Diesel,CVT,1676.0,20.31,45000.43,764,2097.43,Africa
VH03984,Hyundai,Tucson,2014,Wagon,Petrol,DCT,1799.0,10.54,25745.46,4026,1011.21,Asia Pacific
VH02539,Mercedes-Benz,GLE,2009,SUV,,Manual,1663.0,14.05,46952.13,2931,2880.63,Asia Pacific
VH04173,  VOLKSWAGEN  ,Passat,2008,Truck, hybrid ,Automatic,3286.0,26.75,30691.03,77,,Middle East
VH04854,Volkswagen,Tiguan,2016,Van,CNG,CVT,3143.0,16.93,24000.6,4357,1065.24,Middle East
VH01312,Kia,Soul,2023,Truck,CNG,DCT,3731.0,14.71,30632.0,753,989.04,Asia Pacific
VH03150,  Hyundai  ,Sonata,2008,Hatchback, CNG ,CVT,3113.0,15.11,22253.25,2561,1384.76,Latin America
VH01112,Land Rover,Range Rover,2018,SUV,CNG,CVT,,14.28,39600.71,3092,1292.49,Asia Pacific
VH04622,Honda,Civic,2013,Van,LPG,CVT,2192.0,13.48,25768.9,4486,1592.82,Africa
VH03875,Chevrolet,Tahoe,2023,SUV,LPG,AMT,4838.0,15.1,19491.18,2807,640.28,Africa
VH03490,Honda,CR-V,2013,Hatchback,LPG,AMT,3296.0,14.08,25000.49,2578,1121.33,South Asia
VH01288,Volvo,C40,2020,SUV,CNG,Manual,4634.0,13.56,56560.67,4543,2229.47,Europe
VH04245,Porsche,Taycan,2020,Convertible,Petrol,AMT,1299.0,-11.79,46634.71,1109,1842.92,South Asia
VH04774,Hyundai,Santa Fe,2010,Wagon,Hybrid,Automatic,2004.0,19.86,24289.1,1811,,Middle East
VH03301,Audi,Q7,2011,SUV,Hybrid,AMT,4544.0,29.46,68248.8,1128,3543.09,Africa
VH03311,Toyota,Tacoma,2023,Truck,Hybrid,Manual,5473.0,16.52,33375.49,3665,1229.12,Europe
VH00328,Subaru,Crosstrek,2013,Van,LPG,DCT,3243.0,15.94,23799.04,1892,1171.48,South Asia
VH02491,Volvo,V60,2023,Wagon,CNG,Automatic,3040.0,12.52,39902.22,2639,1212.69,Asia Pacific
VH04762,Tesla,Model 3,2013,SUV,Hybrid,Automatic,2814.0,,53627.64,2071,2908.6,Asia Pacific
VH00833,Volvo,XC40,2011,Sedan,LPG,Automatic,3038.0,15.61,47133.52,2196,2310.76,Europe
VH03080,Porsche,Macan,2005,SUV,Diesel,DCT,2330.0,20.23,40925.64,4360,2547.26,Middle East
VH03463,Toyota,Corolla,2014,Convertible,CNG,Manual,1665.0,21.07,32159.58,2310,1153.13,Asia Pacific
VH04463,Volvo,XC90,2024,SUV,Electric,Manual,0.0,5.48,55420.23,3340,1561.3,Latin America
VH00055,Porsche,Taycan,2011,Convertible,Electric,CVT,0.0,,58997.44,2654,,Europe
VH04065,Volvo,XC60,2011,Truck,Petrol,Automatic,2807.0,17.49,54452.28,1447,2284.38,Europe
VH03452,Land Rover,Range Rover,2011,SUV,CNG,Manual,4742.0,20.23,46428.68,4049,2223.77,Asia Pacific
VH01902,Tesla,Model 3,2009,SUV,Diesel,AMT,3096.0,14.2,45782.21,2247,2290.24,Europe
VH01482,  Ford  ,Edge,2008,Sedan, Hybrid ,Automatic,1196.0,32.32,32184.23,529,1896.63,South Asia
VH03336,Land Rover,Evoque,2018,SUV,CNG,CVT,3785.0,12.99,46115.21,2448,1822.43,Europe
VH00947,BMW,X5,2006,Convertible,Electric,CVT,0.0,6.13,57659.8,2247,2924.96,Asia Pacific
VH03294,Porsche,911,2008,Convertible,Petrol,DCT,3180.0,19.0,59219.43,3834,2963.61,Latin America
VH02162,Toyota,Highlander,2013,Convertible,LPG,Automatic,2653.0,16.1,21295.34,3445,841.46,North America
VH03058,Lexus,ES,2024,Van,Electric,AMT,0.0,11.15,64366.55,2871,1998.24,South Asia
VH00769,Hyundai,Elantra,2010,Convertible,Hybrid,AMT,2087.0,30.74,33624.17,3101,2148.91,Asia Pacific
VH04932,Hyundai,Palisade,2017,SUV,Electric,AMT,0.0,10.18,31972.06,2375,1102.7,Asia Pacific
VH03496,Porsche,Panamera,2005,SUV,LPG,Manual,3365.0,9.03,42820.35,1532,2414.8,Latin America
VH00286,Land Rover,Discovery,2020,SUV,Electric,CVT,0.0,6.28,,2924,2600.7,South Asia
VH04856,Subaru,Crosstrek,2017,Wagon,Electric,AMT,0.0,9.61,36778.05,4136,1351.77,North America
VH04523,Volvo,V60,2023,Wagon,Petrol,DCT,2683.0,11.62,52157.4,4016,1674.98,South Asia
VH02333,Lexus,LS,2007,Truck,Electric,Manual,0.0,,72605.82,2994,,Asia Pacific
VH02718,BMW,X3,2017,SUV,Petrol,DCT,1616.0,11.66,51487.57,517,2348.43,Middle East
VH02080,Subaru,WRX,2014,Coupe,Hybrid,DCT,2224.0,32.45,26326.68,4538,1163.48,South Asia
VH03390,Volvo,XC60,2011,SUV,CNG,Manual,2964.0,14.73,53591.73,1092,3116.98,Middle East
VH00723,Kia,Carnival,2020,Van,CNG,Automatic,2945.0,19.48,22566.39,733,784.66,North America
VH00952,Kia,Telluride,2012,Truck,Diesel,CVT,5360.0,11.01,31293.55,2433,2280.33,South Asia
VH04438,Kia,Sportage,2012,Wagon,Hybrid,DCT,2500.0,19.75,27008.32,2089,1494.34,Asia Pacific
VH02263,Nissan,Murano,2009,Coupe,Electric,AMT,0.0,14.57,31570.14,2572,1797.53,South Asia
VH00990,Nissan,Frontier,2016,Van,Electric,Automatic,,9.68,29968.21,1366,1146.38,Europe
VH03213,Chevrolet,Colorado,2014,Truck,LPG,DCT,2957.0,10.61,30842.01,1572,1441.73,Latin America
VH01760,MAZDA,CX-9,2014,SUV,electric,AMT,0.0,,32671.02,3000,1477.61,Middle East
VH04174,Tesla,Cybertruck,2014,Sedan,CNG,Automatic,2083.0,14.24,39262.22,2854,1423.39,Asia Pacific
VH01725,Ram,1500,2011,Truck,Hybrid,CVT,4990.0,22.48,29519.56,225,1327.54,South Asia
VH00342,Lexus,GX,2011,SUV,Electric,CVT,0.0,13.83,64324.83,2647,,Latin America
VH03702,Lexus,RX,2009,Wagon,Electric,DCT,,6.15,60094.14,2991,2918.43,Africa
VH00689,BMW,3 Series,2013,Convertible,CNG,DCT,1411.0,15.74,45091.11,4415,1855.68,Africa
VH03433,  Chevrolet  ,Equinox,2013,Truck, Diesel ,CVT,5224.0,16.24,27812.26,2339,1387.51,Latin America
VH00967,Subaru,Crosstrek,2018,Hatchback,Petrol,DCT,1625.0,19.97,26251.81,3570,984.3,Asia Pacific
VH04805,Porsche,Cayenne,2007,SUV,Diesel,Automatic,3737.0,22.55,41432.71,1960,2285.07,Africa
VH02204,Porsche,911,2006,Convertible,CNG,DCT,1854.0,12.27,47711.72,873,2553.41,North America
VH02714,MERCEDES-BENZ,S-Class,2008,Convertible,petrol,AMT,2770.0,14.0,65838.78,3074,3348.57,North America
VH03573,Porsche,Taycan,2024,SUV,,,,,50652.41,11,1767.76,North America
VH01991,Audi,e-tron,2015,Van,Hybrid,Manual,1866.0,15.45,49414.98,3870,2161.22,North America
VH04121,Nissan,Sentra,2006,Wagon,CNG,CVT,1677.0,,26018.5,4599,1852.74,Europe
VH04169,Porsche,Panamera,2018,Coupe,Electric,CVT,0.0,,60668.23,2678,2024.49,Africa
VH04821,Kia,Telluride,2015,Coupe,Diesel,Manual,1923.0,11.57,35276.6,3592,1581.42,Asia Pacific
VH03601,,Elantra,2012,Hatchback,LPG,DCT,1082.0,10.48,23229.56,4742,1028.93,Asia Pacific
VH04642,Subaru,Forester,2021,Van,CNG,Automatic,3235.0,21.42,23639.96,574,962.59,Middle East
VH01501,Land Rover,Range Rover,2022,SUV,Hybrid,AMT,3103.0,24.02,58425.26,2378,1988.67,North America
VH04963,Nissan,Murano,2013,Sedan,Electric,,0.0,6.95,36033.64,3007,1685.21,Africa
VH00386,Audi,e-tron,2011,SUV,Hybrid,AMT,2226.0,27.13,56831.81,1685,2506.81,Asia Pacific
VH04442,Mercedes-Benz,GLE,2016,Truck,Diesel,AMT,3558.0,15.68,56484.46,4323,2607.45,South Asia
VH04644,Toyota,Corolla,2020,Coupe,CNG,DCT,1635.0,19.7,32327.68,2037,,South Asia
VH00537,Mazda,MX-5 Miata,2007,SUV,Electric,CVT,0.0,,45790.67,237,2859.51,Africa
VH04742,Nissan,Frontier,2008,Sedan,Diesel,CVT,2101.0,24.97,22000.2,4616,1066.52,Europe
VH03508,Mercedes-Benz,AMG GT,2011,Truck,,Manual,4268.0,9.73,51694.37,4236,2719.48,Europe
VH00202,Mazda,CX-9,2014,SUV,Diesel,DCT,2408.0,10.68,,450,1153.01,Middle East
VH01333,BMW,X3,2011,Wagon,Petrol,AMT,,10.88,48160.31,2764,2215.86,Latin America
VH03503,Porsche,Boxster,2022,SUV,LPG,Automatic,2537.0,15.67,49147.74,1509,1838.94,North America
VH02709,Honda,CR-V,2013,Wagon,LPG,Manual,2667.0,9.77,25180.43,4823,1018.93,North America
VH04022,Porsche,Boxster,2022,Coupe,Petrol,DCT,,9.07,51537.98,3765,1952.04,Latin America
VH01855,Ford,Explorer,2023,Sedan,Hybrid,Manual,2452.0,33.68,32050.33,4823,1256.59,Middle East
VH04544,Honda,Civic,2020,Hatchback,,Automatic,2514.0,19.51,17511.75,1684,632.53,North America
VH02873,Land Rover,Evoque,2014,SUV,,CVT,0.0,11.37,57212.65,2793,2386.78,South Asia
VH03031,Land Rover,Evoque,2007,SUV,CNG,Manual,2013.0,19.82,45080.31,671,2840.46,Asia Pacific
VH01206,BMW,X3,2012,Van,Hybrid,Manual,3132.0,31.56,58554.76,2981,4177.12,Latin America
VH01646,Mercedes-Benz,C-Class,2008,Hatchback,CNG,AMT,2605.0,16.88,38059.14,3339,1926.92,Africa
VH03418,Mazda,CX-9,2022,Convertible,,DCT,1735.0,14.23,23124.9,1185,719.78,Middle East
VH03477,HYUNDAI,Palisade,2008,Wagon,petrol,DCT,2052.0,16.26,28760.06,4641,1809.71,Europe
VH02862,Subaru,WRX,2010,Truck,Electric,AMT,0.0,,32072.52,4558,1546.68,South Asia
VH01793,Land Rover,Defender,2021,SUV,Electric,Automatic,0.0,13.57,66501.6,3331,1985.11,North America
VH03798,Subaru,Forester,2006,Sedan,Petrol,DCT,1184.0,10.68,20600.86,2951,1002.93,South Asia
VH03369,Tesla,Model Y,2013,Sedan,Diesel,AMT,2768.0,13.81,37396.95,1125,2053.58,Latin America
VH03368,Toyota,Tacoma,2011,SUV,LPG,DCT,1865.0,15.81,24233.19,4507,1029.16,Latin America
VH03534,BMW,3 Series,2010,Convertible,Hybrid,DCT,3483.0,22.72,54351.91,2765,2912.4,Middle East
VH04465,Volvo,XC90,2017,SUV,Hybrid,DCT,1647.0,33.77,44392.8,72,2198.83,Africa
VH03450,Audi,A3,2016,Convertible,LPG,CVT,1870.0,14.54,,1076,,Middle East
VH00604,JEEP,Cherokee,2018,SUV,electric,AMT,0.0,12.39,40423.09,1427,1383.35,Latin America
VH03057,Mazda,MX-5 Miata,2011,Van,,DCT,2838.0,17.53,23291.05,1296,1025.04,Latin America
VH04432,Honda,Accord,2008,SUV,Hybrid,CVT,3562.0,27.56,30046.76,2561,1732.01,Asia Pacific
VH00127,Hyundai,Palisade,2020,Coupe,CNG,AMT,2812.0,17.4,26920.53,1834,1025.11,Africa
VH03877,Mercedes-Benz,C-Class,2005,Truck,Electric,CVT,0.0,9.29,68201.54,1291,3707.21,Asia Pacific
VH02936,Ram,ProMaster,2020,Truck,Petrol,CVT,5906.0,13.26,31240.56,4969,1024.46,Middle East
VH03532,BMW,X3,2012,Convertible,Electric,Manual,0.0,12.86,68655.07,3858,,Africa
VH02731,Kia,Forte,2008,SUV,Electric,Manual,0.0,5.7,43261.07,568,2716.48,Middle East
VH00828,Subaru,Crosstrek,2013,Hatchback,LPG,AMT,1226.0,9.85,26996.11,923,993.67,Middle East
VH01640,Lexus,ES,2012,Convertible,,,2396.0,23.05,72123.39,1401,3061.69,Latin America
VH00985,Ram,2500,2020,Truck,Diesel,DCT,3684.0,13.38,35289.61,529,1422.47,Latin America
VH03282,Mercedes-Benz,GLE,2015,Van,Diesel,Automatic,2896.0,,48491.65,719,2090.84,Asia Pacific
VH02247,Honda,CR-V,2011,Van,LPG,AMT,1932.0,9.4,25210.21,2546,1126.33,South Asia
VH02189,Land Rover,Defender,2022,SUV,Diesel,Automatic,3665.0,24.35,53212.52,667,1397.95,Europe
VH04689,Honda,Accord,2008,Van,Petrol,AMT,2706.0,8.06,29543.47,2982,1604.98,Africa
VH02444,Honda,Civic,2022,Coupe,Diesel,CVT,1182.0,22.75,27617.08,2606,809.93,South Asia
VH00363,Mazda,CX-5,2020,Wagon,Petrol,Automatic,2447.0,18.02,21637.09,1892,782.37,Europe
VH02350,Hyundai,Elantra,2019,Convertible,Hybrid,,2258.0,22.68,29588.45,4311,1181.92,Middle East
VH00346,Ford,Edge,2019,Sedan,Electric,CVT,0.0,9.48,29126.39,1385,1309.35,Africa
VH00815,Audi,A3,2018,Sedan,Petrol,CVT,2939.0,16.07,43561.46,4426,1533.49,Europe
VH03206,Chevrolet,Blazer,2016,Truck,Electric,AMT,0.0,,41035.91,3903,1841.51,Africa
VH04260,VOLVO,V60,2016,Truck,lpg,DCT,2570.0,15.13,52002.08,731,2716.68,Asia Pacific
VH04874,Toyota,Highlander,2019,Van,Diesel,AMT,1877.0,24.23,25328.81,205,948.92,Europe
VH03326,Nissan,Sentra,2013,Sedan,CNG,DCT,2642.0,14.33,22815.39,4366,1035.65,Africa
VH04107,Porsche,Taycan,2010,Convertible,Diesel,AMT,1176.0,21.72,62731.71,411,2255.19,Latin America
VH02117,Tesla,Model 3,2010,Sedan,Petrol,Manual,2240.0,10.47,37314.4,3239,1945.8,South Asia
VH01835,Ram,3500,2016,Truck,Petrol,Automatic,3216.0,18.72,28775.41,378,1053.9,North America
VH00794,Jeep,Wrangler,2024,SUV,CNG,Manual,3195.0,12.49,26006.64,131,862.61,Europe
VH04705,Tesla,Model Y,2007,Sedan,Petrol,CVT,3130.0,9.74,45758.43,4410,1620.8,North America
VH02675,Porsche,Panamera,2019,Convertible,CNG,DCT,3040.0,19.95,50318.15,4187,1653.48,North America
VH00095,Toyota,Camry,2021,Van,Diesel,Manual,2830.0,22.02,22660.17,1439,702.24,Africa
VH03757,Chevrolet,Malibu,2023,Truck,Diesel,CVT,4208.0,22.77,30976.41,2057,1102.06,Africa
VH02892,Mazda,CX-30,2011,Truck,CNG,Automatic,3679.0,20.67,25295.91,309,1396.45,Africa
VH02372,Nissan,Sentra,2015,Wagon,LPG,DCT,2789.0,14.66,22723.81,961,1111.78,Middle East
VH04217,Ram,1500,2023,Truck,LPG,CVT,3109.0,14.53,24394.1,483,796.34,Middle East
VH04506,BMW,7 Series,2010,Truck,Diesel,DCT,2785.0,24.68,59636.24,3592,3360.66,South Asia
VH03229,Jeep,Gladiator,2009,SUV,Electric,DCT,,6.32,32240.78,2046,1695.88,Middle East
VH02854,Tesla,Model Y,2009,Sedan,Electric,AMT,0.0,10.13,51761.82,4042,2786.84,Asia Pacific
VH02913,Tesla,Cybertruck,2021,SUV,LPG,Manual,3249.0,10.34,42843.84,2668,1106.55,North America
VH01866,Subaru,WRX,2015,Van,Hybrid,AMT,2730.0,33.37,25023.6,3719,1211.85,Europe
VH01858,Jeep,Compass,2020,SUV,CNG,Manual,4739.0,15.21,29962.63,323,1046.82,North America
VH02646,Toyota,Tacoma,2017,Truck,Petrol,Manual,2567.0,11.87,30736.9,3160,1322.89,South Asia
VH02244,Volkswagen,Atlas,2019,Convertible,Diesel,DCT,1413.0,15.6,30857.04,171,1353.36,Latin America
VH02337,  Jeep  ,Wrangler,2009,SUV, Hybrid ,CVT,3229.0,27.94,29475.8,3360,1556.6,Latin America
VH00951,  Lexus  ,GX,2008,Wagon, Petrol ,DCT,2024.0,19.71,42545.06,1279,2773.99,Middle East
VH03069,Land Rover,Range Rover,2016,SUV,CNG,AMT,2228.0,13.96,42872.14,4342,1337.33,South Asia
VH01121,Mazda,CX-30,2010,Sedan,Diesel,Manual,1257.0,10.1,22509.29,1337,915.2,Asia Pacific
VH02598,Audi,Q7,2021,Truck,Electric,Manual,0.0,8.34,72043.16,341,2655.57,Middle East
VH02205,Honda,Civic,2006,Truck,Diesel,Automatic,5771.0,22.3,28582.67,3504,1211.94,Latin America
VH00420,Chevrolet,Blazer,2017,SUV,LPG,Manual,2906.0,10.83,27553.15,4665,968.66,North America
VH00923,Audi,Q7,2019,Convertible,CNG,AMT,2474.0,17.19,56548.5,4577,2428.33,North America
VH01255,BMW,7 Series,2013,Convertible,cng,AMT,3376.0,17.69,51155.19,2873,2833.5,Europe
VH00478,Nissan,Rogue,2012,Coupe,Electric,CVT,0.0,8.39,29209.2,1635,1483.44,Africa
VH02036,Mercedes-Benz,GLC,2018,Convertible,Petrol,DCT,2659.0,16.12,62782.71,2833,2961.73,Asia Pacific
VH01203,Lexus,GX,2018,Sedan,Electric,DCT,0.0,14.28,45541.42,1639,2320.89,South Asia
VH02627,Jeep,Wrangler,2020,SUV,Hybrid,,4869.0,17.36,32092.63,2517,1133.24,South Asia
VH04897,Toyota,Prius,2007,Wagon,Petrol,DCT,3471.0,14.61,24862.21,3914,1382.1,South Asia
VH01971,Jeep,Renegade,2008,SUV,CNG,AMT,1967.0,,31371.22,1262,1235.15,South Asia
VH03111,Ram,3500,2014,Van,Electric,DCT,0.0,9.46,30056.93,923,1559.12,South Asia
VH04019,Hyundai,Santa Fe,2012,Coupe,Hybrid,Manual,2617.0,22.82,28245.0,4652,1345.74,Europe
VH02152,Volkswagen,ID.4,2021,SUV,Diesel,DCT,2688.0,14.89,28218.45,4271,935.5,Latin America
VH03688,FORD,Bronco,2024,Sedan,cng,DCT,2127.0,13.05,23723.5,2063,740.92,Latin America
VH01998,Honda,CR-V,2011,SUV,Electric,,0.0,7.39,33009.52,399,1299.66,Asia Pacific
VH04034,HONDA,Accord,2024,Convertible,lpg,AMT,2916.0,15.86,28245.05,4327,903.49,South Asia
VH03055,Nissan,Rogue,2022,Sedan,Petrol,DCT,3299.0,13.84,18730.95,1465,584.34,Europe
VH01249,Toyota,Camry,2011,Truck,Petrol,AMT,4980.0,9.79,,1297,1234.33,Asia Pacific
VH02193,Mazda,CX-30,2024,SUV,Hybrid,DCT,2375.0,28.04,28224.14,2004,977.05,Africa
VH02713,Kia,Forte,2022,Hatchback,CNG,AMT,3215.0,19.67,21398.95,3512,544.65,South Asia
VH00993,Subaru,Outback,2023,Hatchback,Diesel,,1034.0,10.03,23475.84,1439,679.36,North America
VH02191,Volvo,XC60,2019,Wagon,Hybrid,CVT,3149.0,19.89,49780.66,383,2046.99,Asia Pacific
VH03763,Volvo,XC60,2018,Coupe,Electric,AMT,0.0,10.61,47764.49,2590,1967.79,Middle East
VH03598,Chevrolet,Colorado,2011,SUV,Petrol,CVT,3061.0,19.77,32914.8,2974,1821.2,South Asia
VH01319,Lexus,RX,2017,Convertible,Hybrid,Manual,2441.0,18.1,59839.33,598,1775.79,Latin America
VH01864,Lexus,ES,2007,Coupe,CNG,CVT,2047.0,15.71,40446.04,3337,,Middle East
VH02344,Ram,ProMaster,2023,Truck,,Manual,6006.0,15.04,27133.21,2106,739.92,Middle East
VH02450,Mazda,CX-9,2016,Hatchback,Petrol,DCT,3381.0,19.18,19029.16,3262,913.83,Europe
VH02137,Land Rover,Range Rover,2012,SUV,Petrol,Unknown,4718.0,19.0,49749.47,688,2341.58,Middle East
VH01066,Volkswagen,ID.4,2009,Truck,CNG,AMT,3851.0,12.72,25023.98,1430,1110.13,Latin America
VH03943,Hyundai,Palisade,2014,Sedan,Petrol,AMT,2450.0,18.93,28495.03,2786,1395.99,Africa
VH04228,Chevrolet,Malibu,2009,Truck,LPG,DCT,2969.0,10.26,28462.26,179,1597.78,North America
VH02622,Volkswagen,Tiguan,2012,Van,LPG,CVT,3409.0,,,2260,1162.42,Africa
VH00078,VOLVO,S60,2006,Sedan,petrol,CVT,1237.0,15.39,41477.51,647,2580.1,Europe
VH02899,Honda,Accord,2023,Hatchback,CNG,DCT,3317.0,13.53,23647.98,8,926.23,North America
VH01315,Nissan,Pathfinder,2010,Convertible,Petrol,CVT,2557.0,14.98,28511.73,4104,1628.0,North America
VH04444,Chevrolet,Colorado,2008,Sedan,Hybrid,AMT,2457.0,34.57,30380.61,1191,2147.31,Latin America
VH00873,Porsche,Boxster,2024,Coupe,CNG,CVT,2445.0,20.49,,4935,1471.14,South Asia
VH03851,Honda,CR-V,2010,Van,CNG,CVT,3017.0,18.07,25996.35,1796,938.74,Africa
VH04866,Subaru,Outback,2017,Coupe,Petrol,AMT,2330.0,14.24,28498.95,2494,922.0,South Asia
VH02966,Ford,Mustang,2012,SUV,Hybrid,Manual,2257.0,33.73,26930.88,938,1092.52,North America
VH03392,Ram,1500,2021,Van,LPG,AMT,3189.0,12.79,22856.14,876,696.59,Middle East
VH02561,Nissan,Rogue,2011,Coupe,CNG,CVT,2282.0,13.88,23549.63,994,1353.52,Asia Pacific
VH04976,BMW,3 Series,2012,Wagon,CNG,Automatic,2696.0,14.12,44404.63,3243,2133.4,Middle East
VH02636,Mercedes-Benz,GLE,2013,Van,Electric,Manual,0.0,7.9,57874.81,1000,2595.38,Middle East
VH03531,Jeep,Grand Cherokee,2012,SUV,Diesel,CVT,3362.0,20.42,27519.72,1752,1147.08,Middle East
VH00376,Mazda,CX-5,2006,Sedan,Hybrid,Automatic,2353.0,,27981.6,1530,1590.88,Middle East
VH01909,Kia,Carnival,2016,Hatchback,Diesel,CVT,1614.0,22.9,25405.64,4732,985.86,South Asia
VH04404,Tesla,Model 3,2005,SUV,Hybrid,CVT,2271.0,21.29,47935.97,4377,2821.7,North America
VH04451,Land Rover,Evoque,2016,SUV,LPG,CVT,4010.0,15.75,43338.02,4533,1550.74,Asia Pacific
VH04028,Tesla,Model S,2023,SUV,CNG,Automatic,2894.0,21.77,54994.39,3008,1390.67,Europe
VH01605,Volkswagen,Atlas,2007,Convertible,Petrol,Manual,2860.0,18.27,33408.36,2255,1729.84,Latin America
VH01119,Kia,Forte,2023,SUV,Electric,CVT,0.0,7.24,36830.55,3999,1248.63,Middle East
VH03678,Chevrolet,Blazer,2023,SUV,Electric,CVT,0.0,10.58,27885.9,4085,822.09,South Asia
VH03491,  Lexus  ,GX,2019,SUV, Diesel ,DCT,4006.0,10.04,52067.35,1817,2411.05,Latin America
VH04943,Volvo,XC60,2021,Van,Hybrid,DCT,2462.0,20.01,35152.3,1672,1166.73,South Asia
VH02959,Honda,CR-V,2008,Coupe,CNG,DCT,3322.0,13.64,28762.38,542,1598.81,Europe
VH01995,Volkswagen,Jetta,2020,Sedan,Electric,,0.0,12.52,39801.56,993,1151.25,Middle East
VH04394,Lexus,RX,2013,Wagon,Diesel,Manual,1837.0,18.43,50439.02,-4980,1922.15,Europe
VH02898,Jeep,Renegade,2019,SUV,Petrol,Manual,3441.0,14.09,25161.74,111,831.13,Middle East
VH02377,Mercedes-Benz,AMG GT,2030,Van,Hybrid,Automatic,2962.0,27.17,43224.55,3201,1972.99,Asia Pacific
VH01343,Volvo,XC40,2020,Convertible,Diesel,Automatic,3087.0,19.99,52848.3,802,2039.45,Europe
VH00321,Porsche,Boxster,2016,SUV,Diesel,Automatic,4229.0,16.69,47784.28,4176,1843.61,Asia Pacific
VH01620,Toyota,Prius,2008,Coupe,LPG,AMT,2309.0,10.22,26086.56,3528,1466.55,South Asia
VH03714,  Jeep  ,Renegade,2015,SUV, Electric ,AMT,0.0,11.79,32618.63,227,1392.31,Europe
VH02061,Porsche,Panamera,2013,Convertible,Electric,AMT,0.0,12.54,54165.6,2405,3140.46,Europe
VH02220,BMW,3 Series,2008,Wagon,diesel,Automatic,2436.0,17.56,48956.93,3348,2436.47,Middle East
VH01674,Ford,Mustang,2007,Truck,,DCT,0.0,9.82,40908.01,3703,2118.02,Middle East
VH00261,Volkswagen,Passat,2008,Coupe,Electric,CVT,0.0,13.61,29291.56,2766,1419.02,North America
VH04490,Hyundai,Santa Fe,2010,Convertible,Petrol,Automatic,3421.0,17.0,28197.62,2517,939.28,Europe
VH02040,Subaru,Forester,2023,Hatchback,LPG,AMT,2655.0,13.87,21376.34,4753,832.25,North America
VH00902,Volvo,V60,2005,Coupe,Electric,AMT,0.0,10.48,59151.19,4063,3870.43,Asia Pacific
VH03745,Subaru,Outback,2023,Truck,Hybrid,Automatic,3871.0,23.52,27656.73,4760,924.73,Africa
VH02027,Toyota,Prius,2014,Van,Electric,CVT,0.0,13.88,35810.77,1992,1336.94,Latin America
VH04235,Chevrolet,Tahoe,2011,Truck,CNG,AMT,5230.0,20.99,29790.81,1646,1299.88,Europe
VH01918,Porsche,Panamera,2015,Coupe,Petrol,Manual,3266.0,16.92,52608.61,2756,1738.1,Latin America
VH01829,Mercedes-Benz,GLC,2016,Van,LPG,Manual,3470.0,16.44,35151.86,1033,1445.46,North America
VH01574,Ram,ProMaster,2015,Truck,LPG,CVT,2600.0,9.24,25777.6,2554,606.15,North America
VH04728,Volvo,C40,2019,Truck,LPG,Manual,3111.0,17.57,41311.95,458,1599.8,North America
VH04209,Mazda,Mazda3,2011,SUV,Petrol,AMT,3719.0,10.13,29324.16,4779,1221.07,Europe
VH00225,Volkswagen,ID.4,2099,Sedan,Petrol,CVT,2241.0,19.06,22000.86,1965,1002.43,Europe
VH00724,Lexus,LS,2021,Convertible,CNG,AMT,1701.0,15.31,50019.23,2696,1696.18,Middle East
VH04560,Tesla,Model Y,2020,SUV,Hybrid,DCT,4022.0,32.19,56462.72,1227,2505.76,Africa
VH01142,Volvo,XC40,2016,SUV,Diesel,AMT,2759.0,24.0,47923.41,258,2050.78,Asia Pacific
VH02763,Tesla,Model S,2012,Sedan,CNG,Automatic,1033.0,18.56,47163.82,4172,2144.89,South Asia
VH00847,Land Rover,Evoque,2018,SUV,Electric,Manual,0.0,14.61,63863.22,4700,2037.59,Latin America
VH04290,Subaru,Legacy,2018,Convertible,Petrol,DCT,2278.0,11.16,26020.87,4716,1141.62,North America
VH02552,Toyota,Tacoma,2021,Van,Petrol,DCT,2756.0,10.05,29022.51,4065,996.47,Africa
VH02929,Tesla,Model S,2011,Sedan,Electric,CVT,0.0,6.5,50135.88,366,2436.86,North America
VH00118,Nissan,Rogue,2013,Wagon,Gas,Automatic,,11.8,25038.53,721,1112.37,Middle East
VH00646,Volvo,V60,2013,Convertible,CNG,AMT,1623.0,13.18,,598,1927.2,Asia Pacific
VH00004,Toyota,Tacoma,2017,Hatchback,LPG,AMT,2363.0,11.05,21850.93,2218,,South Asia
VH04171,Lexus,IS,2018,Sedan,Diesel,Manual,2778.0,18.29,42678.03,4443,1642.28,North America
VH00468,Nissan,Pathfinder,2016,Convertible,Electric,DCT,,11.8,39185.53,1001,1400.48,Latin America
VH00006,Jeep,Cherokee,2012,SUV,Diesel,Manual,3059.0,21.68,27654.86,4466,1433.42,Africa
VH00920,Porsche,Panamera,2008,Coupe,Electric,DCT,0.0,8.23,60999.66,742,4000.44,Latin America
VH02596,Ram,Dakota,2019,Van,Petrol,DCT,2575.0,16.8,28765.71,3750,1142.92,Middle East
VH04325,Audi,A6,2019,Coupe,Hybrid,DCT,1657.0,25.97,53148.37,1467,1600.36,North America
VH01064,Land Rover,Discovery,2011,SUV,Diesel,AMT,,21.19,55660.33,4547,2298.11,Europe
VH02591,Ford,Bronco,2013,Truck,CNG,Automatic,4869.0,18.96,28397.42,1817,1584.98,Middle East
VH00243,Tesla,Model 3,2024,Sedan,Petrol,Automatic,2911.0,17.15,58203.7,3132,2131.66,South Asia
VH01161,Porsche,Panamera,2009,Coupe,CNG,,1310.0,15.32,39235.46,4192,2374.87,South Asia
VH02871,Volkswagen,Tiguan,2005,Truck,Electric,Automatic,0.0,,34394.47,1348,1510.69,South Asia
VH03736,Toyota,Prius,2006,Sedan,LPG,Automatic,1691.0,13.6,23978.34,1224,1612.22,North America
VH02398,Ford,Edge,2013,Truck,Diesel,CVT,4198.0,22.21,27898.13,4156,1110.58,Latin America
VH03518,Volvo,C40,1950,Van,LPG,AMT,2207.0,,45920.67,4867,2028.78,Europe
VH03422,Volkswagen,Passat,2010,Convertible,CNG,CVT,2207.0,15.65,31225.09,95,,Europe
VH02564,Mazda,Mazda6,2015,Truck,CNG,Manual,4908.0,13.2,24313.01,1791,814.47,Asia Pacific
VH01606,Toyota,Tacoma,2008,Wagon,Petrol,Automatic,3479.0,13.39,26734.78,2932,1202.8,Latin America
VH04907,Audi,e-tron,2016,Sedan,LPG,CVT,3219.0,14.59,,4338,1667.96,South Asia
VH02325,BMW,M3,2019,Convertible,,AMT,2359.0,,55561.63,3402,1767.9,Latin America
VH02710,Subaru,Outback,2019,Coupe,CNG,CVT,1394.0,15.65,23997.98,91,721.05,Latin America
VH04485,Volvo,XC90,2016,SUV,,Manual,2183.0,16.41,54418.33,355,2712.68,Middle East
VH01313,BMW,M3,2014,Wagon,Petrol,Manual,2760.0,10.63,28649.47,4707,1363.26,Latin America
VH03449,Chevrolet,Malibu,2009,Truck,Diesel,DCT,5825.0,22.46,25099.98,3426,1114.37,Latin America
VH03813,Honda,Accord,2008,Hatchback,Hybrid,Manual,2879.0,27.77,22971.0,2353,1109.85,Africa
VH04732,Jeep,Grand Cherokee,2016,SUV,Electric,AMT,0.0,11.24,37787.13,971,1227.67,South Asia
VH02363,  Mazda  ,CX-5,2019,SUV, Hybrid ,Manual,4057.0,32.92,27105.74,2402,926.7,Middle East
VH01976,Mercedes-Benz,GLE,2009,Wagon,Diesel,AMT,2374.0,10.35,52972.8,1314,2756.29,South Asia
VH03515,MAZDA,CX-5,2007,Hatchback,cng,Automatic,1412.0,20.1,20600.82,2144,1344.39,Latin America
VH01762,Kia,Telluride,2018,Coupe,Hybrid,AMT,3099.0,26.62,32599.32,204,1138.93,Middle East
VH02740,Jeep,Compass,2017,SUV,Hybrid,Automatic,2449.0,27.67,29646.66,2599,1636.73,South Asia
VH04825,VOLVO,S60,2020,SUV,hybrid,AMT,3101.0,34.75,58079.89,3834,1752.98,North America
VH02473,Jeep,Wrangler,2009,SUV,Electric,CVT,0.0,10.17,36658.06,2856,1957.9,Latin America
VH04008,Subaru,Outback,2017,Truck,Diesel,AMT,5644.0,15.64,30401.21,2210,1138.45,Middle East
VH01494,Volvo,XC90,2020,Sedan,CNG,Automatic,3396.0,19.88,40596.51,2096,1452.02,Middle East
VH04207,Audi,e-tron,2014,Sedan,LPG,DCT,1590.0,13.9,38961.74,1186,1599.07,Latin America
VH02159,Volvo,C40,2007,Truck,Electric,DCT,0.0,5.71,58110.98,51,3652.84,Asia Pacific
VH01170,Subaru,Legacy,2008,Sedan,Petrol,AMT,1182.0,-8.88,22798.15,4347,1606.04,Africa
VH04591,Nissan,Rogue,2023,Sedan,Hybrid,DCT,3384.0,28.08,30184.05,3492,1170.19,Latin America
VH00233,Subaru,Legacy,2007,SUV,Hybrid,AMT,3794.0,28.26,31625.2,4437,2134.93,Europe
VH00067,Jeep,Renegade,2017,SUV,Petrol,Automatic,4226.0,9.61,26668.47,1616,1318.47,Latin America
VH01604,Ram,3500,2017,Truck,LPG,CVT,2799.0,17.99,28535.73,3674,1247.95,Asia Pacific
VH03284,Mazda,Mazda6,2009,Convertible,Electric,CVT,0.0,14.23,32778.74,726,1292.68,Africa
VH03597,Land Rover,Evoque,2017,SUV,CNG,Manual,2341.0,21.01,45791.25,1659,2105.52,Latin America
VH00126,Subaru,WRX,2022,Wagon,LPG,Manual,2593.0,14.84,22993.94,3973,781.95,South Asia
VH01297,Volkswagen,Jetta,2012,Sedan,Electric,DCT,0.0,12.08,29706.21,188,1027.78,Latin America
VH01977,Nissan,Rogue,2023,Hatchback,Petrol,Manual,3491.0,19.91,27372.7,4116,689.04,North America
VH04592,Ram,2500,2011,Truck,Hybrid,Auto,5756.0,31.06,28829.8,1891,1220.55,Latin America
VH04822,Mazda,CX-30,2017,Wagon,LPG,AMT,2414.0,17.66,22841.16,4399,937.72,Latin America
VH02076,Chevrolet,Silverado,2017,Truck,CNG,Automatic,3350.0,15.43,25462.88,1209,1118.09,Middle East
VH03087,Toyota,Highlander,2006,Wagon,Electric,,0.0,13.66,33614.69,1970,2174.18,Middle East
VH04417,Land Rover,Range Rover,2017,SUV,Electric,AMT,0.0,8.92,66926.2,4234,2477.95,North America
VH03346,Mercedes-Benz,AMG GT,2022,Sedan,Electric,Automatic,0.0,8.83,64218.56,3853,2319.29,Asia Pacific
VH04539,Porsche,Taycan,2006,Coupe,CNG,,1502.0,17.37,48752.48,3073,3058.34,Africa
VH02798,Tesla,Model X,2017,Sedan,LPG,Automatic,3107.0,16.01,39111.75,1330,,Africa
VH00919,Lexus,ES,2014,Coupe,LPG,DCT,1252.0,15.88,40517.07,2185,1892.52,South Asia
VH01647,Honda,Pilot,2023,Convertible,Diesel,Manual,2242.0,23.17,32129.58,1426,1112.75,Latin America
VH00365,Land Rover,Discovery,2009,SUV,,CVT,4051.0,9.8,45375.6,4050,1803.01,Latin America
VH03288,Jeep,Cherokee,2012,SUV,CNG,AMT,3155.0,19.9,25510.01,772,1521.67,Africa
VH02126,Volvo,XC90,2016,Convertible,Hybrid,Manual,2437.0,16.94,55019.0,3352,2590.77,Europe
VH04124,Toyota,Tacoma,2009,Truck,LPG,AMT,6167.0,13.09,32851.27,1869,2334.75,Africa
VH00526,Volkswagen,Jetta,2006,Wagon,Electric,DCT,0.0,13.68,40586.17,3449,2650.36,North America
VH00056,Audi,A6,2007,Coupe,Hybrid,Manual,2629.0,32.35,42825.04,2656,1917.8,Latin America
VH00639,Ram,1500,2012,Truck,CNG,DCT,4102.0,16.38,32243.52,3793,1664.02,Africa
VH00303,  Chevrolet  ,Silverado,2013,Sedan, Hybrid ,CVT,1319.0,17.37,30155.08,2089,1260.21,Middle East
VH02767,Land Rover,Defender,2012,SUV,Diesel,Unknown,4988.0,18.82,53952.57,904,2731.92,North America
VH01277,Tesla,Model 3,2016,SUV,Hybrid,Manual,,16.4,50315.0,76,2058.41,North America
VH02056,Mercedes-Benz,GLE,2013,Convertible,Electric,,0.0,13.66,70213.93,4956,3687.41,Middle East
VH03645,Hyundai,Tucson,2011,Truck,Diesel,CVT,2823.0,-22.35,28462.44,1432,,Europe
VH04144,Honda,Pilot,2006,Wagon,Electric,CVT,0.0,5.92,31100.39,3479,1668.05,South Asia
VH02879,MERCEDES-BENZ,GLC,2017,Van,cng,Manual,3489.0,20.72,46674.86,4193,2376.24,Middle East
VH04203,Volvo,XC90,2005,Coupe,Electric,AMT,0.0,11.43,65203.97,2042,3752.72,North America
VH02287,Lexus,RX,2006,Wagon,LPG,AMT,3469.0,11.19,51566.87,1742,3219.9,Middle East
VH02262,Nissan,Rogue,2008,Sedan,Electric,CVT,0.0,12.14,30545.32,4909,1645.32,North America
VH02297,Volkswagen,Passat,2012,Wagon,Petrol,Manual,3250.0,12.02,24940.48,3814,1228.8,North America
VH01754,Volkswagen,Passat,2011,SUV,Hybrid,DCT,2707.0,34.46,,3297,1099.22,Asia Pacific
VH01969,Mazda,CX-5,2018,Convertible,Hybrid,DCT,1203.0,18.59,26863.6,3379,1119.19,South Asia
VH04423,BMW,5 Series,2005,Hatchback,CNG,CVT,1547.0,15.15,40520.72,3191,2091.49,Africa
VH03118,Honda,CR-V,2009,Truck,Hybrid,,3131.0,30.09,32186.17,2335,1733.54,Asia Pacific
VH02394,Toyota,RAV4,2009,SUV,Petrol,Manual,4222.0,10.68,33423.84,2678,1587.44,Middle East
VH00524,BMW,X3,2024,Van,Petrol,Automatic,2007.0,14.88,35999.91,991,1280.11,Africa
VH03901,  Honda  ,Civic,2014,Sedan, Diesel ,DCT,1265.0,22.7,25608.9,181,1017.03,Africa
VH03123,Jeep,Wrangler,2015,SUV,Electric,Manual,0.0,14.53,34523.86,1657,1510.14,North America
VH04157,Tesla,Model S,2008,Sedan,,DCT,1839.0,10.46,36705.72,82,2534.7,South Asia
VH01970,Jeep,Renegade,2011,SUV,Diesel,Manual,4532.0,13.56,22419.91,2006,809.69,South Asia
VH00672,Subaru,Legacy,2023,Van,Petrol,DCT,2072.0,15.32,-24219.96,4641,865.76,Africa
VH04189,Lexus,ES,2009,Coupe,Diesel,CVT,2669.0,17.07,54124.71,2957,2905.58,South Asia
VH00667,  Ford  ,Mustang,2011,SUV, Electric ,Manual,0.0,7.83,28573.18,1603,1631.03,Latin America
VH04410,Volkswagen,ID.4,2011,SUV,CNG,AMT,4969.0,19.27,25021.12,1097,1476.89,Africa
VH01888,Hyundai,Sonata,2017,Convertible,Petrol,Automatic,1749.0,17.93,29372.06,445,993.35,South Asia
VH03267,Lexus,ES,2006,Truck,Hybrid,DCT,3496.0,34.69,45998.87,2938,1633.93,Middle East
VH00281,  Porsche  ,Taycan,2020,Convertible, Petrol ,DCT,1268.0,9.38,36793.31,2037,1587.81,Africa
VH01720,Ram,2500,2017,Van,Electric,Manual,0.0,12.72,36596.55,2255,1454.34,Europe
VH02948,Ford,F-150,2007,SUV,Hybrid,Automatic,2708.0,25.29,36225.74,2966,1446.44,South Asia
VH00900,Subaru,Legacy,2015,Coupe,LPG,DCT,1164.0,10.37,23485.71,2477,921.82,Africa
VH04929,Volvo,S60,2024,Coupe,CNG,Manual,1962.0,13.59,42885.6,391,1272.52,Middle East
VH00761,Volkswagen,Tiguan,2007,Hatchback,Electric,DCT,0.0,14.22,29760.67,4332,1826.14,Asia Pacific
VH01907,Chevrolet,Equinox,2023,Truck,Hybrid,,3842.0,15.37,29675.08,31,873.11,Middle East
VH04043,Mazda,CX-30,2015,Convertible,LPG,,3247.0,10.09,28168.09,4681,1412.03,Middle East
VH03824,Porsche,Boxster,2009,SUV,LPG,DCT,2201.0,16.45,40761.25,3337,2482.79,Europe
VH04139,Honda,HR-V,2020,Wagon,LPG,Automatic,,14.69,27495.37,2556,1038.9,Latin America
VH03819,Land Rover,Discovery,2009,SUV,Electric,AMT,0.0,8.5,61560.05,2709,2722.86,Africa
VH04301,Porsche,Boxster,2005,Convertible,CNG,Manual,3343.0,17.27,48990.78,562,3213.52,South Asia
VH02594,Chevrolet,Tahoe,2011,SUV,LPG,Manual,4863.0,15.48,20749.07,1489,931.43,Latin America
VH04165,Ford,Explorer,2010,SUV,Hybrid,CVT,3648.0,16.9,30481.38,210,1403.47,Asia Pacific
VH03032,Mercedes-Benz,AMG GT,2013,SUV,CNG,DCT,2789.0,15.69,46974.48,1638,1957.25,Europe
VH03580,Ram,1500,2009,Van,LPG,AMT,1889.0,14.54,23275.07,1058,1048.43,North America
VH02833,Hyundai,Sonata,2017,Coupe,LPG,AMT,2805.0,16.0,24958.79,1641,1126.56,Africa
VH03473,Subaru,Legacy,2012,Coupe,Hybrid,Manual,1880.0,32.93,23524.99,3712,1157.91,South Asia
VH00138,Subaru,WRX,2019,Wagon,Electric,CVT,0.0,6.24,26974.91,2541,932.57,Asia Pacific
VH02181,Honda,Civic,2013,Sedan,LPG,Manual,2996.0,,18150.13,1199,630.65,Middle East
VH02129,Mazda,CX-30,2007,Van,Diesel,CVT,2885.0,21.23,27434.32,4879,1477.89,Europe
VH03178,Porsche,Boxster,2017,Coupe,LPG,Automatic,1917.0,13.97,43581.36,1211,1708.42,South Asia
VH04439,Mercedes-Benz,C-Class,2017,Wagon,LPG,DCT,3313.0,9.62,48566.4,3414,,Latin America
VH04262,Ford,Escape,2019,SUV,Diesel,Manual,2551.0,12.72,34741.78,1247,1038.75,Asia Pacific
VH04345,Mercedes-Benz,C-Class,2019,Coupe,CNG,CVT,3461.0,18.6,47630.83,4470,1956.21,North America
VH01332,Kia,Telluride,2009,Truck,Hybrid,Manual,2669.0,34.85,27855.32,4271,1960.94,North America
VH02018,Mazda,Mazda6,2022,Van,Petrol,Manual,3209.0,12.39,25230.58,707,885.7,South Asia
VH02483,Kia,Soul,2010,Hatchback,LPG,Automatic,2204.0,12.73,19735.28,408,815.6,Asia Pacific
VH01359,  BMW  ,7 Series,2015,Sedan, CNG ,Manual,1375.0,20.49,51083.67,2726,2289.93,Latin America
VH01330,VOLVO,C40,2010,Wagon,diesel,Automatic,2755.0,21.2,51294.86,47,2258.13,Africa
VH02151,Tesla,Model 3,2009,Sedan,CNG,DCT,2782.0,12.64,46645.22,2575,2198.43,Asia Pacific
VH02123,Porsche,Boxster,2007,Coupe,Diesel,DCT,-500.0,,54237.34,895,2999.71,North America
VH03982,Tesla,Model S,2022,SUV,Petrol,Manual,4678.0,13.08,47218.55,4030,1715.48,Europe
VH01253,Tesla,Cybertruck,2007,Sedan,LPG,CVT,3455.0,15.09,33803.38,3614,2240.79,Asia Pacific
VH03279,Mazda,MX-5 Miata,2017,Coupe,LPG,Manual,1150.0,15.74,32814.2,4910,1434.02,Middle East
VH03375,Hyundai,Palisade,2023,SUV,Petrol,AMT,,14.77,33710.86,3689,935.14,Europe
VH02815,Honda,Ridgeline,2008,Hatchback,LPG,CVT,1806.0,13.97,22990.4,2508,1078.8,Asia Pacific
VH01849,Mercedes-Benz,S-Class,2023,Wagon,LPG,CVT,,12.36,40012.52,3343,1329.31,Middle East
VH03038,Ram,ProMaster,2008,Truck,Hybrid,CVT,5266.0,33.05,31255.14,4429,1306.54,Asia Pacific
VH00389,Lexus,LS,2022,Van,Diesel,Manual,3230.0,24.18,46428.5,1983,1170.74,North America
VH00236,Ram,1500,2010,Truck,Electric,Unknown,0.0,14.1,37704.89,4803,1314.93,Europe
VH01078,Nissan,Frontier,2011,Hatchback,Diesel,Automatic,3498.0,17.19,,938,1417.08,Europe
VH01985,Honda,Ridgeline,2005,Sedan,CNG,Manual,2492.0,20.09,,3839,1216.13,Middle East
VH04364,Mercedes-Benz,C-Class,2009,Truck,Petrol,CVT,3090.0,11.61,50644.66,3406,2784.33,Africa
VH03963,Honda,CR-V,2008,Convertible,Petrol,Automatic,3232.0,15.26,30124.56,2297,1732.91,South Asia
VH00771,Mazda,CX-9,2013,Coupe,Hybrid,DCT,1882.0,16.73,,2644,1438.47,Africa
VH02166,Tesla,Model X,2015,Sedan,LPG,DCT,2071.0,13.51,36024.53,280,1361.52,South Asia
VH00674,Ford,F-150,2007,SUV,Petrol,,,19.75,31388.01,3096,,Asia Pacific
VH00250,Jeep,Renegade,2006,SUV,CNG,CVT,3560.0,14.71,26471.09,3954,1416.43,North America
VH01575,Land Rover,Freelander,2024,SUV,Hybrid,,4324.0,24.65,66781.89,1687,1998.19,South Asia
VH03420,Hyundai,Palisade,2014,Convertible,Electric,CVT,0.0,6.86,32434.83,3557,1511.3,Asia Pacific
VH02082,Chevrolet,Tahoe,2018,Truck,CNG,AMT,5667.0,12.46,30321.51,4915,1450.9,Asia Pacific
VH01824,Kia,Forte,2008,Hatchback,LPG,AMT,1101.0,12.77,19095.45,1781,1199.77,South Asia
VH00717,Mazda,Mazda3,2007,Truck,,Manual,5697.0,13.43,29766.74,1455,1614.08,Africa
VH04935,Audi,A4,2015,Truck,Diesel,Automatic,4142.0,17.16,53415.14,2610,2562.46,Middle East
VH02049,Land Rover,Freelander,2005,SUV,LPG,DCT,1827.0,15.61,49421.86,607,3026.51,Middle East
VH04179,Lexus,RX,2011,SUV,CNG,AMT,2721.0,13.89,49851.12,711,2734.16,Africa
VH02725,Lexus,RX,2013,Sedan,Electric,DCT,0.0,13.26,57041.3,3754,2700.55,Asia Pacific
VH04596,Audi,e-tron,2020,Sedan,Hybrid,DCT,3427.0,16.52,53973.0,46,1908.59,Africa
VH01461,Kia,Telluride,2016,Convertible,Diesel,AMT,2900.0,12.23,31662.98,3932,1331.63,North America
VH01669,Audi,e-tron,2006,Convertible,CNG,DCT,1244.0,21.16,48298.15,1119,3241.56,Latin America
VH02757,Land Rover,Defender,2018,SUV,Petrol,DCT,4597.0,8.49,43955.47,3284,1354.94,Europe
VH02001,Lexus,RX,2010,Truck,Petrol,AMT,5991.0,18.41,43395.1,1098,2023.35,Africa
VH00405,BMW,X5,2016,Convertible,N/A,DCT,2113.0,14.61,47268.08,3052,1635.0,North America
VH00385,Tesla,Cybertruck,2017,SUV,Hybrid,Automatic,2839.0,34.6,55332.9,3900,2164.54,Asia Pacific
VH04567,Ram,3500,2008,Van,Electric,Automatic,0.0,9.6,30064.94,1101,1725.55,Africa
VH02153,BMW,X3,2024,Wagon,CNG,Manual,1342.0,19.24,45683.88,523,,Asia Pacific
VH01634,Land Rover,Evoque,2007,SUV,Petrol,Automatic,4763.0,18.96,52959.17,4698,2506.3,Middle East
VH04661,Mercedes-Benz,S-Class,2012,Hatchback,Diesel,CVT,1270.0,23.35,42112.52,2836,1795.52,Africa
VH03926,Subaru,Crosstrek,2021,Sedan,Hybrid,Manual,2050.0,21.95,33370.9,2948,1132.46,Africa
VH04159,Nissan,Murano,2015,Convertible,CNG,CVT,2027.0,,31836.4,1217,1628.15,Latin America
VH00224,Mazda,CX-5,2022,Hatchback,Petrol,DCT,1155.0,13.5,22593.45,2171,733.71,North America
VH02194,Jeep,Grand Cherokee,2006,SUV,Electric,DCT,0.0,12.44,31000.05,1827,1925.79,North America
VH03137,Chevrolet,Colorado,2024,Sedan,Hybrid,Automatic,3390.0,20.35,25754.71,2999,879.76,Middle East
VH04470,BMW,X5,2012,Truck,CNG,CVT,3896.0,13.18,46181.15,3433,2023.61,Africa
VH01825,BMW,5 Series,2024,Convertible,CNG,Automatic,2100.0,18.5,49861.27,84,1668.27,Africa
VH04676,Land Rover,Discovery,2017,SUV,CNG,Manual,1723.0,15.19,49999.88,-1899,1685.83,Europe
VH00798,Honda,HR-V,2024,Van,CNG,DCT,3496.0,13.14,19263.76,2298,659.09,Middle East
VH02872,Nissan,Rogue,2024,Sedan,Electric,CVT,0.0,6.94,31465.35,14,1098.37,Africa
VH00010,  Land Rover  ,Range Rover,2018,SUV, LPG ,Automatic,2062.0,15.3,49035.49,4164,1721.48,North America
VH01945,Hyundai,Santa Fe,2014,Hatchback,CNG,DCT,,20.89,23208.85,2985,1139.32,Latin America
VH01839,Porsche,Macan,2022,Coupe,Electric,Automatic,0.0,14.25,60822.99,749,2379.39,Latin America
VH00256,Land Rover,Defender,2020,SUV,,DCT,0.0,13.21,71553.97,1974,3150.66,Latin America
VH04486,Honda,Accord,2019,Truck,Petrol,CVT,4364.0,8.26,18045.48,4096,729.37,Africa
VH04583,Ram,2500,2017,Van,Diesel,DCT,3136.0,16.74,29325.84,3853,1275.83,Middle East
VH01582,Ford,Edge,2006,Sedan,Electric,DCT,0.0,13.57,30384.48,1915,1938.51,Middle East
VH02957,Ford,Mustang,2010,Sedan,LPG,Automatic,3124.0,13.23,23111.18,211,1179.5,South Asia
VH00925,Audi,A4,2010,Truck,Hybrid,CVT,3810.0,21.36,50334.87,4326,2319.17,Asia Pacific
VH04503,Kia,Soul,2024,Convertible,Electric,Manual,0.0,9.05,40360.81,821,1224.5,North America
VH02509,Lexus,RX,2016,Van,Petrol,CVT,3152.0,16.42,52722.81,2127,2457.93,Middle East
VH03776,Nissan,Sentra,2010,Coupe,,Automatic,3319.0,10.48,,4072,1106.86,Latin America
VH04137,Kia,Sportage,2011,Coupe,CNG,Manual,2112.0,16.85,24508.57,3907,1523.99,Africa
VH02780,Land Rover,Evoque,2011,SUV,LPG,Manual,3476.0,12.43,51328.68,1254,2534.81,Latin America
VH00540,NISSAN,Sentra,2012,SUV,diesel,CVT,2163.0,11.86,31471.87,3060,1651.5,Latin America
VH02746,Kia,Telluride,2007,Hatchback,Electric,AMT,0.0,14.26,30108.4,2502,1466.42,North America
VH04573,Volkswagen,Jetta,2016,Van,LPG,CVT,2007.0,13.83,29801.43,975,1217.35,North America
VH04646,Mercedes-Benz,GLE,2005,Hatchback,Hybrid,CVT,3233.0,23.32,37503.81,3247,2528.11,Europe
VH01146,Honda,Civic,2009,Van,Petrol,Automatic,2757.0,11.53,26866.83,4387,1812.62,South Asia
VH04469,Chevrolet,Malibu,2008,SUV,CNG,Manual,3026.0,12.98,23013.0,4283,1365.01,Africa
VH00668,Ford,Bronco,2010,Sedan,LPG,CVT,2172.0,14.86,23364.89,1307,1195.19,South Asia
VH03020,Nissan,Rogue,2014,Sedan,CNG,AMT,1336.0,,20146.31,196,1003.2,Asia Pacific
VH00358,Volvo,XC90,2009,Truck,CNG,AMT,3222.0,12.58,45730.63,3828,1905.35,Europe
VH02832,  Lexus  ,NX,2008,Wagon, Diesel ,DCT,1276.0,17.15,49650.17,2786,3043.57,Middle East
VH02784,Toyota,Highlander,2018,Coupe,Diesel,,1828.0,15.95,25008.39,3253,724.65,South Asia
VH01354,Honda,Pilot,2019,SUV,Electric,Automatic,0.0,14.24,33406.45,584,1408.47,North America
VH00471,Honda,HR-V,2005,Sedan,Petrol,Automatic,3250.0,12.11,27300.6,2823,1874.73,Africa
VH02704,Nissan,Murano,2017,Truck,Petrol,AMT,2948.0,16.42,23923.22,3739,1060.91,Latin America
VH03331,Honda,HR-V,2013,Convertible,CNG,AMT,3136.0,18.12,34310.1,633,1293.03,Latin America
VH03638,Subaru,Crosstrek,2013,Wagon,Electric,AMT,0.0,13.94,37532.04,1883,1684.21,North America
VH01397,Volvo,S60,2016,Sedan,Hybrid,DCT,2415.0,17.27,61709.53,2549,2244.13,Middle East
VH03585,Toyota,RAV4,2023,Sedan,Hybrid,,1521.0,34.35,25699.2,1961,752.53,Asia Pacific
VH04561,Honda,Pilot,2008,Hatchback,Electric,AMT,,7.46,26570.8,4911,1866.09,Asia Pacific
VH03377,Lexus,LS,2015,Convertible,Diesel,DCT,3440.0,18.17,59306.58,3303,2484.52,South Asia
VH01257,Mercedes-Benz,AMG GT,2023,Wagon,Hybrid,Manual,2424.0,27.67,44581.24,171,1574.25,Europe
VH03513,Audi,e-tron,2010,Wagon,Diesel,Manual,99999.0,24.67,38079.5,4514,1886.12,Middle East
VH01251,Mercedes-Benz,AMG GT,2022,Coupe,CNG,DCT,1390.0,13.94,44477.05,311,1574.24,South Asia
VH04886,Volvo,XC40,2015,Sedan,Hybrid,Manual,2927.0,34.83,52448.21,3823,2557.23,South Asia
VH04299,Honda,Pilot,2021,Coupe,CNG,AMT,2410.0,14.04,18130.37,1750,613.57,Europe
VH03285,Honda,Accord,2012,Van,Diesel,CVT,3318.0,19.77,24596.89,3347,1320.96,Asia Pacific
VH02934,TESLA,Cybertruck,2017,SUV,electric,DCT,0.0,6.46,65271.48,4721,2753.8,North America
VH04176,Volvo,V60,2018,Truck,Electric,Automatic,0.0,12.96,57408.9,3947,2521.34,Asia Pacific
VH01853,Mercedes-Benz,AMG GT,2018,Van,Petrol,AMT,2711.0,10.99,48347.19,3835,1615.78,Asia Pacific
VH04948,Ram,ProMaster,2022,Truck,Hybrid,DCT,4227.0,19.38,32599.89,780,1386.51,Asia Pacific
VH02106,Audi,e-tron,2012,Van,Diesel,Manual,2512.0,17.37,55107.97,187,2589.93,North America
VH00134,Jeep,Compass,2022,SUV,LPG,DCT,3171.0,15.85,26690.44,2576,,Latin America
VH00929,Ford,Bronco,2007,Sedan,Hybrid,AMT,2273.0,15.41,27396.53,395,,North America
VH00824,Nissan,Rogue,2011,SUV,CNG,,2239.0,13.29,25931.68,537,1674.93,South Asia
VH04618,Honda,Ridgeline,2023,Truck,LPG,Automatic,4596.0,13.94,26084.7,3906,874.76,South Asia
VH01532,BMW,5 Series,2005,SUV,Diesel,,4042.0,21.17,67218.85,3100,2335.98,Europe
VH01215,Ford,Bronco,2008,SUV,Electric,DCT,0.0,7.27,38121.58,818,2150.72,Latin America
VH00505,Ford,Mustang,2012,SUV,Electric,DCT,0.0,8.86,26717.71,3483,1285.16,Asia Pacific
VH04286,Mazda,MX-5 Miata,2012,Sedan,Diesel,Manual,1040.0,11.91,22702.06,1743,1127.29,South Asia
VH01997,Porsche,Taycan,2006,Coupe,CNG,DCT,1471.0,21.01,42473.7,3485,2653.9,North America
VH03073,Lexus,ES,2012,Sedan,Hybrid,DCT,3235.0,28.77,36564.54,20,1533.37,Asia Pacific
VH01959,Mazda,CX-30,2007,SUV,Hybrid,Manual,2281.0,25.62,30056.94,3721,1619.43,North America
VH01385,Volvo,C40,2017,Coupe,LPG,Manual,2506.0,,37068.98,45,1200.34,South Asia
VH00895,Tesla,Model S,2016,Sedan,Electric,AMT,0.0,8.72,49119.66,2172,1568.36,Middle East
VH00456,  Volvo  ,C40,2014,Hatchback, Petrol ,CVT,2911.0,12.53,39274.97,4052,1559.01,South Asia
VH04713,Hyundai,Kona,2019,Convertible,Petrol,DCT,1555.0,16.93,24689.84,3990,863.13,Asia Pacific
VH03710,Ford,Bronco,2022,Truck,LPG,Manual,3097.0,11.76,23771.54,2485,889.46,Asia Pacific
VH04695,Toyota,Highlander,2022,Van,Diesel,Manual,3166.0,21.36,26036.59,2587,,Asia Pacific
VH04269,Mercedes-Benz,C-Class,2010,Convertible,Diesel,DCT,3104.0,16.34,51865.07,2859,3024.21,Middle East
VH03523,Toyota,Camry,2005,Hatchback,Hybrid,Automatic,2034.0,23.62,20627.97,4829,1063.49,Europe
VH04135,Mazda,CX-30,2021,Van,Petrol,,,16.98,24143.31,4651,764.79,Africa
VH03603,Nissan,Sentra,2014,Van,CNG,AMT,2022.0,16.85,24212.91,3344,1294.34,Europe
VH00714,Toyota,Corolla,2014,Convertible,Hybrid,AMT,2695.0,15.8,33687.25,3691,1499.85,South Asia
VH04187,TOYOTA,Tacoma,2006,Hatchback,lpg,CVT,2275.0,17.13,16637.48,4544,754.04,Europe
VH02215,Jeep,Renegade,2006,SUV,Electric,Manual,0.0,5.01,32888.82,1654,1717.33,Latin America
VH02924,Tesla,Model Y,2006,SUV,Hybrid,Manual,1957.0,19.89,58950.67,2365,3393.18,North America
VH01811,Porsche,Macan,2007,Convertible,Petrol,AMT,3135.0,19.77,47912.25,629,2865.91,Asia Pacific
VH03487,Chevrolet,Malibu,2019,Sedan,Hybrid,AMT,2982.0,22.56,30253.58,3494,1117.2,Latin America
VH03142,Nissan,Pathfinder,2024,Sedan,Petrol,Manual,,8.47,31398.73,2069,869.52,Latin America
VH01828,Volkswagen,ID.4,2010,Sedan,Electric,AMT,0.0,8.38,25895.62,3203,1316.26,North America
VH01156,Volvo,C40,2006,SUV,Electric,AMT,0.0,9.83,60978.29,4480,3387.07,South Asia
VH01325,  Tesla  ,Cybertruck,2013,SUV, Petrol ,AMT,,8.73,60948.58,2701,2890.45,Africa
VH04313,Porsche,Boxster,2021,Convertible,,,,18.99,39177.2,3887,1369.32,Europe
VH00511,Mazda,CX-5,2021,Coupe,LPG,DCT,3173.0,14.66,22161.6,2232,673.51,Middle East
VH01681,Subaru,Outback,2008,Hatchback,Electric,Manual,0.0,14.47,25659.68,82,1207.68,Latin America
VH00500,Lexus,GX,2012,SUV,Petrol,Automatic,4081.0,10.28,51490.15,2081,2490.69,Asia Pacific
VH04611,Nissan,Altima,2016,Hatchback,Electric,CVT,0.0,11.53,26462.44,1185,890.04,Latin America
VH01857,Subaru,Legacy,2024,Truck,Hybrid,Manual,5813.0,22.43,33967.02,1335,1398.11,Asia Pacific
VH01389,Hyundai,Kona,2018,Sedan,Hybrid,CVT,1496.0,,34539.43,650,1075.4,South Asia
VH03720,Ford,Edge,2021,SUV,Hybrid,Automatic,4596.0,29.16,28340.49,4339,990.32,Latin America
VH02387,Chevrolet,Malibu,2008,SUV,CNG,CVT,4252.0,18.34,26632.91,4950,1608.51,Asia Pacific
VH03237,Honda,HR-V,1890,Truck,LPG,DCT,2665.0,15.96,25400.77,3754,1513.6,North America
VH01541,Lexus,RX,2015,SUV,Electric,CVT,0.0,11.49,68926.37,2626,3778.61,South Asia
VH01218,Chevrolet,Equinox,2007,SUV,Petrol,DCT,4939.0,13.87,25056.91,1924,1381.88,Europe
VH02682,Chevrolet,Tahoe,2016,Truck,Electric,DCT,0.0,9.38,39450.59,2617,2106.96,Latin America
VH02994,Mercedes-Benz,AMG GT,2006,Sedan,Electric,CVT,0.0,6.57,60660.58,3148,,South Asia
VH01192,Land Rover,Defender,2005,SUV,Hybrid,Automatic,1631.0,20.89,,4994,,Europe
VH01543,Mercedes-Benz,S-Class,2023,Sedan,LPG,AMT,1065.0,11.95,45874.42,4855,1703.1,Asia Pacific
VH03302,Jeep,Renegade,2019,SUV,Petrol,Manual,4095.0,14.38,34724.31,3910,757.78,Europe
VH03325,Volkswagen,Jetta,2021,Coupe,Electric,Automatic,0.0,9.41,31990.36,4485,1305.41,North America
VH02540,Tesla,Model Y,2023,Sedan,LPG,AMT,1555.0,12.14,42505.95,933,1046.82,Europe
VH00954,Audi,A6,2014,Convertible,Electric,CVT,,12.18,62121.53,2544,2068.66,Latin America
VH04331,Mercedes-Benz,AMG GT,2013,Hatchback,CNG,DCT,1210.0,21.64,38133.13,1838,1905.2,Middle East
VH00733,Kia,Sportage,2007,Wagon,,CVT,1684.0,10.64,22379.8,2827,1059.29,Latin America
VH01157,Mazda,MX-5 Miata,2006,Van,Diesel,AMT,2919.0,11.32,31405.37,3255,2126.3,Europe
VH03295,Nissan,Rogue,2019,SUV,Petrol,,4523.0,,26019.5,3896,1199.85,Latin America
VH02983,Tesla,Model S,2011,Sedan,LPG,DCT,2637.0,10.75,40922.12,4670,1603.75,South Asia
VH02157,Subaru,Impreza,2008,SUV,Petrol,DCT,3348.0,19.78,22421.13,3237,1054.07,Latin America
VH01063,Mazda,CX-30,2020,Truck,Petrol,DCT,4017.0,11.8,26849.68,621,558.83,Middle East
VH02617,Nissan,Rogue,2018,Sedan,Diesel,,1988.0,21.58,23492.78,4971,947.22,Europe
VH01168,Kia,Telluride,2009,Convertible,Petrol,AMT,2357.0,11.09,30848.78,4171,1380.5,North America
VH03223,Chevrolet,Blazer,2022,Sedan,Hybrid,Manual,2597.0,21.85,25274.8,3177,929.54,North America
VH03637,Hyundai,Tucson,2015,Coupe,Electric,DCT,0.0,13.24,29921.05,4391,1465.96,Africa
VH02939,Jeep,Wrangler,2023,SUV,CNG,Automatic,3223.0,19.61,26623.65,2299,781.7,Middle East
VH04492,Land Rover,Discovery,2008,SUV,Electric,CVT,0.0,13.79,52057.9,1664,2476.7,Africa
VH03141,Volkswagen,Golf,2014,Van,Petrol,CVT,2398.0,14.93,30605.73,2333,1488.16,Latin America
VH00144,Kia,Carnival,2023,Truck,LPG,DCT,,14.6,25323.67,2219,829.87,North America
VH03578,Chevrolet,Silverado,2008,Sedan,Petrol,Manual,2627.0,11.38,30620.15,3233,1972.07,Asia Pacific
VH02783,Hyundai,Sonata,2015,Coupe,Diesel,CVT,1936.0,11.41,31796.53,3222,1476.73,Latin America
VH00718,Nissan,Frontier,2008,Hatchback,LPG,Manual,1612.0,15.3,21762.54,2768,1207.88,Asia Pacific
VH01820,Audi,A6,2024,Hatchback,LPG,Manual,3099.0,14.41,35504.72,2786,,Latin America
VH02503,Land Rover,Range Rover,2015,SUV,Electric,Automatic,0.0,6.39,62918.4,3454,3647.59,Latin America
VH04361,Lexus,IS,2008,Wagon,Electric,Manual,0.0,13.94,56705.92,2627,2589.68,Europe
VH04172,Lexus,NX,2011,Van,Petrol,Automatic,2796.0,14.31,48551.31,939,1990.43,Latin America
VH00396,Tesla,Model S,2023,Sedan,Electric,AMT,0.0,6.69,47215.92,666,1175.48,Asia Pacific
VH04915,Volvo,XC40,2005,SUV,LPG,Automatic,2445.0,16.3,41652.59,884,2354.14,Middle East
VH04493,Honda,Accord,2024,Van,CNG,AMT,1982.0,15.62,26720.66,3659,838.51,Africa
VH01366,Audi,Q7,2008,SUV,Hybrid,CVT,1615.0,26.45,42429.69,4712,2519.14,South Asia
VH04633,Toyota,Highlander,2023,SUV,LPG,AMT,,17.92,28144.9,3723,893.35,South Asia
VH00596,Lexus,NX,2005,Truck,CNG,CVT,4958.0,20.46,61897.51,887,4008.27,South Asia
VH03953,Porsche,Boxster,2008,Convertible,Electric,Manual,0.0,14.59,65620.68,1268,3488.7,North America
VH02915,Toyota,RAV4,2007,Sedan,Electric,DCT,,5.34,31353.98,4557,2078.5,South Asia
VH02327,Mazda,Mazda6,2008,Hatchback,,DCT,0.0,5.77,,4478,1404.91,Europe
VH03767,Ram,3500,2014,Truck,Hybrid,CVT,5851.0,29.5,32103.08,1052,1588.35,South Asia
VH03441,Audi,A4,2006,Sedan,CNG,CVT,2063.0,16.61,40928.1,257,2059.16,Africa
VH03852,Jeep,Compass,2013,SUV,Petrol,DCT,2599.0,18.06,31968.23,2911,1383.19,Europe
VH04133,Nissan,Altima,2021,Truck,Hybrid,CVT,3223.0,16.37,34094.62,2451,968.12,North America
VH04666,Nissan,Altima,2021,Convertible,Diesel,AMT,1792.0,,26923.3,2437,924.18,Middle East
VH02144,Toyota,Tacoma,2015,Coupe,Diesel,AMT,3393.0,11.73,27810.6,4596,1050.24,Middle East
VH01572,Kia,Soul,2006,Wagon,Electric,DCT,0.0,10.28,29886.87,4591,1677.1,South Asia
VH04080,Tesla,Cybertruck,2005,Sedan,Petrol,DCT,2407.0,10.46,35566.5,3832,2099.76,Africa
VH01123,Mercedes-Benz,GLC,2024,Truck,LPG,DCT,3806.0,14.54,41780.88,2602,1304.57,Africa
VH02787,Ram,ProMaster,2023,Van,Hybrid,CVT,3442.0,33.23,29022.48,4425,884.33,Asia Pacific
VH02968,Hyundai,Santa Fe,2018,Convertible,LPG,AMT,3067.0,12.19,25505.75,2913,871.01,Africa
VH02505,Ram,3500,2023,Van,Diesel,Manual,2700.0,13.98,30499.73,925,845.4,South Asia
VH03466,Ford,Mustang,2023,Truck,CNG,Manual,4330.0,15.58,30174.34,1731,871.02,Africa
VH00676,Ford,Edge,2018,Truck,Electric,AMT,0.0,6.11,41393.5,2950,1620.27,Middle East
VH02809,Porsche,911,2010,SUV,Petrol,CVT,3187.0,16.97,48671.95,2547,2333.2,North America
VH03349,Porsche,911,2017,Convertible,LPG,Manual,3255.0,9.24,45960.84,4309,1760.77,South Asia
VH00729,Toyota,Prius,2018,Wagon,Electric,CVT,0.0,10.63,29504.87,4492,992.29,South Asia
VH00413,Chevrolet,Equinox,2008,Truck,Electric,Manual,0.0,5.95,35903.41,3231,1851.32,Latin America
VH03147,Ford,Explorer,2024,Truck,Petrol,DCT,3870.0,14.26,35114.4,2592,1049.63,Asia Pacific
VH01517,Jeep,Compass,2009,SUV,Hybrid,AMT,2430.0,33.2,28347.22,2956,1435.68,Latin America
VH00826,Volkswagen,ID.4,2020,Convertible,Electric,CVT,0.0,8.22,42564.16,4392,1635.31,Asia Pacific
VH03268,BMW,5 Series,2011,Van,Diesel,CVT,99999.0,17.27,64117.58,1148,2988.26,Middle East
VH03975,Chevrolet,Malibu,2009,Sedan,Diesel,CVT,2352.0,12.69,29360.01,3214,1562.71,Latin America
VH00617,,Model S,2009,Sedan,,Automatic,2912.0,15.41,43337.04,885,2323.37,South Asia
VH00115,Ford,Escape,2010,Truck,,AMT,4303.0,11.83,20861.43,865,1010.37,North America
VH00418,Toyota,RAV4,2024,Van,Diesel,DCT,3033.0,13.76,28125.36,1435,785.27,Africa
VH03070,Honda,Pilot,2024,SUV,Electric,CVT,0.0,8.31,30409.99,4138,746.89,Europe
VH01626,Toyota,Prius,2008,Hatchback,LPG,DCT,3431.0,13.81,21047.5,3005,1337.95,North America
VH00531,Mazda,CX-30,2005,Truck,Diesel,DCT,4352.0,24.84,31134.5,2861,1897.66,South Asia
VH04186,Honda,HR-V,2008,Convertible,Hybrid,Manual,3155.0,33.74,28269.87,3204,1555.56,Middle East
VH02897,Mazda,Mazda3,2020,Coupe,Hybrid,Automatic,1368.0,32.79,29831.28,3143,907.79,Latin America
VH04748,Tesla,Model X,2018,SUV,Electric,CVT,0.0,-10.4,50205.25,508,1990.21,Latin America
VH02083,Hyundai,Santa Fe,2023,Wagon,Hybrid,DCT,1572.0,24.53,30820.69,4960,584.74,South Asia
VH00754,Chevrolet,Colorado,2022,Sedan,Petrol,AMT,1082.0,9.39,21604.04,117,487.3,North America
VH02547,Ford,Mustang,2015,Sedan,Electric,Automatic,0.0,5.57,28519.91,1560,1155.53,Europe
VH03970,Subaru,Impreza,2021,SUV,Diesel,AMT,3214.0,18.44,23992.65,4797,991.8,Europe
VH03374,,XC90,2006,Wagon,Petrol,Manual,1654.0,19.76,53691.56,3297,2499.4,Africa
VH04108,Kia,Forte,2013,Wagon,Diesel,Automatic,1649.0,17.13,30675.63,637,1573.08,Latin America
VH02445,Mazda,Mazda6,2019,Wagon,Petrol,Manual,1729.0,10.9,28094.14,407,1092.75,Europe
VH04381,Volvo,XC40,2016,Sedan,Petrol,Automatic,2407.0,10.02,44965.38,2263,1804.39,Africa
VH01067,Volkswagen,Passat,2016,Coupe,LPG,AMT,2542.0,16.82,21786.36,4601,958.02,Europe
VH03914,Jeep,Compass,2019,SUV,CNG,CVT,,12.97,27054.7,3305,1014.19,North America
VH03499,Chevrolet,Malibu,2018,Truck,Hybrid,Automatic,4666.0,23.48,38187.14,2784,1527.41,Africa
VH02739,Audi,A6,2017,Wagon,Diesel,CVT,2895.0,22.79,48257.56,1715,1690.51,Latin America
VH04001,Kia,Sorento,2010,Wagon,LPG,AMT,1588.0,9.75,18925.15,3204,979.33,South Asia
VH01569,Mercedes-Benz,E-Class,2008,Van,Petrol,CVT,3225.0,16.82,48798.44,4448,1852.78,Asia Pacific
VH02428,Hyundai,Tucson,2016,Van,,AMT,1865.0,11.52,30256.47,3514,826.44,Middle East
VH03747,Honda,Ridgeline,2016,Convertible,Diesel,DCT,,,30854.88,4341,1259.21,North America
VH04716,Ram,3500,2017,Van,Petrol,AMT,2502.0,18.51,28373.72,1395,1095.38,Middle East
VH01688,Volkswagen,Atlas,2005,Van,Diesel,DCT,2585.0,12.5,24145.92,625,1553.87,South Asia
VH00852,BMW,5 Series,2005,Wagon,Electric,CVT,0.0,6.54,61484.97,117,3520.24,Europe
VH03547,Nissan,Sentra,2005,SUV,Petrol,CVT,1985.0,11.83,26824.55,3858,1771.94,Asia Pacific
VH00896,Jeep,Cherokee,2009,SUV,Petrol,Automatic,1721.0,19.96,,4953,1397.69,Middle East
VH04593,BMW,7 Series,2016,Truck,Diesel,Manual,3264.0,18.57,58519.18,2032,2890.99,South Asia
VH00336,Hyundai,Tucson,2023,Truck,CNG,DCT,4084.0,18.38,34849.4,3853,1391.73,North America
VH02840,Nissan,Murano,2018,Sedan,LPG,CVT,2901.0,9.93,25053.81,570,1059.77,Asia Pacific
VH03088,Kia,Telluride,2013,Van,Petrol,AMT,1892.0,13.47,27096.82,2102,1299.81,Asia Pacific
VH04612,Land Rover,Defender,2014,SUV,Electric,CVT,0.0,9.79,65413.63,3985,3205.25,Africa
VH01349,Audi,A6,2008,Coupe,Petrol,Automatic,1360.0,15.86,54761.26,2494,3161.48,Europe
VH01016,Hyundai,Kona,2017,Van,LPG,Automatic,3097.0,11.21,28033.36,2718,1197.86,Africa
VH02817,Ram,1500,2018,Van,CNG,Automatic,2463.0,17.34,25010.64,4862,951.24,Europe
VH01632,BMW,3 Series,2009,Sedan,petrol,DCT,2892.0,12.71,47050.61,2673,1977.56,Asia Pacific
VH02490,Land Rover,Evoque,2022,SUV,LPG,AMT,3842.0,11.14,44746.03,2764,1364.11,Asia Pacific
VH03731,Land Rover,Evoque,2009,SUV,CNG,AMT,,16.31,40754.44,1167,1975.1,North America
VH03252,Volkswagen,Passat,2023,Hatchback,LPG,Automatic,2298.0,13.39,20315.77,4642,827.89,Middle East
VH04711,Chevrolet,Blazer,2013,Sedan,LPG,,3152.0,11.62,21548.13,1621,673.85,Latin America
VH02071,BMW,X5,2021,Sedan,Hybrid,Automatic,1035.0,30.63,49925.43,3876,1560.27,South Asia
VH04453,Toyota,Corolla,2021,Coupe,Diesel,Manual,2224.0,22.95,23537.13,608,993.82,South Asia
VH04962,Mazda,CX-9,2024,Truck,Diesel,AMT,5439.0,23.69,28408.6,1087,786.97,Middle East
VH01636,Jeep,Grand Cherokee,2020,SUV,Hybrid,DCT,2005.0,27.92,26095.1,3207,740.82,South Asia
VH04647,Kia,Sportage,2007,Convertible,Electric,Manual,0.0,12.98,35963.84,2388,2465.16,Latin America
VH02480,Lexus,LS,2017,SUV,Electric,CVT,0.0,13.86,67539.28,654,2764.92,South Asia
VH02266,Porsche,Boxster,2011,SUV,Electric,Manual,0.0,5.36,66605.86,3303,3355.03,South Asia
VH02960,Land Rover,Evoque,2016,SUV,Petrol,Manual,3749.0,9.14,43687.27,925,1849.13,Middle East
VH04810,Porsche,Boxster,2023,Convertible,LPG,DCT,2648.0,17.84,50420.59,3619,1882.92,Latin America
VH03060,Ford,Edge,2022,SUV,Electric,Automatic,0.0,12.52,29528.37,498,963.21,Middle East
VH02142,Toyota,Tacoma,2006,Convertible,Hybrid,AMT,3182.0,23.84,32117.78,4770,1319.32,North America
VH03119,Ford,F-150,2011,Truck,Electric,DCT,0.0,10.59,27704.94,367,1275.32,Europe
VH04803,Toyota,Prius,2020,Van,Hybrid,CVT,3043.0,16.73,-26784.78,2886,747.92,Middle East
VH04046,Ram,1500,2021,Van,Petrol/Gas,AMT,3195.0,19.45,24615.61,4341,803.59,South Asia
VH03357,Toyota,Prius,2020,Van,CNG,DCT,2146.0,19.12,26737.75,3709,899.15,South Asia
VH02745,Audi,e-tron,2006,Sedan,CNG,Automatic,2190.0,17.1,42691.19,65,2996.89,North America
VH03507,Ford,Edge,2007,Truck,Diesel,DCT,3931.0,10.54,28138.35,2086,1567.35,North America
VH01680,Ford,Explorer,2006,Truck,,Automatic,5424.0,11.17,28595.59,2345,1709.15,North America
VH04250,Volkswagen,Jetta,2017,Van,Petrol,Manual,2118.0,13.81,24368.74,4690,1064.12,Middle East
VH03148,BMW,7 Series,2019,Wagon,CNG,Automatic,1244.0,18.9,38567.45,1956,1137.11,South Asia
VH02295,Kia,Forte,2021,Convertible,Petrol,Automatic,2537.0,16.49,29428.08,3316,735.48,South Asia
VH00581,Lexus,IS,2022,Sedan,CNG,Manual,1717.0,12.77,46250.67,4181,1510.24,South Asia
VH01471,Subaru,WRX,2021,Wagon,Hybrid,DCT,1399.0,22.62,23339.6,3499,804.01,North America
VH04071,Mercedes-Benz,AMG GT,2008,Sedan,,DCT,2839.0,17.02,50176.28,3938,2734.25,Europe
VH03344,Volkswagen,Tiguan,2007,Hatchback,CNG,AMT,2534.0,16.03,19919.93,4682,1054.53,Europe
VH04584,Ford,Explorer,2009,Sedan,Electric,Automatic,0.0,6.63,33562.88,782,2318.07,Middle East
VH03673,Mazda,MX-5 Miata,2011,Hatchback,Electric,AMT,0.0,8.29,34074.2,285,1988.69,Middle East
VH00560,Mercedes-Benz,E-Class,2022,Truck,LPG,CVT,3918.0,15.95,42594.7,2868,1052.26,Africa
VH02850,  Mercedes-Benz  ,GLE,2006,Van, LPG ,Manual,3171.0,15.23,43822.8,4491,2238.66,South Asia
VH00513,BMW,7 Series,2016,Hatchback,CNG,AMT,1389.0,18.48,40714.62,4302,1433.62,Europe
VH01082,Porsche,Taycan,2015,Convertible,CNG,Automatic,2649.0,12.16,54080.21,2141,2355.31,Middle East
VH01665,Mercedes-Benz,GLE,2014,Hatchback,Petrol,CVT,1381.0,10.37,42542.17,529,1241.96,Africa
VH01013,Honda,Ridgeline,2014,SUV,Electric,Automatic,0.0,,40756.74,1988,1811.4,Europe
VH01932,Kia,Sorento,2010,Coupe,LPG,CVT,1386.0,15.56,24734.59,4304,1452.35,Middle East
VH01151,Land Rover,Range Rover,2011,SUV,Hybrid,Manual,2408.0,26.05,55983.18,2772,2109.97,Latin America
VH02839,Kia,Sorento,2018,Van,Electric,CVT,0.0,6.92,,1624,1260.73,Latin America
VH00117,Toyota,Corolla,2008,Hatchback,Petrol,AMT,2671.0,12.38,21032.56,599,1548.11,Europe
VH00741,Ford,Escape,2015,SUV,LPG,Manual,3220.0,13.38,29954.42,1851,978.27,Asia Pacific
VH04885,AUDI,Q5,2018,Hatchback,cng,AMT,2144.0,20.31,40353.55,3486,1100.45,North America
VH03676,Mazda,CX-9,2023,Wagon,CNG,CVT,3454.0,12.72,23212.66,1398,526.36,Middle East
VH00831,Subaru,Legacy,2013,Wagon,Hybrid,Automatic,2481.0,15.5,21813.72,237,,Asia Pacific
VH00120,Land Rover,Defender,2009,SUV,Electric,Automatic,0.0,6.64,56763.84,2089,3708.26,Middle East
VH04858,Chevrolet,Blazer,2016,Truck,Electric,AMT,,7.05,32164.14,759,,Africa
VH04817,BMW,5 Series,2016,SUV,LPG,Automatic,4021.0,14.22,50403.15,2260,2318.96,Asia Pacific
VH00636,Volkswagen,Atlas,2021,Convertible,LPG,Automatic,3031.0,15.63,31516.67,4303,1212.89,Middle East
VH04466,Toyota,Corolla,2022,SUV,Hybrid,Manual,3203.0,15.72,36446.71,2973,956.47,South Asia
VH04365,Jeep,Cherokee,2018,SUV,Diesel,CVT,3023.0,11.12,31766.38,1506,1506.6,Asia Pacific
VH04143,Kia,Forte,2008,Coupe,Diesel,AMT,2311.0,10.17,26556.24,4478,1472.65,Middle East
VH00992,Honda,HR-V,2012,Wagon,LPG,AMT,2785.0,10.36,23822.8,3713,1150.95,Europe
VH00877,Mercedes-Benz,E-Class,2009,Truck,Electric,AMT,0.0,8.74,61397.37,2652,2869.43,Latin America
VH00005,Nissan,Pathfinder,2022,Coupe,Petrol,Manual,3069.0,15.58,25667.68,3503,1002.36,Latin America
VH03052,Mazda,Mazda6,2014,Truck,,DCT,4130.0,12.12,18881.48,4120,985.87,Europe
VH03125,Hyundai,Sonata,2024,Sedan,Petrol,CVT,1994.0,11.89,28704.87,1568,762.68,Latin America
VH02661,Chevrolet,Equinox,2007,SUV,Petrol,AMT,2223.0,18.71,22057.57,1839,1546.04,Latin America
VH02492,Audi,Q5,2008,Convertible,Hybrid,Manual,2811.0,16.89,50651.58,4296,2272.15,South Asia
VH03855,Kia,Forte,2011,Coupe,LPG,Automatic,1670.0,14.13,18358.01,4339,937.0,South Asia
VH01716,,Camry,2010,Wagon,Hybrid,CVT,1857.0,21.34,25360.08,1926,1316.68,Latin America
VH01149,Ford,Bronco,2020,SUV,Petrol,DCT,1791.0,19.12,31055.68,584,1060.44,Asia Pacific
VH03262,Tesla,Model X,2019,SUV,CNG,Automatic,3258.0,12.38,50378.0,2162,1668.48,Europe
VH00575,Ford,Bronco,2015,Truck,Petrol,Manual,2903.0,19.4,26859.15,3219,1384.27,South Asia
VH03770,Honda,HR-V,2019,Convertible,Electric,Automatic,0.0,13.75,37936.91,3250,1314.7,North America
VH03737,Mazda,Mazda6,2014,Convertible,Hybrid,CVT,2848.0,27.97,38258.05,3565,1430.0,North America
VH04147,Land Rover,Freelander,2020,SUV,Hybrid,Manual,2904.0,34.2,59494.98,2449,2509.79,Asia Pacific
VH00854,Audi,Q7,2010,Wagon,Electric,AMT,,7.07,51449.2,2533,2799.03,Latin America
VH01983,Lexus,LS,2006,Coupe,Hybrid,DCT,,18.48,58510.45,3656,3008.84,Latin America
VH02775,Toyota,Tacoma,2006,Truck,LPG,CVT,2522.0,14.6,,860,1831.55,Asia Pacific
VH01167,Volkswagen,Passat,2007,Convertible,Electric,AMT,0.0,9.43,40203.17,4872,2244.34,Africa
VH00972,Volkswagen,Atlas,2017,Van,Hybrid,Manual,3189.0,26.02,30251.42,1008,1583.57,Europe
VH02702,Subaru,Impreza,2011,Van,Electric,CVT,0.0,10.06,34549.24,3533,,Europe
VH04496,Nissan,Pathfinder,2005,Truck,CNG,,4558.0,18.67,34991.3,4879,2314.91,Europe
VH03848,Nissan,Frontier,2005,Coupe,Petrol,AMT,2586.0,13.13,29626.88,3832,1904.75,South Asia
VH02369,Jeep,Cherokee,2015,SUV,Diesel,Automatic,3364.0,23.87,27385.98,1078,,Asia Pacific
VH04116,Jeep,Renegade,2005,SUV,Petrol,DCT,2026.0,10.7,30474.3,3355,2020.72,Middle East
VH04132,Tesla,Model X,2006,Sedan,CNG,,1533.0,13.0,38894.54,2700,2553.71,South Asia
VH02951,Land Rover,Freelander,2013,SUV,LPG,AMT,,10.36,47003.31,4820,1655.68,Middle East
VH00525,Mercedes-Benz,GLE,2008,Coupe,Electric,DCT,0.0,13.27,61025.44,1884,3522.04,Africa
VH02456,Tesla,Model S,2017,Sedan,Diesel,CVT,1412.0,19.9,51161.79,4594,1619.63,South Asia
VH01842,Porsche,Taycan,2012,Convertible,LPG,Automatic,2678.0,14.74,39973.35,1676,1674.19,Africa
VH00538,Ram,Dakota,2011,Truck,LPG,CVT,5267.0,9.65,31484.35,1717,1078.13,Middle East
VH02807,Tesla,Model S,2022,Sedan,CNG,CVT,1868.0,19.04,42502.91,233,1291.4,South Asia
VH04342,Ford,Mustang,2014,Sedan,Diesel,AMT,3377.0,21.34,,2270,1494.21,Europe
VH03176,Volvo,XC90,2016,Coupe,Diesel,AMT,2859.0,,61072.61,4897,3137.3,Middle East
VH00785,Porsche,Panamera,2019,Coupe,Hybrid,DCT,2543.0,26.77,51723.38,2492,1300.95,Asia Pacific
VH04058,Jeep,Grand Cherokee,2013,SUV,Diesel,AMT,3879.0,15.24,33722.63,1219,1722.73,Asia Pacific
VH01410,Toyota,Prius,2018,Truck,CNG,DCT,3493.0,15.9,30235.69,4986,1309.38,Europe
VH02538,Ford,Explorer,2016,Truck,Electric,Manual,0.0,13.75,36874.7,917,1611.91,Europe
VH00155,  Kia  ,Sportage,2022,Hatchback, Electric ,CVT,0.0,10.3,19468.99,4546,718.11,Latin America
VH03010,Toyota,Camry,2007,Hatchback,Petrol/Gas,DCT,0.0,7.73,24261.96,3686,1231.54,South Asia
VH01687,Volvo,V60,2023,Wagon,Electric,Automatic,0.0,5.2,66573.69,1814,2630.78,Asia Pacific
VH02902,Land Rover,Range Rover,2006,SUV,CNG,CVT,3497.0,12.77,51864.78,303,2632.57,Middle East
VH01324,Jeep,Grand Cherokee,2015,SUV,Diesel,Manual,3352.0,21.66,17063.81,138,1010.75,Asia Pacific
VH04722,BMW,X3,2023,Coupe,CNG,CVT,1472.0,18.35,44635.32,1942,1054.21,Middle East
VH03864,Land Rover,Defender,2019,SUV,Diesel,Manual,3606.0,20.67,51220.41,350,2067.63,Latin America
VH02734,Mazda,CX-9,2011,SUV,LPG,AMT,1649.0,11.99,25788.88,4445,1487.89,North America
VH01896,Audi,A4,2007,Truck,LPG,Manual,6150.0,9.82,49205.14,4710,2456.65,South Asia
VH00570,  Ram  ,1500,2010,Truck, Diesel ,DCT,4835.0,19.3,30954.43,2571,1512.36,South Asia
VH01817,Ram,2500,2013,Van,Diesel,Automatic,1875.0,22.88,-31141.87,4168,1286.72,Middle East
VH02066,Volkswagen,Jetta,2005,Hatchback,LPG,DCT,3421.0,12.75,16802.44,3130,746.74,Africa
VH00128,Tesla,Model Y,2011,SUV,LPG,AMT,3189.0,15.92,57277.15,1850,2704.62,Asia Pacific
VH03395,Mercedes-Benz,C-Class,2017,Convertible,Petrol,DCT,3362.0,8.56,53521.18,2363,1631.4,Middle East
VH03328,Volvo,C40,2005,Truck,Hybrid,Automatic,4086.0,21.7,62510.05,2074,3956.16,Europe
VH01027,Subaru,Forester,2024,Truck,Electric,CVT,0.0,5.37,33276.78,3776,1145.98,Middle East
VH02976,BMW,3 Series,2018,Truck,Petrol,AMT,4988.0,12.33,55084.34,4488,1890.55,Europe
VH00981,Jeep,Cherokee,2015,SUV,Electric,DCT,0.0,14.79,32449.49,1931,1269.45,Latin America
VH02301,Mazda,CX-30,2012,Hatchback,LPG,CVT,2565.0,16.11,19150.1,4654,945.36,North America
VH00191,Tesla,Cybertruck,2023,Sedan,CNG,Automatic,3147.0,21.13,36788.53,1714,835.2,Europe
VH01140,Kia,Forte,2014,Convertible,Hybrid,Automatic,2493.0,19.47,38432.33,4922,1750.23,Asia Pacific
VH00700,Porsche,Taycan,2016,Convertible,Petrol,Automatic,2641.0,13.42,49680.12,758,1932.5,Middle East
VH04859,Volvo,XC90,2012,Truck,LPG,DCT,3261.0,10.27,53510.78,1111,2911.74,North America
VH00607,BMW,7 Series,2005,SUV,Diesel,AMT,4775.0,20.33,55646.35,4354,3212.39,North America
VH04277,Mercedes-Benz,E-Class,2005,SUV,Petrol,CVT,4442.0,12.18,37639.58,2410,2385.37,Asia Pacific
VH00302,Lexus,GX,2009,Truck,Diesel,AMT,4588.0,24.73,47840.35,4551,1465.03,Europe
VH03421,Hyundai,Kona,2010,Van,Hybrid,AMT,2319.0,33.82,37715.42,2831,1790.81,South Asia
VH04899,Mercedes-Benz,E-Class,2022,Wagon,Diesel,AMT,3263.0,20.84,49153.26,2842,1894.07,Middle East
VH01061,Lexus,ES,2013,Sedan,LPG,CVT,2116.0,13.89,42802.37,4833,2377.54,South Asia
VH02566,Chevrolet,Tahoe,2008,SUV,Electric,Manual,0.0,12.21,32035.72,176,1814.74,Asia Pacific
VH04144,Honda,Pilot,2006,Wagon,Electric,CVT,0.0,5.92,31100.39,3479,1668.05,South Asia
VH01070,Mercedes-Benz,AMG GT,2011,Sedan,Electric,DCT,0.0,10.04,50611.18,2509,2483.16,South Asia
VH02525,Ford,Escape,2023,Sedan,,Manual,2321.0,24.25,29620.5,1643,719.02,Africa
VH02206,BMW,X5,2015,Wagon,Electric,Manual,,8.86,61897.64,4238,2736.25,Africa
VH01244,Mercedes-Benz,GLE,2014,Hatchback,Petrol,AMT,1744.0,15.28,32795.66,3716,1235.57,Europe
VH00017,Chevrolet,Silverado,2009,Truck,CNG,CVT,6172.0,14.34,24299.0,4268,1370.83,Europe
VH03121,Mercedes-Benz,GLE,2015,Van,,CVT,2564.0,13.1,51163.45,1907,2306.97,Africa
VH04643,Ford,Mustang,2015,Truck,Hybrid,CVT,4071.0,24.49,33007.69,3901,1606.1,Europe
VH04755,Land Rover,Evoque,2009,SUV,Electric,DCT,0.0,5.31,,2282,2269.26,South Asia
VH00816,Land Rover,Evoque,2009,SUV,LPG,CVT,1872.0,17.69,41831.83,3869,1951.51,Africa
VH03068,Subaru,Crosstrek,2016,Van,LPG,DCT,2441.0,15.4,24338.1,3126,900.81,North America
VH04863,Volkswagen,Tiguan,2019,Truck,Petrol,Manual,4299.0,9.79,25112.63,2352,1041.54,North America
VH00960,Mazda,MX-5 Miata,2020,SUV,Petrol,CVT,3274.0,13.74,25037.56,4992,756.56,Middle East
VH00226,Mercedes-Benz,S-Class,2019,Hatchback,Petrol,Seq,2152.0,15.92,33614.15,365,1348.14,Europe
VH03355,Mercedes-Benz,E-Class,2010,Coupe,CNG,CVT,2044.0,12.55,41319.1,668,,Latin America
VH02486,Kia,Forte,2007,Sedan,Hybrid,Manual,3179.0,21.54,24003.97,2124,1252.58,North America
VH00563,Ford,Escape,2009,Sedan,LPG,CVT,2696.0,9.3,21971.95,2494,1286.58,Latin America
VH03437,SUBARU,Forester,2010,Van,electric,Automatic,0.0,11.83,32618.12,1416,1357.59,Asia Pacific
VH01694,Land Rover,Freelander,2006,SUV,Hybrid,Manual,3864.0,32.68,51570.88,36,3143.63,South Asia
VH01046,RAM,Dakota,2020,Truck,hybrid,Automatic,3647.0,24.27,27956.02,2753,1009.62,Africa
VH03447,Audi,A3,2018,Van,Hybrid,Automatic,2356.0,29.78,57970.99,4939,2410.12,Asia Pacific
VH04566,Hyundai,Tucson,2012,Truck,Electric,AMT,0.0,9.05,38245.41,4830,1828.24,Europe
VH00955,Chevrolet,Colorado,2011,Sedan,Hybrid,CVT,,18.92,28741.03,1373,1276.45,South Asia
VH00587,Kia,Sorento,2020,Hatchback,LPG,DCT,2665.0,-12.16,20653.23,4606,510.98,Asia Pacific
VH02736,Tesla,Model S,2017,SUV,Petrol,CVT,1993.0,10.09,47497.35,63,1405.62,North America
VH04983,Hyundai,Kona,2016,Van,Electric,CVT,0.0,5.45,29723.98,3166,1364.1,Latin America
VH04736,Lexus,GX,2012,Sedan,Electric,Automatic,0.0,9.31,51163.21,4109,1628.37,South Asia
VH04902,Ram,1500,2012,Truck,LPG,CVT,4600.0,10.24,19473.42,3457,926.17,North America
VH01219,Land Rover,Evoque,2023,SUV,LPG,DCT,4763.0,14.81,41801.32,1482,1511.94,North America
VH01528,BMW,7 Series,2013,Hatchback,Hybrid,CVT,2900.0,20.72,38969.23,840,1650.84,Asia Pacific
VH03988,Chevrolet,Colorado,2010,SUV,Electric,DCT,0.0,5.41,33464.59,1831,1864.7,North America
VH01301,Audi,Q7,2011,Wagon,Hybrid,CVT,1331.0,17.28,48476.89,511,2460.35,Middle East
VH04971,BMW,7 Series,2017,Hatchback,Petrol,AMT,1611.0,12.29,37951.73,4959,1267.65,Africa
VH00161,Tesla,Model Y,2018,Sedan,CNG,Automatic,2948.0,16.33,47634.04,2564,1230.25,South Asia
VH04068,Mercedes-Benz,GLC,2011,Van,CNG,DCT,2176.0,21.72,49197.14,3613,2219.79,South Asia
VH00957,Toyota,Corolla,2021,Hatchback,LPG,CVT,1076.0,13.19,17590.56,4636,484.39,Latin America
VH03792,Ford,F-150,2023,Truck,Hybrid,DCT,5291.0,23.64,32674.67,4270,1032.32,Middle East
VH03235,Kia,Carnival,2009,Van,Diesel,Automatic,3401.0,13.23,20600.26,3540,1247.19,Africa
VH02870,Ram,Dakota,2015,Van,Petrol,DCT,,16.52,27069.43,1680,1073.39,South Asia
VH03778,Ram,3500,2015,Van,Petrol,Automatic,1894.0,17.54,25719.38,3126,826.4,Europe
VH04434,Ford,Explorer,2008,Sedan,Electric,DCT,0.0,12.01,34562.91,3800,1404.95,Latin America
VH02962,Ram,3500,2012,Van,CNG,Automatic,2601.0,12.1,24134.86,4174,1054.24,Asia Pacific
VH02201,Kia,Telluride,2015,SUV,LPG,DCT,3626.0,15.2,29672.36,1296,1081.48,South Asia
VH00099,Volvo,V60,2021,Truck,LPG,DCT,5218.0,10.74,46059.85,500,1999.23,South Asia
VH02558,Toyota,RAV4,2015,Wagon,Hybrid,,2699.0,31.77,23409.64,2230,1344.02,Europe
VH03184,Land Rover,Defender,2008,SUV,Electric,AMT,0.0,12.21,59836.17,3961,3423.9,South Asia
VH00254,Audi,A6,2007,Convertible,Electric,CVT,0.0,8.18,71543.55,4884,4336.42,Africa
VH03924,  Lexus  ,RX,2024,SUV, CNG ,CVT,4720.0,15.41,47799.5,2840,1354.28,Asia Pacific
VH04200,Hyundai,Palisade,2016,Hatchback,LPG,Automatic,,13.01,18931.09,4297,718.46,Europe
VH01446,Toyota,Tacoma,2023,Hatchback,Petrol,DCT,3002.0,10.71,23260.94,4065,591.96,Europe
VH01649,Ram,Dakota,2010,Van,CNG,AMT,1938.0,13.58,29558.09,185,1820.87,Asia Pacific
VH04683,Jeep,Renegade,2009,SUV,Hybrid,Manual,4935.0,24.85,35567.14,4281,2114.08,Africa
VH04724,BMW,3 Series,2015,Van,Petrol,CVT,1994.0,17.1,47025.15,4725,1945.4,South Asia
VH03992,Subaru,Legacy,2005,Van,Diesel,CVT,2856.0,13.54,29133.81,3953,1815.45,Middle East
VH01697,Hyundai,Tucson,2007,Truck,Petrol,,2945.0,13.28,27864.99,4907,1362.54,South Asia
VH03192,Volkswagen,Atlas,2011,Truck,Diesel,Automatic,3210.0,23.81,33561.86,1801,1586.25,Africa
VH04500,Ram,3500,2017,Van,Electric,AMT,0.0,,25858.36,-764,1004.78,Middle East
VH01155,Lexus,RX,2017,Van,LPG,Automatic,2753.0,17.36,41829.94,1595,1428.98,Asia Pacific
VH02256,Kia,Sportage,2005,Convertible,Petrol,AMT,1797.0,12.95,23560.27,3452,1203.55,Africa
VH01683,Land Rover,Discovery,2006,SUV,Petrol,CVT,3255.0,16.79,48491.29,1835,2648.99,Asia Pacific
VH03171,Kia,Soul,2021,SUV,LPG,AMT,2216.0,13.33,20179.38,3611,466.75,Middle East
VH02057,Jeep,Grand Cherokee,2016,SUV,Diesel,AMT,2246.0,19.18,21712.8,1987,1053.92,Latin America
VH04091,Land Rover,Defender,2009,SUV,Hybrid,DCT,4084.0,28.84,55309.99,3647,2442.0,Middle East
VH03109,Tesla,Cybertruck,2014,Sedan,LPG,CVT,2829.0,10.67,39262.05,1809,1853.96,North America
VH04549,Mercedes-Benz,GLC,2010,Wagon,LPG,Automatic,2574.0,12.41,37453.56,3548,1901.16,Asia Pacific
VH03724,Volvo,XC90,2010,Convertible,Diesel,Automatic,1064.0,22.83,63221.62,107,3986.06,Africa
VH02050,Porsche,Cayenne,2016,Convertible,Electric,DCT,0.0,11.95,68218.97,4052,2657.73,Europe
VH03644,Nissan,Altima,2019,Sedan,LPG,DCT,1800.0,10.6,24033.2,354,1125.47,Europe
VH04131,Tesla,Model X,2017,Sedan,CNG,AMT,3123.0,14.16,43883.6,4570,1570.76,Latin America
VH00624,Porsche,Taycan,2005,Coupe,Hybrid,Manual,2505.0,27.97,52396.34,1774,3118.03,Europe
VH00263,Volvo,C40,2011,Hatchback,CNG,AMT,2880.0,17.04,38492.53,3572,1242.42,Africa
VH03370,Land Rover,Defender,2018,SUV,Petrol,DCT,2764.0,13.69,43613.02,4426,1466.87,Middle East
VH04062,Ford,Explorer,2014,Sedan,Electric,AMT,0.0,5.08,34032.25,2811,1744.76,Middle East
VH01803,Ram,1500,2007,Van,LPG,AMT,2759.0,,24445.09,3520,1317.92,Europe
VH04737,Nissan,Altima,2022,Van,Hybrid,Manual,3082.0,25.46,26845.24,739,522.65,South Asia
VH00808,Jeep,Gladiator,2009,SUV,Hybrid,Automatic,4320.0,16.74,27978.98,2378,1547.5,Middle East
VH02386,Subaru,WRX,2009,Hatchback,Electric,Automatic,0.0,13.55,34530.39,3105,1629.51,Europe
VH01960,Nissan,Altima,2014,Coupe,Electric,Automatic,0.0,7.74,35357.34,3767,1660.17,Middle East
VH02977,Volkswagen,Atlas,2015,Convertible,CNG,CVT,1847.0,13.98,26029.01,4327,,South Asia
VH00489,Volvo,S60,2020,Van,LPG,Manual,2398.0,14.09,46169.27,2417,1686.53,Africa
VH01844,Hyundai,Tucson,2009,Wagon,Electric,Automatic,0.0,13.52,26269.44,620,1277.09,North America
VH01735,  Ram  ,2500,2018,Truck, LPG ,CVT,3054.0,11.17,27696.35,1672,1043.63,Latin America
VH02912,Audi,Q7,2012,Van,CNG,Manual,2815.0,12.34,47388.18,4222,2117.04,South Asia
VH03220,Ford,F-150,2020,Sedan,CNG,DCT,2306.0,13.26,20985.34,4821,795.32,Latin America
VH00147,Ford,Escape,2020,SUV,Petrol,AMT,4486.0,11.59,21108.43,2245,727.28,Latin America
VH01987,Chevrolet,Colorado,2012,Sedan,Electric,Manual,0.0,6.84,30874.55,2736,1808.7,South Asia
VH01370,BMW,X5,2012,Wagon,CNG,Automatic,1349.0,17.53,47689.26,2737,2715.42,North America
VH02812,Ford,Explorer,2013,Sedan,Hybrid,Automatic,1028.0,28.12,29269.67,4375,1639.49,Middle East
VH00660,BMW,X3,2020,Coupe,Electric,Manual,0.0,8.22,,2359,1325.78,Europe
VH01795,Lexus,ES,2011,Hatchback,Electric,DCT,0.0,9.79,42337.77,3323,1699.44,Middle East
VH02512,Volkswagen,Passat,2005,Wagon,Electric,Manual,0.0,6.17,28882.05,2041,1317.91,Europe
VH03398,Subaru,Outback,2009,Convertible,CNG,DCT,,15.19,30560.42,3992,1590.24,North America
VH04283,Mazda,Mazda3,2014,Truck,Electric,Manual,0.0,8.62,35329.15,602,923.4,Europe
VH01148,Audi,A6,2018,SUV,Hybrid,AMT,4428.0,18.44,44254.56,3753,1579.95,Europe
VH03273,Toyota,Tacoma,2006,Truck,Diesel,,,12.98,31735.09,3050,1323.58,North America
VH00609,Mazda,Mazda6,2022,Truck,Petrol,AMT,3803.0,15.71,37004.73,852,1027.47,Africa
VH03583,Lexus,LS,2024,Hatchback,CNG,DCT,1520.0,19.08,40825.61,3414,1163.11,Middle East
VH01931,Toyota,Tacoma,2018,Wagon,CNG,AMT,3415.0,19.45,24651.94,1112,1052.56,Asia Pacific
VH00198,Nissan,Pathfinder,2015,Coupe,Hybrid,CVT,2169.0,18.93,28982.71,1814,1263.39,Latin America
VH02932,Mercedes-Benz,GLE,1890,Convertible,Hybrid,Manual,2478.0,34.22,60235.49,128,3184.82,Middle East
VH02328,Tesla,Model S,2020,SUV,Electric,Manual,0.0,9.98,72125.53,3201,2564.24,Europe
VH04390,Hyundai,Palisade,2008,SUV,Petrol,DCT,3244.0,15.2,27800.96,1481,1250.86,Europe
VH00767,Hyundai,Tucson,2012,Coupe,Electric,CVT,0.0,10.06,25388.06,1259,1145.97,South Asia
VH04497,Toyota,Tacoma,2007,Sedan,Electric,AMT,0.0,5.04,-29620.91,222,,Latin America
VH04219,Land Rover,Defender,2008,SUV,LPG,CVT,4369.0,12.63,40099.2,2941,2019.53,Middle East
VH03256,Toyota,Prius,2006,Sedan,LPG,Automatic,3202.0,11.71,20547.79,1572,1260.64,North America
VH00203,Subaru,Legacy,2024,Coupe,LPG,CVT,2683.0,10.0,24376.41,2478,707.05,North America
VH03511,BMW,X5,2008,Van,petrol,Manual,3127.0,16.16,45734.21,1201,2250.84,Europe
VH01734,Mazda,CX-30,2012,Convertible,Petrol,DCT,1664.0,15.2,26669.88,3915,1167.43,Europe
VH02778,Nissan,Frontier,2009,Sedan,CNG,AMT,1474.0,12.77,19179.25,1508,1017.88,North America
VH01708,Ford,Explorer,2006,Sedan,,CVT,2855.0,28.36,26408.14,1382,1741.95,Latin America
VH03475,Ford,Edge,2018,Sedan,LPG,DCT,1367.0,12.16,25060.88,1517,1182.33,South Asia
VH00855,Kia,Carnival,2008,Truck,CNG,Seq,2686.0,18.66,27463.93,788,1637.97,Asia Pacific
VH04738,Toyota,RAV4,2023,Sedan,Diesel,AMT,2019.0,16.64,24271.63,4848,712.86,Latin America
VH04098,Volkswagen,Passat,2022,Truck,Diesel,Manual,2877.0,23.6,35099.77,1756,1486.28,Latin America
VH02161,Kia,Soul,2019,SUV,Petrol,DCT,2019.0,10.7,22451.65,3504,710.89,Asia Pacific
VH00699,Lexus,GX,2017,SUV,Hybrid,Manual,1582.0,21.04,53823.5,4689,1906.87,Europe
VH01748,Jeep,Gladiator,2015,SUV,Petrol,Manual,2769.0,,25710.79,3565,1243.68,Africa
VH03000,Porsche,Macan,2005,SUV,Electric,Manual,0.0,11.34,63517.51,3370,3593.25,Africa
VH03697,Ram,ProMaster,2023,Van,Petrol,Automatic,2667.0,14.03,26238.26,4920,573.91,North America
VH01637,Jeep,Renegade,2018,SUV,Electric,Automatic,0.0,14.08,35059.57,1051,1439.41,South Asia
VH03458,Lexus,NX,2014,Van,CNG,Manual,2140.0,17.43,45929.22,2345,2026.08,Latin America
VH03582,Mercedes-Benz,E-Class,2017,SUV,,CVT,1580.0,16.52,46736.71,4387,1861.81,Middle East
VH01292,Subaru,Impreza,2024,Wagon,Hybrid,AMT,2894.0,30.19,28156.28,1913,904.58,Middle East
VH04660,Volkswagen,Tiguan,2019,Van,CNG,AMT,2242.0,15.3,19634.09,2964,653.38,Middle East
VH01854,Chevrolet,Tahoe,2015,Sedan,Diesel,DCT,,11.25,27285.04,2097,1262.68,South Asia
VH03764,Volkswagen,Jetta,2018,Coupe,Diesel,CVT,2859.0,13.64,28211.4,2968,1196.11,Africa
VH03305,Tesla,Model Y,2020,SUV,LPG,CVT,,16.08,38354.79,726,1310.7,Africa
VH04992,Mercedes-Benz,AMG GT,2023,Sedan,Petrol,AMT,3429.0,17.11,43474.72,1341,1440.07,Africa
VH03744,Honda,CR-V,2020,Sedan,,,2990.0,8.95,20474.88,1892,703.37,Middle East
VH03446,Nissan,Murano,2016,Convertible,Hybrid,,2320.0,32.51,26302.45,1491,940.71,Europe
VH01999,Kia,Telluride,2021,Hatchback,,,0.0,7.35,24028.42,1337,978.49,Latin America
VH00664,Hyundai,Palisade,2020,Sedan,LPG,AMT,2171.0,13.66,20969.01,4567,,South Asia
VH04780,VOLVO,XC60,2013,Convertible,diesel,Manual,1775.0,16.36,56860.87,930,2929.61,Africa
VH03749,Ford,Escape,2020,Sedan,Electric,Automatic,0.0,6.58,33103.53,1970,1117.86,North America
VH04414,Toyota,RAV4,2010,Hatchback,Petrol,Manual,2598.0,19.14,26295.37,1573,1384.55,North America
VH04745,Land Rover,Range Rover,2020,SUV,Petrol,AMT,3913.0,17.97,51561.67,2164,1841.07,Latin America
VH00710,Kia,Carnival,2011,Van,Diesel,AMT,3248.0,23.74,30007.82,285,1226.54,Middle East
VH01283,Ford,Escape,2020,Sedan,Electric,AMT,0.0,14.83,28078.35,3204,1069.57,North America
VH02676,Land Rover,Defender,2024,SUV,CNG,Automatic,3785.0,18.99,,3708,1499.06,North America
VH04030,Mazda,MX-5 Miata,2017,Coupe,LPG,CVT,1762.0,,20517.37,136,1123.04,Middle East
VH01307,Hyundai,Santa Fe,2009,Sedan,LPG,CVT,1785.0,,20477.62,2051,795.46,Asia Pacific
VH02238,Nissan,Altima,2015,Sedan,Diesel,,2673.0,24.77,22466.28,471,1008.64,Latin America
VH03303,Toyota,Camry,2023,SUV,,DCT,0.0,,26746.86,4761,699.29,North America
VH02039,Volkswagen,Atlas,2005,Truck,CNG,DCT,4527.0,20.2,25783.69,1332,1327.69,Europe
VH01530,BMW,M3,2008,Sedan,Hybrid,DCT,,28.16,44528.02,4846,2009.99,Africa
VH01664,Nissan,Altima,2012,Hatchback,CNG,CVT,,,21481.1,3536,986.29,Africa
VH04312,Mazda,Mazda3,2023,Sedan,CNG,Automatic,2020.0,18.23,30013.69,3174,860.82,South Asia
VH01112,Land Rover,Range Rover,2018,SUV,CNG,CVT,,14.28,39600.71,3092,1292.49,Asia Pacific
VH03628,BMW,3 Series,2014,Wagon,Petrol,DCT,3360.0,9.66,-51586.3,142,2000.38,Latin America
VH04892,Tesla,Model Y,2021,Sedan,Diesel,Manual,1059.0,10.49,41050.85,4953,1505.31,Middle East
VH02694,,Crosstrek,2017,Truck,Hybrid,Automatic,4772.0,16.5,29203.43,1769,1007.82,Africa
VH03061,Jeep,Compass,2008,SUV,Electric,CVT,0.0,13.55,35073.1,1304,1866.45,North America
VH01598,Toyota,Highlander,2009,Coupe,LPG,Manual,1727.0,17.98,26658.77,4008,1788.15,North America
VH02730,Ram,1500,2007,Truck,CNG,Automatic,6128.0,12.23,27447.63,4632,1148.11,Africa
VH02626,Hyundai,Tucson,2015,Sedan,Electric,Manual,0.0,13.13,32506.16,3168,1657.87,North America
VH03158,Toyota,Tacoma,2020,Convertible,Petrol,CVT,2153.0,12.74,27595.02,2648,925.89,Latin America
VH03315,Lexus,IS,2019,Van,LPG,Automatic,3185.0,10.01,45468.33,2367,1672.21,Africa
VH01723,Toyota,Prius,2009,Coupe,,DCT,3278.0,24.59,21450.67,3300,1381.01,Asia Pacific
VH01060,Subaru,WRX,2022,Convertible,Electric,CVT,0.0,10.9,35185.38,1724,1151.7,Europe
VH04637,Hyundai,Sonata,2022,Hatchback,LPG,CVT,1838.0,17.64,22331.9,711,726.1,Asia Pacific
VH03243,Volkswagen,ID.4,2012,Sedan,Diesel,DCT,2934.0,19.86,26409.6,3052,1344.14,Asia Pacific
VH01679,Ford,Explorer,2023,Sedan,CNG,AMT,1657.0,17.5,24217.06,4582,694.32,Latin America
VH01758,Mazda,Mazda6,2011,Wagon,Hybrid,DCT,2509.0,21.75,27578.31,1279,750.47,Middle East
VH04192,Subaru,Crosstrek,2007,Convertible,LPG,AMT,1304.0,11.05,26559.39,2734,1419.43,Asia Pacific
VH00564,Subaru,Crosstrek,2014,Wagon,Electric,AMT,0.0,7.77,,4146,1475.78,North America
VH02791,Kia,Sorento,2007,Van,Diesel,DCT,3456.0,20.72,,4743,1559.83,North America
VH00864,Mazda,Mazda6,2017,Coupe,Diesel,DCT,1935.0,20.58,21652.9,3662,818.52,Middle East
VH01485,Mercedes-Benz,C-Class,2023,Coupe,Hybrid,,1612.0,20.34,49967.48,1698,1568.85,Latin America
VH00207,BMW,M3,2017,Sedan,Electric,DCT,0.0,6.65,56510.42,2272,2648.91,North America
VH04489,Subaru,Forester,2011,Hatchback,Diesel,Manual,1867.0,12.38,21474.26,3388,,North America
VH00871,Audi,A4,2013,Coupe,LPG,CVT,1388.0,9.18,41427.84,4765,2373.91,Middle East
VH04494,Volvo,XC40,2021,Coupe,LPG,Manual,2809.0,14.66,40936.77,706,1335.5,Middle East
VH00503,Porsche,Taycan,2013,Coupe,LPG,DCT,3190.0,10.23,41472.44,4694,2087.27,Europe
VH01029,Mazda,MX-5 Miata,2013,Hatchback,LPG,Automatic,3121.0,10.72,19041.2,4585,1003.2,Latin America
VH03841,Audi,A4,2009,Van,Electric,DCT,0.0,14.45,69601.82,820,3900.83,Europe
VH02691,Volvo,S60,2015,Truck,Hybrid,AMT,3197.0,33.76,60781.67,4038,2610.06,Latin America
VH01571,Subaru,Outback,2005,Sedan,Hybrid,DCT,3225.0,24.09,23743.73,596,1392.01,Middle East
VH02774,BMW,M3,2005,SUV,hybrid,AMT,2333.0,33.43,40369.46,1058,2522.99,Middle East
VH02732,Lexus,NX,2014,SUV,Hybrid,Manual,3697.0,27.25,54923.9,1383,3252.19,Middle East
VH00805,Subaru,WRX,2010,Truck,LPG,Manual,3073.0,15.89,28645.56,369,1407.56,Middle East
VH03646,Ram,ProMaster,2006,Van,LPG,DCT,3302.0,9.39,27405.66,4796,1512.87,Asia Pacific
VH02455,Toyota,Tacoma,2022,Van,Petrol,Manual,2461.0,9.49,25050.83,3132,827.49,Europe
VH04599,Audi,e-tron,2017,Convertible,Petrol,CVT,,11.4,52753.47,4319,1882.01,Middle East
VH03105,Volkswagen,Passat,2013,Van,Hybrid,Automatic,2398.0,30.78,27246.33,3690,1168.71,Asia Pacific
VH04876,Volvo,XC40,2024,Truck,Electric,Manual,0.0,11.29,66585.49,3945,1626.46,South Asia
VH00201,Jeep,Gladiator,2022,SUV,Hybrid,CVT,3173.0,18.72,28772.79,1011,866.2,Europe
VH03100,Volvo,V60,2006,Wagon,Petrol,Manual,3323.0,16.03,45038.24,3464,2705.07,North America
VH02279,Audi,A3,2014,Convertible,Electric,DCT,0.0,5.44,76897.64,2216,4493.68,Latin America
VH03562,Volvo,XC90,2018,Coupe,CNG,Automatic,2217.0,12.89,49579.47,4658,2709.89,Asia Pacific
VH04475,Land Rover,Discovery,2019,SUV,Hybrid,Manual,4845.0,19.49,56502.52,3708,2101.08,Africa
VH04515,Nissan,Sentra,2010,Convertible,Petrol,CVT,3082.0,,25679.36,2841,,North America
VH00392,Lexus,IS,2011,Wagon,LPG,Automatic,3396.0,15.39,43411.41,1858,2225.2,Latin America
VH01496,Chevrolet,Malibu,2020,SUV,CNG,Automatic,4321.0,16.77,30047.23,4434,1536.03,Africa
VH02696,Honda,Accord,2006,Truck,LPG,CVT,4192.0,17.6,24830.18,3755,1289.59,North America
VH02028,Hyundai,Tucson,2016,Truck,Petrol,CVT,5832.0,14.73,22601.15,1475,710.88,South Asia
VH02569,Mazda,Mazda3,2013,Van,Electric,Manual,0.0,5.26,31733.5,1406,1454.83,South Asia
VH00065,Honda,Civic,2021,Van,Electric,Automatic,0.0,14.25,25943.19,4186,956.05,North America
VH03885,Volvo,XC40,2010,Hatchback,Diesel,Manual,1317.0,15.64,39577.94,2724,1554.79,South Asia
VH02063,Toyota,Prius,2023,Truck,Petrol,AMT,4424.0,11.1,21318.6,1094,708.46,Latin America
VH00493,Chevrolet,Tahoe,2023,SUV,Diesel,CVT,2736.0,20.82,26469.38,2820,715.89,Middle East
VH00380,Subaru,Impreza,2015,Convertible,Diesel,Manual,3144.0,21.8,27612.71,1976,1430.49,Middle East
VH04860,Hyundai,Palisade,2024,Coupe,Electric,Manual,0.0,6.02,21995.47,4027,,Latin America
VH03994,Ford,Edge,2012,Sedan,Diesel,Automatic,3240.0,13.49,23256.44,55,1055.47,Asia Pacific
VH04888,Tesla,Cybertruck,2011,Sedan,CNG,AMT,2885.0,19.81,38779.83,3658,1254.3,Asia Pacific
VH01077,Nissan,Altima,2021,Van,Petrol,,1828.0,11.29,30410.87,2511,1174.9,South Asia
VH00879,BMW,X5,2015,Wagon,Hybrid,Manual,3033.0,22.73,49213.3,4328,2035.11,Middle East
VH00338,Mazda,MX-5 Miata,2016,Sedan,CNG,Manual,2062.0,20.12,23864.73,229,797.81,Latin America
VH01017,PORSCHE,911,2013,Convertible,hybrid,DCT,3318.0,29.67,60531.67,4253,2214.46,North America
VH01276,Honda,Pilot,2021,Sedan,Hybrid,AMT,,22.46,28613.73,3736,1093.58,South Asia
VH03799,Ram,ProMaster,2014,Truck,Electric,CVT,0.0,,36072.81,4229,1390.63,North America
VH04552,Volkswagen,ID.4,2016,Convertible,Petrol,Automatic,3475.0,18.94,20791.06,1223,830.36,Middle East
VH03343,  BMW  ,X5,2018,Van, Petrol ,DCT,1818.0,15.71,47818.53,2101,1920.32,Europe
VH04912,Kia,Telluride,2009,Sedan,LPG,Automatic,2606.0,9.17,23813.3,143,1529.19,Africa
VH00996,Audi,A3,2005,Convertible,Hybrid,Manual,3011.0,31.63,43656.53,4510,3257.6,North America
VH01982,Jeep,Grand Cherokee,2015,SUV,Hybrid,Manual,1815.0,26.36,29576.31,1740,1321.5,Latin America
VH04298,Nissan,Pathfinder,2009,SUV,CNG,Automatic,4718.0,19.55,21632.4,726,,Middle East
VH00162,Audi,A3,2019,Coupe,Petrol,Automatic,1257.0,8.49,34093.58,2861,1103.0,Europe
VH04799,Subaru,Outback,2005,Hatchback,Hybrid,Automatic,2790.0,23.16,22063.48,4842,,Asia Pacific
VH01501,Land Rover,Range Rover,2022,SUV,Hybrid,AMT,3103.0,24.02,58425.26,2378,1988.67,North America
VH03844,BMW,7 Series,2007,Hatchback,Diesel,Automatic,1158.0,20.43,47374.23,713,3317.38,Latin America
VH02614,BMW,X3,2016,Convertible,Electric,Automatic,0.0,10.83,74322.94,1702,3357.28,South Asia
VH03462,Ram,ProMaster,2015,Van,LPG,DCT,3422.0,11.82,27790.18,3078,1399.58,Europe
VH01022,Mazda,MX-5 Miata,2014,Coupe,Electric,DCT,0.0,7.75,24314.39,1030,926.7,South Asia
VH03074,Land Rover,Evoque,2024,SUV,CNG,CVT,2166.0,15.31,50075.11,3325,1070.38,Asia Pacific
VH03944,Tesla,Model 3,2021,Sedan,LPG,Automatic,3363.0,10.28,37266.89,4938,938.59,Europe
VH01586,Chevrolet,Silverado,2018,Truck,Electric,DCT,0.0,8.04,34308.3,1248,1130.6,Latin America
VH01956,Honda,Civic,2016,Coupe,Petrol,AMT,1140.0,14.38,24307.59,2304,729.51,Africa
VH03153,Audi,Q7,2011,Van,Petrol,AMT,2618.0,17.98,48471.89,4755,2853.67,Africa
VH00035,Lexus,GX,2015,SUV,Diesel,Manual,1990.0,18.31,41530.0,3330,1791.98,North America
VH04015,BMW,M3,2005,Van,Hybrid,CVT,2394.0,19.8,48323.22,3861,2147.16,Africa
VH00776,Tesla,Model 3,2010,SUV,Hybrid,Automatic,2648.0,31.43,44797.92,4064,2281.86,North America
VH02557,Kia,Carnival,2010,Wagon,Petrol,Manual,2039.0,16.43,24220.76,2272,990.97,South Asia
VH01479,Tesla,Model Y,2018,SUV,,Automatic,2389.0,18.93,52468.69,1537,2427.54,Asia Pacific
VH01364,Audi,A4,2013,Wagon,Petrol,AMT,1032.0,,42087.99,614,1951.19,Europe
VH02613,Ram,1500,2015,Truck,Hybrid,DCT,2783.0,23.1,23267.55,690,1151.01,South Asia
VH02825,FORD,Mustang,2013,Sedan,diesel,Automatic,0.0,14.94,23994.08,2097,1125.88,Africa
VH02042,BMW,M3,2012,Wagon,LPG,DCT,1673.0,11.83,41773.71,4851,2221.71,South Asia
VH00242,Jeep,Cherokee,2024,SUV,Electric,Manual,0.0,13.43,36179.74,4620,883.22,Latin America
VH02062,Audi,A6,2019,SUV,Petrol,Automatic,2845.0,15.91,37552.4,3772,1282.11,South Asia
VH02364,Toyota,Highlander,2022,Hatchback,Hybrid,CVT,2631.0,17.19,25224.94,666,894.13,South Asia
VH00601,Mercedes-Benz,AMG GT,2014,Sedan,,DCT,2417.0,15.98,36721.89,2237,1484.18,Asia Pacific
VH02436,Audi,e-tron,2020,SUV,Diesel,CVT,4297.0,17.6,54738.25,1210,2293.33,Asia Pacific
VH02889,Hyundai,Palisade,2014,Hatchback,Petrol,CVT,1429.0,18.82,19255.87,3689,919.78,Asia Pacific
VH00647,Mazda,CX-5,2010,Truck,Petrol,CVT,3722.0,8.01,26903.37,2646,1071.08,Middle East
VH03891,Volvo,S60,2017,Convertible,Diesel,Manual,3260.0,17.91,69469.06,2925,2834.54,Asia Pacific
VH03557,Tesla,Model 3,2013,Sedan,Petrol,CVT,,9.16,55571.57,3268,,South Asia
VH03203,Nissan,Pathfinder,2018,Truck,Petrol,Manual,4083.0,13.41,33540.48,3493,1283.43,Latin America
VH01529,Subaru,Outback,2019,Coupe,Diesel,AMT,2254.0,12.88,27880.21,2928,785.02,Middle East
VH01268,Mercedes-Benz,C-Class,2020,Sedan,Electric,Manual,0.0,8.76,45847.76,4121,1549.68,North America
VH01900,Lexus,RX,2012,Hatchback,Petrol,CVT,2719.0,12.33,34767.59,2613,1583.19,South Asia
VH04659,Ford,Escape,2018,Sedan,CNG,DCT,1269.0,16.7,20381.64,4962,760.36,Europe
VH03006,Land Rover,Range Rover,2006,SUV,LPG,DCT,1727.0,17.24,44548.21,2430,3264.89,Asia Pacific
VH02735,Audi,A6,2007,Convertible,Diesel,Manual,,23.96,53565.53,2802,3115.06,Africa
VH00190,Ford,Explorer,2012,Sedan,CNG,DCT,2171.0,21.62,22378.46,747,1305.83,Asia Pacific
VH01807,BMW,M3,2015,Truck,CNG,DCT,5836.0,19.51,47781.53,1967,2398.88,North America
VH00976,Kia,Sportage,2021,Wagon,CNG,DCT,1044.0,17.69,21758.34,624,632.59,Asia Pacific
VH02748,Honda,Accord,2009,SUV,Hybrid,Manual,1886.0,28.48,40640.02,3827,2183.47,Europe
VH02048,Toyota,Tacoma,2022,Van,Petrol,DCT,2980.0,15.32,27944.03,1286,892.35,Latin America
VH02559,Ford,Escape,2007,Sedan,Electric,Automatic,0.0,12.87,29871.04,3788,1764.62,Africa
VH01083,BMW,X5,2024,Wagon,Petrol,Manual,2351.0,14.63,35916.26,2248,1194.72,Middle East
VH00475,Toyota,Tacoma,2020,Van,,Automatic,2102.0,15.36,26148.14,368,913.66,Middle East
VH02905,Kia,Telluride,2010,Sedan,Hybrid,AMT,2691.0,23.92,23954.43,392,1181.59,Latin America
VH04844,Lexus,GX,2010,Van,Petrol,AMT,3161.0,15.1,53818.7,2395,1918.66,Africa
VH04118,Volvo,XC40,2014,Wagon,Electric,DCT,0.0,14.02,55802.9,598,2694.9,Asia Pacific
VH03386,Hyundai,Palisade,2017,SUV,N/A,AMT,3228.0,15.49,26317.43,3719,1131.13,Middle East
VH04556,Jeep,Wrangler,2013,SUV,LPG,AMT,2682.0,10.01,27552.84,4096,1361.82,Asia Pacific
VH01185,Land Rover,Defender,2013,SUV,Hybrid,Automatic,2836.0,30.13,63299.0,4646,,Latin America
VH01290,Porsche,Boxster,2022,Coupe,LPG,Manual,2969.0,,46418.41,2534,,Asia Pacific
VH02434,Porsche,Cayenne,2023,SUV,LPG,Automatic,4036.0,15.98,46370.68,635,1569.06,Latin America
VH02392,Tesla,Model S,2017,Sedan,Petrol,Manual,1839.0,11.22,42107.4,677,1891.94,Europe
VH00770,Ford,Explorer,2010,SUV,Diesel,Automatic,4512.0,15.13,28069.85,549,1469.7,South Asia
VH01686,Volkswagen,Atlas,2006,Hatchback,CNG,AMT,2194.0,17.12,27772.17,3582,1496.32,Africa
VH00131,Audi,A6,2017,Wagon,Diesel,CVT,1021.0,12.87,47271.69,1695,1727.0,Africa
VH02920,Hyundai,Tucson,2017,SUV,Petrol,,2899.0,13.44,32860.65,4429,1363.76,South Asia
VH03172,Volvo,S60,2005,Coupe,Petrol,DCT,1627.0,17.51,-46819.73,136,,Africa
VH03445,Mercedes-Benz,GLC,2022,Sedan,Electric,CVT,0.0,13.97,60263.47,3500,1820.96,Europe
VH04427,Mercedes-Benz,GLE,2022,Coupe,Hybrid,CVT,2886.0,15.63,54982.27,111,1883.37,Africa
VH00467,Mercedes-Benz,E-Class,2015,Convertible,Diesel,DCT,1566.0,14.52,50399.44,933,2229.78,Middle East
VH03093,Land Rover,Evoque,2010,SUV,Electric,Automatic,0.0,12.21,62552.9,4929,2701.13,South Asia
VH03773,Lexus,GX,2013,SUV,CNG,Automatic,,18.89,47287.93,1998,1785.63,Europe
VH00861,FORD,Bronco,2013,Truck,petrol,AMT,4797.0,12.96,22999.69,1428,952.87,Latin America
